# Walid warehouse
mtllib walid_warehouse.mtl
usemtl c_139_142_140
v 0 0 0
v 0 0 3.91
v 0 12.38 3.91
v 0 12.38 0
f 1 2 3
f 1 3 4
v 15.42 0 0
v 15.42 12.38 0
v 15.42 12.38 3.91
v 15.42 0 3.91
f 5 6 7
f 5 7 8
v 0 0 0
v 15.42 0 0
v 15.42 0 3.91
v 0 0 3.91
f 9 10 11
f 9 11 12
v 0 12.38 0
v 0 12.38 3.91
v 15.42 12.38 3.91
v 15.42 12.38 0
f 13 14 15
f 13 15 16
v 0 0 0
v 0 12.38 0
v 15.42 12.38 0
v 15.42 0 0
f 17 18 19
f 17 19 20
v 0 0 3.91
v 15.42 0 3.91
v 15.42 12.38 3.91
v 0 12.38 3.91
f 21 22 23
f 21 23 24
usemtl c_36_40_46
v 0 0 3.91
v 0 0 4.26
v 0 12.38 4.26
v 0 12.38 3.91
f 25 26 27
f 25 27 28
v 15.42 0 3.91
v 15.42 12.38 3.91
v 15.42 12.38 4.26
v 15.42 0 4.26
f 29 30 31
f 29 31 32
v 0 0 3.91
v 15.42 0 3.91
v 15.42 0 4.26
v 0 0 4.26
f 33 34 35
f 33 35 36
v 0 12.38 3.91
v 0 12.38 4.26
v 15.42 12.38 4.26
v 15.42 12.38 3.91
f 37 38 39
f 37 39 40
v 0 0 3.91
v 0 12.38 3.91
v 15.42 12.38 3.91
v 15.42 0 3.91
f 41 42 43
f 41 43 44
v 0 0 4.26
v 15.42 0 4.26
v 15.42 12.38 4.26
v 0 12.38 4.26
f 45 46 47
f 45 47 48
usemtl c_48_52_59
v 0 0 4.26
v 0 0 7.01
v 0 12.38 7.01
v 0 12.38 4.26
f 49 50 51
f 49 51 52
v 15.42 0 4.26
v 15.42 12.38 4.26
v 15.42 12.38 7.01
v 15.42 0 7.01
f 53 54 55
f 53 55 56
v 0 0 4.26
v 15.42 0 4.26
v 15.42 0 7.01
v 0 0 7.01
f 57 58 59
f 57 59 60
v 0 12.38 4.26
v 0 12.38 7.01
v 15.42 12.38 7.01
v 15.42 12.38 4.26
f 61 62 63
f 61 63 64
v 0 0 4.26
v 0 12.38 4.26
v 15.42 12.38 4.26
v 15.42 0 4.26
f 65 66 67
f 65 67 68
v 0 0 7.01
v 15.42 0 7.01
v 15.42 12.38 7.01
v 0 12.38 7.01
f 69 70 71
f 69 71 72
usemtl c_48_52_59
v 0 0 7.01
v 15.42 0 7.01
v 7.71 0 9.12
f 73 74 75
v 7.71 12.38 9.12
v 15.42 12.38 7.01
v 0 12.38 7.01
f 76 77 78
v 0 0 7.01
v 15.42 0 7.01
v 15.42 12.38 7.01
v 0 12.38 7.01
f 79 80 81
f 79 81 82
v 15.42 0 7.01
v 7.71 0 9.12
v 7.71 12.38 9.12
v 15.42 12.38 7.01
f 83 84 85
f 83 85 86
v 7.71 0 9.12
v 0 0 7.01
v 0 12.38 7.01
v 7.71 12.38 9.12
f 87 88 89
f 87 89 90
usemtl c_48_52_59
v 0 -0.055 4.26
v 0 -0.055 7.01
v 0 0 7.01
v 0 0 4.26
f 91 92 93
f 91 93 94
v 15.42 -0.055 4.26
v 15.42 0 4.26
v 15.42 0 7.01
v 15.42 -0.055 7.01
f 95 96 97
f 95 97 98
v 0 -0.055 4.26
v 15.42 -0.055 4.26
v 15.42 -0.055 7.01
v 0 -0.055 7.01
f 99 100 101
f 99 101 102
v 0 0 4.26
v 0 0 7.01
v 15.42 0 7.01
v 15.42 0 4.26
f 103 104 105
f 103 105 106
v 0 -0.055 4.26
v 0 0 4.26
v 15.42 0 4.26
v 15.42 -0.055 4.26
f 107 108 109
f 107 109 110
v 0 -0.055 7.01
v 15.42 -0.055 7.01
v 15.42 0 7.01
v 0 0 7.01
f 111 112 113
f 111 113 114
usemtl c_48_52_59
v 0 12.38 0
v 0 12.38 7.01
v 0 12.435 7.01
v 0 12.435 0
f 115 116 117
f 115 117 118
v 15.42 12.38 0
v 15.42 12.435 0
v 15.42 12.435 7.01
v 15.42 12.38 7.01
f 119 120 121
f 119 121 122
v 0 12.38 0
v 15.42 12.38 0
v 15.42 12.38 7.01
v 0 12.38 7.01
f 123 124 125
f 123 125 126
v 0 12.435 0
v 0 12.435 7.01
v 15.42 12.435 7.01
v 15.42 12.435 0
f 127 128 129
f 127 129 130
v 0 12.38 0
v 0 12.435 0
v 15.42 12.435 0
v 15.42 12.38 0
f 131 132 133
f 131 133 134
v 0 12.38 7.01
v 15.42 12.38 7.01
v 15.42 12.435 7.01
v 0 12.435 7.01
f 135 136 137
f 135 137 138
usemtl c_48_52_59
v -0.055 0 0
v -0.055 0 7.01
v -0.055 12.38 7.01
v -0.055 12.38 0
f 139 140 141
f 139 141 142
v 0 0 0
v 0 12.38 0
v 0 12.38 7.01
v 0 0 7.01
f 143 144 145
f 143 145 146
v -0.055 0 0
v 0 0 0
v 0 0 7.01
v -0.055 0 7.01
f 147 148 149
f 147 149 150
v -0.055 12.38 0
v -0.055 12.38 7.01
v 0 12.38 7.01
v 0 12.38 0
f 151 152 153
f 151 153 154
v -0.055 0 0
v -0.055 12.38 0
v 0 12.38 0
v 0 0 0
f 155 156 157
f 155 157 158
v -0.055 0 7.01
v 0 0 7.01
v 0 12.38 7.01
v -0.055 12.38 7.01
f 159 160 161
f 159 161 162
usemtl c_48_52_59
v 15.42 0 0
v 15.42 0 7.01
v 15.42 12.38 7.01
v 15.42 12.38 0
f 163 164 165
f 163 165 166
v 15.475 0 0
v 15.475 12.38 0
v 15.475 12.38 7.01
v 15.475 0 7.01
f 167 168 169
f 167 169 170
v 15.42 0 0
v 15.475 0 0
v 15.475 0 7.01
v 15.42 0 7.01
f 171 172 173
f 171 173 174
v 15.42 12.38 0
v 15.42 12.38 7.01
v 15.475 12.38 7.01
v 15.475 12.38 0
f 175 176 177
f 175 177 178
v 15.42 0 0
v 15.42 12.38 0
v 15.475 12.38 0
v 15.475 0 0
f 179 180 181
f 179 181 182
v 15.42 0 7.01
v 15.475 0 7.01
v 15.475 12.38 7.01
v 15.42 12.38 7.01
f 183 184 185
f 183 185 186
usemtl c_36_40_46
v -0.65 -0.65 7.01
v 7.71 -0.65 9.12
v 7.71 -0.65 9.26
v -0.65 -0.65 7.1499999999999995
f 187 188 189
f 187 189 190
v -0.65 13.030000000000001 7.1499999999999995
v 7.71 13.030000000000001 9.26
v 7.71 13.030000000000001 9.12
v -0.65 13.030000000000001 7.01
f 191 192 193
f 191 193 194
v -0.65 -0.65 7.01
v 7.71 -0.65 9.12
v 7.71 13.030000000000001 9.12
v -0.65 13.030000000000001 7.01
f 195 196 197
f 195 197 198
v 7.71 -0.65 9.12
v 7.71 -0.65 9.26
v 7.71 13.030000000000001 9.26
v 7.71 13.030000000000001 9.12
f 199 200 201
f 199 201 202
v 7.71 -0.65 9.26
v -0.65 -0.65 7.1499999999999995
v -0.65 13.030000000000001 7.1499999999999995
v 7.71 13.030000000000001 9.26
f 203 204 205
f 203 205 206
v -0.65 -0.65 7.1499999999999995
v -0.65 -0.65 7.01
v -0.65 13.030000000000001 7.01
v -0.65 13.030000000000001 7.1499999999999995
f 207 208 209
f 207 209 210
usemtl c_36_40_46
v 7.71 -0.65 9.12
v 16.07 -0.65 7.01
v 16.07 -0.65 7.1499999999999995
v 7.71 -0.65 9.26
f 211 212 213
f 211 213 214
v 7.71 13.030000000000001 9.26
v 16.07 13.030000000000001 7.1499999999999995
v 16.07 13.030000000000001 7.01
v 7.71 13.030000000000001 9.12
f 215 216 217
f 215 217 218
v 7.71 -0.65 9.12
v 16.07 -0.65 7.01
v 16.07 13.030000000000001 7.01
v 7.71 13.030000000000001 9.12
f 219 220 221
f 219 221 222
v 16.07 -0.65 7.01
v 16.07 -0.65 7.1499999999999995
v 16.07 13.030000000000001 7.1499999999999995
v 16.07 13.030000000000001 7.01
f 223 224 225
f 223 225 226
v 16.07 -0.65 7.1499999999999995
v 7.71 -0.65 9.26
v 7.71 13.030000000000001 9.26
v 16.07 13.030000000000001 7.1499999999999995
f 227 228 229
f 227 229 230
v 7.71 -0.65 9.26
v 7.71 -0.65 9.12
v 7.71 13.030000000000001 9.12
v 7.71 13.030000000000001 9.26
f 231 232 233
f 231 233 234
usemtl c_168_111_61
v 4.0249999999999995 -0.0965 4.26
v 4.0249999999999995 -0.0965 6.92
v 4.0249999999999995 -0.0295 6.92
v 4.0249999999999995 -0.0295 4.26
f 235 236 237
f 235 237 238
v 12.875 -0.0965 4.26
v 12.875 -0.0295 4.26
v 12.875 -0.0295 6.92
v 12.875 -0.0965 6.92
f 239 240 241
f 239 241 242
v 4.0249999999999995 -0.0965 4.26
v 12.875 -0.0965 4.26
v 12.875 -0.0965 6.92
v 4.0249999999999995 -0.0965 6.92
f 243 244 245
f 243 245 246
v 4.0249999999999995 -0.0295 4.26
v 4.0249999999999995 -0.0295 6.92
v 12.875 -0.0295 6.92
v 12.875 -0.0295 4.26
f 247 248 249
f 247 249 250
v 4.0249999999999995 -0.0965 4.26
v 4.0249999999999995 -0.0295 4.26
v 12.875 -0.0295 4.26
v 12.875 -0.0965 4.26
f 251 252 253
f 251 253 254
v 4.0249999999999995 -0.0965 6.92
v 12.875 -0.0965 6.92
v 12.875 -0.0295 6.92
v 4.0249999999999995 -0.0295 6.92
f 255 256 257
f 255 257 258
usemtl c_128_81_47
v 4.0249999999999995 -0.08600000000000001 4.439
v 4.0249999999999995 -0.08600000000000001 4.461
v 4.0249999999999995 -0.05600000000000001 4.461
v 4.0249999999999995 -0.05600000000000001 4.439
f 259 260 261
f 259 261 262
v 12.875 -0.08600000000000001 4.439
v 12.875 -0.05600000000000001 4.439
v 12.875 -0.05600000000000001 4.461
v 12.875 -0.08600000000000001 4.461
f 263 264 265
f 263 265 266
v 4.0249999999999995 -0.08600000000000001 4.439
v 12.875 -0.08600000000000001 4.439
v 12.875 -0.08600000000000001 4.461
v 4.0249999999999995 -0.08600000000000001 4.461
f 267 268 269
f 267 269 270
v 4.0249999999999995 -0.05600000000000001 4.439
v 4.0249999999999995 -0.05600000000000001 4.461
v 12.875 -0.05600000000000001 4.461
v 12.875 -0.05600000000000001 4.439
f 271 272 273
f 271 273 274
v 4.0249999999999995 -0.08600000000000001 4.439
v 4.0249999999999995 -0.05600000000000001 4.439
v 12.875 -0.05600000000000001 4.439
v 12.875 -0.08600000000000001 4.439
f 275 276 277
f 275 277 278
v 4.0249999999999995 -0.08600000000000001 4.461
v 12.875 -0.08600000000000001 4.461
v 12.875 -0.05600000000000001 4.461
v 4.0249999999999995 -0.05600000000000001 4.461
f 279 280 281
f 279 281 282
usemtl c_128_81_47
v 4.0249999999999995 -0.08600000000000001 4.629
v 4.0249999999999995 -0.08600000000000001 4.651
v 4.0249999999999995 -0.05600000000000001 4.651
v 4.0249999999999995 -0.05600000000000001 4.629
f 283 284 285
f 283 285 286
v 12.875 -0.08600000000000001 4.629
v 12.875 -0.05600000000000001 4.629
v 12.875 -0.05600000000000001 4.651
v 12.875 -0.08600000000000001 4.651
f 287 288 289
f 287 289 290
v 4.0249999999999995 -0.08600000000000001 4.629
v 12.875 -0.08600000000000001 4.629
v 12.875 -0.08600000000000001 4.651
v 4.0249999999999995 -0.08600000000000001 4.651
f 291 292 293
f 291 293 294
v 4.0249999999999995 -0.05600000000000001 4.629
v 4.0249999999999995 -0.05600000000000001 4.651
v 12.875 -0.05600000000000001 4.651
v 12.875 -0.05600000000000001 4.629
f 295 296 297
f 295 297 298
v 4.0249999999999995 -0.08600000000000001 4.629
v 4.0249999999999995 -0.05600000000000001 4.629
v 12.875 -0.05600000000000001 4.629
v 12.875 -0.08600000000000001 4.629
f 299 300 301
f 299 301 302
v 4.0249999999999995 -0.08600000000000001 4.651
v 12.875 -0.08600000000000001 4.651
v 12.875 -0.05600000000000001 4.651
v 4.0249999999999995 -0.05600000000000001 4.651
f 303 304 305
f 303 305 306
usemtl c_128_81_47
v 4.0249999999999995 -0.08600000000000001 4.819
v 4.0249999999999995 -0.08600000000000001 4.841
v 4.0249999999999995 -0.05600000000000001 4.841
v 4.0249999999999995 -0.05600000000000001 4.819
f 307 308 309
f 307 309 310
v 12.875 -0.08600000000000001 4.819
v 12.875 -0.05600000000000001 4.819
v 12.875 -0.05600000000000001 4.841
v 12.875 -0.08600000000000001 4.841
f 311 312 313
f 311 313 314
v 4.0249999999999995 -0.08600000000000001 4.819
v 12.875 -0.08600000000000001 4.819
v 12.875 -0.08600000000000001 4.841
v 4.0249999999999995 -0.08600000000000001 4.841
f 315 316 317
f 315 317 318
v 4.0249999999999995 -0.05600000000000001 4.819
v 4.0249999999999995 -0.05600000000000001 4.841
v 12.875 -0.05600000000000001 4.841
v 12.875 -0.05600000000000001 4.819
f 319 320 321
f 319 321 322
v 4.0249999999999995 -0.08600000000000001 4.819
v 4.0249999999999995 -0.05600000000000001 4.819
v 12.875 -0.05600000000000001 4.819
v 12.875 -0.08600000000000001 4.819
f 323 324 325
f 323 325 326
v 4.0249999999999995 -0.08600000000000001 4.841
v 12.875 -0.08600000000000001 4.841
v 12.875 -0.05600000000000001 4.841
v 4.0249999999999995 -0.05600000000000001 4.841
f 327 328 329
f 327 329 330
usemtl c_128_81_47
v 4.0249999999999995 -0.08600000000000001 5.0089999999999995
v 4.0249999999999995 -0.08600000000000001 5.031
v 4.0249999999999995 -0.05600000000000001 5.031
v 4.0249999999999995 -0.05600000000000001 5.0089999999999995
f 331 332 333
f 331 333 334
v 12.875 -0.08600000000000001 5.0089999999999995
v 12.875 -0.05600000000000001 5.0089999999999995
v 12.875 -0.05600000000000001 5.031
v 12.875 -0.08600000000000001 5.031
f 335 336 337
f 335 337 338
v 4.0249999999999995 -0.08600000000000001 5.0089999999999995
v 12.875 -0.08600000000000001 5.0089999999999995
v 12.875 -0.08600000000000001 5.031
v 4.0249999999999995 -0.08600000000000001 5.031
f 339 340 341
f 339 341 342
v 4.0249999999999995 -0.05600000000000001 5.0089999999999995
v 4.0249999999999995 -0.05600000000000001 5.031
v 12.875 -0.05600000000000001 5.031
v 12.875 -0.05600000000000001 5.0089999999999995
f 343 344 345
f 343 345 346
v 4.0249999999999995 -0.08600000000000001 5.0089999999999995
v 4.0249999999999995 -0.05600000000000001 5.0089999999999995
v 12.875 -0.05600000000000001 5.0089999999999995
v 12.875 -0.08600000000000001 5.0089999999999995
f 347 348 349
f 347 349 350
v 4.0249999999999995 -0.08600000000000001 5.031
v 12.875 -0.08600000000000001 5.031
v 12.875 -0.05600000000000001 5.031
v 4.0249999999999995 -0.05600000000000001 5.031
f 351 352 353
f 351 353 354
usemtl c_128_81_47
v 4.0249999999999995 -0.08600000000000001 5.199
v 4.0249999999999995 -0.08600000000000001 5.221
v 4.0249999999999995 -0.05600000000000001 5.221
v 4.0249999999999995 -0.05600000000000001 5.199
f 355 356 357
f 355 357 358
v 12.875 -0.08600000000000001 5.199
v 12.875 -0.05600000000000001 5.199
v 12.875 -0.05600000000000001 5.221
v 12.875 -0.08600000000000001 5.221
f 359 360 361
f 359 361 362
v 4.0249999999999995 -0.08600000000000001 5.199
v 12.875 -0.08600000000000001 5.199
v 12.875 -0.08600000000000001 5.221
v 4.0249999999999995 -0.08600000000000001 5.221
f 363 364 365
f 363 365 366
v 4.0249999999999995 -0.05600000000000001 5.199
v 4.0249999999999995 -0.05600000000000001 5.221
v 12.875 -0.05600000000000001 5.221
v 12.875 -0.05600000000000001 5.199
f 367 368 369
f 367 369 370
v 4.0249999999999995 -0.08600000000000001 5.199
v 4.0249999999999995 -0.05600000000000001 5.199
v 12.875 -0.05600000000000001 5.199
v 12.875 -0.08600000000000001 5.199
f 371 372 373
f 371 373 374
v 4.0249999999999995 -0.08600000000000001 5.221
v 12.875 -0.08600000000000001 5.221
v 12.875 -0.05600000000000001 5.221
v 4.0249999999999995 -0.05600000000000001 5.221
f 375 376 377
f 375 377 378
usemtl c_128_81_47
v 4.0249999999999995 -0.08600000000000001 5.389
v 4.0249999999999995 -0.08600000000000001 5.4110000000000005
v 4.0249999999999995 -0.05600000000000001 5.4110000000000005
v 4.0249999999999995 -0.05600000000000001 5.389
f 379 380 381
f 379 381 382
v 12.875 -0.08600000000000001 5.389
v 12.875 -0.05600000000000001 5.389
v 12.875 -0.05600000000000001 5.4110000000000005
v 12.875 -0.08600000000000001 5.4110000000000005
f 383 384 385
f 383 385 386
v 4.0249999999999995 -0.08600000000000001 5.389
v 12.875 -0.08600000000000001 5.389
v 12.875 -0.08600000000000001 5.4110000000000005
v 4.0249999999999995 -0.08600000000000001 5.4110000000000005
f 387 388 389
f 387 389 390
v 4.0249999999999995 -0.05600000000000001 5.389
v 4.0249999999999995 -0.05600000000000001 5.4110000000000005
v 12.875 -0.05600000000000001 5.4110000000000005
v 12.875 -0.05600000000000001 5.389
f 391 392 393
f 391 393 394
v 4.0249999999999995 -0.08600000000000001 5.389
v 4.0249999999999995 -0.05600000000000001 5.389
v 12.875 -0.05600000000000001 5.389
v 12.875 -0.08600000000000001 5.389
f 395 396 397
f 395 397 398
v 4.0249999999999995 -0.08600000000000001 5.4110000000000005
v 12.875 -0.08600000000000001 5.4110000000000005
v 12.875 -0.05600000000000001 5.4110000000000005
v 4.0249999999999995 -0.05600000000000001 5.4110000000000005
f 399 400 401
f 399 401 402
usemtl c_128_81_47
v 4.0249999999999995 -0.08600000000000001 5.579
v 4.0249999999999995 -0.08600000000000001 5.601
v 4.0249999999999995 -0.05600000000000001 5.601
v 4.0249999999999995 -0.05600000000000001 5.579
f 403 404 405
f 403 405 406
v 12.875 -0.08600000000000001 5.579
v 12.875 -0.05600000000000001 5.579
v 12.875 -0.05600000000000001 5.601
v 12.875 -0.08600000000000001 5.601
f 407 408 409
f 407 409 410
v 4.0249999999999995 -0.08600000000000001 5.579
v 12.875 -0.08600000000000001 5.579
v 12.875 -0.08600000000000001 5.601
v 4.0249999999999995 -0.08600000000000001 5.601
f 411 412 413
f 411 413 414
v 4.0249999999999995 -0.05600000000000001 5.579
v 4.0249999999999995 -0.05600000000000001 5.601
v 12.875 -0.05600000000000001 5.601
v 12.875 -0.05600000000000001 5.579
f 415 416 417
f 415 417 418
v 4.0249999999999995 -0.08600000000000001 5.579
v 4.0249999999999995 -0.05600000000000001 5.579
v 12.875 -0.05600000000000001 5.579
v 12.875 -0.08600000000000001 5.579
f 419 420 421
f 419 421 422
v 4.0249999999999995 -0.08600000000000001 5.601
v 12.875 -0.08600000000000001 5.601
v 12.875 -0.05600000000000001 5.601
v 4.0249999999999995 -0.05600000000000001 5.601
f 423 424 425
f 423 425 426
usemtl c_128_81_47
v 4.0249999999999995 -0.08600000000000001 5.768999999999999
v 4.0249999999999995 -0.08600000000000001 5.7909999999999995
v 4.0249999999999995 -0.05600000000000001 5.7909999999999995
v 4.0249999999999995 -0.05600000000000001 5.768999999999999
f 427 428 429
f 427 429 430
v 12.875 -0.08600000000000001 5.768999999999999
v 12.875 -0.05600000000000001 5.768999999999999
v 12.875 -0.05600000000000001 5.7909999999999995
v 12.875 -0.08600000000000001 5.7909999999999995
f 431 432 433
f 431 433 434
v 4.0249999999999995 -0.08600000000000001 5.768999999999999
v 12.875 -0.08600000000000001 5.768999999999999
v 12.875 -0.08600000000000001 5.7909999999999995
v 4.0249999999999995 -0.08600000000000001 5.7909999999999995
f 435 436 437
f 435 437 438
v 4.0249999999999995 -0.05600000000000001 5.768999999999999
v 4.0249999999999995 -0.05600000000000001 5.7909999999999995
v 12.875 -0.05600000000000001 5.7909999999999995
v 12.875 -0.05600000000000001 5.768999999999999
f 439 440 441
f 439 441 442
v 4.0249999999999995 -0.08600000000000001 5.768999999999999
v 4.0249999999999995 -0.05600000000000001 5.768999999999999
v 12.875 -0.05600000000000001 5.768999999999999
v 12.875 -0.08600000000000001 5.768999999999999
f 443 444 445
f 443 445 446
v 4.0249999999999995 -0.08600000000000001 5.7909999999999995
v 12.875 -0.08600000000000001 5.7909999999999995
v 12.875 -0.05600000000000001 5.7909999999999995
v 4.0249999999999995 -0.05600000000000001 5.7909999999999995
f 447 448 449
f 447 449 450
usemtl c_128_81_47
v 4.0249999999999995 -0.08600000000000001 5.959
v 4.0249999999999995 -0.08600000000000001 5.981
v 4.0249999999999995 -0.05600000000000001 5.981
v 4.0249999999999995 -0.05600000000000001 5.959
f 451 452 453
f 451 453 454
v 12.875 -0.08600000000000001 5.959
v 12.875 -0.05600000000000001 5.959
v 12.875 -0.05600000000000001 5.981
v 12.875 -0.08600000000000001 5.981
f 455 456 457
f 455 457 458
v 4.0249999999999995 -0.08600000000000001 5.959
v 12.875 -0.08600000000000001 5.959
v 12.875 -0.08600000000000001 5.981
v 4.0249999999999995 -0.08600000000000001 5.981
f 459 460 461
f 459 461 462
v 4.0249999999999995 -0.05600000000000001 5.959
v 4.0249999999999995 -0.05600000000000001 5.981
v 12.875 -0.05600000000000001 5.981
v 12.875 -0.05600000000000001 5.959
f 463 464 465
f 463 465 466
v 4.0249999999999995 -0.08600000000000001 5.959
v 4.0249999999999995 -0.05600000000000001 5.959
v 12.875 -0.05600000000000001 5.959
v 12.875 -0.08600000000000001 5.959
f 467 468 469
f 467 469 470
v 4.0249999999999995 -0.08600000000000001 5.981
v 12.875 -0.08600000000000001 5.981
v 12.875 -0.05600000000000001 5.981
v 4.0249999999999995 -0.05600000000000001 5.981
f 471 472 473
f 471 473 474
usemtl c_128_81_47
v 4.0249999999999995 -0.08600000000000001 6.149
v 4.0249999999999995 -0.08600000000000001 6.171
v 4.0249999999999995 -0.05600000000000001 6.171
v 4.0249999999999995 -0.05600000000000001 6.149
f 475 476 477
f 475 477 478
v 12.875 -0.08600000000000001 6.149
v 12.875 -0.05600000000000001 6.149
v 12.875 -0.05600000000000001 6.171
v 12.875 -0.08600000000000001 6.171
f 479 480 481
f 479 481 482
v 4.0249999999999995 -0.08600000000000001 6.149
v 12.875 -0.08600000000000001 6.149
v 12.875 -0.08600000000000001 6.171
v 4.0249999999999995 -0.08600000000000001 6.171
f 483 484 485
f 483 485 486
v 4.0249999999999995 -0.05600000000000001 6.149
v 4.0249999999999995 -0.05600000000000001 6.171
v 12.875 -0.05600000000000001 6.171
v 12.875 -0.05600000000000001 6.149
f 487 488 489
f 487 489 490
v 4.0249999999999995 -0.08600000000000001 6.149
v 4.0249999999999995 -0.05600000000000001 6.149
v 12.875 -0.05600000000000001 6.149
v 12.875 -0.08600000000000001 6.149
f 491 492 493
f 491 493 494
v 4.0249999999999995 -0.08600000000000001 6.171
v 12.875 -0.08600000000000001 6.171
v 12.875 -0.05600000000000001 6.171
v 4.0249999999999995 -0.05600000000000001 6.171
f 495 496 497
f 495 497 498
usemtl c_128_81_47
v 4.0249999999999995 -0.08600000000000001 6.3389999999999995
v 4.0249999999999995 -0.08600000000000001 6.361
v 4.0249999999999995 -0.05600000000000001 6.361
v 4.0249999999999995 -0.05600000000000001 6.3389999999999995
f 499 500 501
f 499 501 502
v 12.875 -0.08600000000000001 6.3389999999999995
v 12.875 -0.05600000000000001 6.3389999999999995
v 12.875 -0.05600000000000001 6.361
v 12.875 -0.08600000000000001 6.361
f 503 504 505
f 503 505 506
v 4.0249999999999995 -0.08600000000000001 6.3389999999999995
v 12.875 -0.08600000000000001 6.3389999999999995
v 12.875 -0.08600000000000001 6.361
v 4.0249999999999995 -0.08600000000000001 6.361
f 507 508 509
f 507 509 510
v 4.0249999999999995 -0.05600000000000001 6.3389999999999995
v 4.0249999999999995 -0.05600000000000001 6.361
v 12.875 -0.05600000000000001 6.361
v 12.875 -0.05600000000000001 6.3389999999999995
f 511 512 513
f 511 513 514
v 4.0249999999999995 -0.08600000000000001 6.3389999999999995
v 4.0249999999999995 -0.05600000000000001 6.3389999999999995
v 12.875 -0.05600000000000001 6.3389999999999995
v 12.875 -0.08600000000000001 6.3389999999999995
f 515 516 517
f 515 517 518
v 4.0249999999999995 -0.08600000000000001 6.361
v 12.875 -0.08600000000000001 6.361
v 12.875 -0.05600000000000001 6.361
v 4.0249999999999995 -0.05600000000000001 6.361
f 519 520 521
f 519 521 522
usemtl c_128_81_47
v 4.0249999999999995 -0.08600000000000001 6.529
v 4.0249999999999995 -0.08600000000000001 6.551
v 4.0249999999999995 -0.05600000000000001 6.551
v 4.0249999999999995 -0.05600000000000001 6.529
f 523 524 525
f 523 525 526
v 12.875 -0.08600000000000001 6.529
v 12.875 -0.05600000000000001 6.529
v 12.875 -0.05600000000000001 6.551
v 12.875 -0.08600000000000001 6.551
f 527 528 529
f 527 529 530
v 4.0249999999999995 -0.08600000000000001 6.529
v 12.875 -0.08600000000000001 6.529
v 12.875 -0.08600000000000001 6.551
v 4.0249999999999995 -0.08600000000000001 6.551
f 531 532 533
f 531 533 534
v 4.0249999999999995 -0.05600000000000001 6.529
v 4.0249999999999995 -0.05600000000000001 6.551
v 12.875 -0.05600000000000001 6.551
v 12.875 -0.05600000000000001 6.529
f 535 536 537
f 535 537 538
v 4.0249999999999995 -0.08600000000000001 6.529
v 4.0249999999999995 -0.05600000000000001 6.529
v 12.875 -0.05600000000000001 6.529
v 12.875 -0.08600000000000001 6.529
f 539 540 541
f 539 541 542
v 4.0249999999999995 -0.08600000000000001 6.551
v 12.875 -0.08600000000000001 6.551
v 12.875 -0.05600000000000001 6.551
v 4.0249999999999995 -0.05600000000000001 6.551
f 543 544 545
f 543 545 546
usemtl c_128_81_47
v 4.0249999999999995 -0.08600000000000001 6.718999999999999
v 4.0249999999999995 -0.08600000000000001 6.741
v 4.0249999999999995 -0.05600000000000001 6.741
v 4.0249999999999995 -0.05600000000000001 6.718999999999999
f 547 548 549
f 547 549 550
v 12.875 -0.08600000000000001 6.718999999999999
v 12.875 -0.05600000000000001 6.718999999999999
v 12.875 -0.05600000000000001 6.741
v 12.875 -0.08600000000000001 6.741
f 551 552 553
f 551 553 554
v 4.0249999999999995 -0.08600000000000001 6.718999999999999
v 12.875 -0.08600000000000001 6.718999999999999
v 12.875 -0.08600000000000001 6.741
v 4.0249999999999995 -0.08600000000000001 6.741
f 555 556 557
f 555 557 558
v 4.0249999999999995 -0.05600000000000001 6.718999999999999
v 4.0249999999999995 -0.05600000000000001 6.741
v 12.875 -0.05600000000000001 6.741
v 12.875 -0.05600000000000001 6.718999999999999
f 559 560 561
f 559 561 562
v 4.0249999999999995 -0.08600000000000001 6.718999999999999
v 4.0249999999999995 -0.05600000000000001 6.718999999999999
v 12.875 -0.05600000000000001 6.718999999999999
v 12.875 -0.08600000000000001 6.718999999999999
f 563 564 565
f 563 565 566
v 4.0249999999999995 -0.08600000000000001 6.741
v 12.875 -0.08600000000000001 6.741
v 12.875 -0.05600000000000001 6.741
v 4.0249999999999995 -0.05600000000000001 6.741
f 567 568 569
f 567 569 570
usemtl c_128_81_47
v 4.14 -0.64 4.26
v 4.14 -0.64 7.08
v 4.14 -0.19999999999999998 7.08
v 4.14 -0.19999999999999998 4.26
f 571 572 573
f 571 573 574
v 4.38 -0.64 4.26
v 4.38 -0.19999999999999998 4.26
v 4.38 -0.19999999999999998 7.08
v 4.38 -0.64 7.08
f 575 576 577
f 575 577 578
v 4.14 -0.64 4.26
v 4.38 -0.64 4.26
v 4.38 -0.64 7.08
v 4.14 -0.64 7.08
f 579 580 581
f 579 581 582
v 4.14 -0.19999999999999998 4.26
v 4.14 -0.19999999999999998 7.08
v 4.38 -0.19999999999999998 7.08
v 4.38 -0.19999999999999998 4.26
f 583 584 585
f 583 585 586
v 4.14 -0.64 4.26
v 4.14 -0.19999999999999998 4.26
v 4.38 -0.19999999999999998 4.26
v 4.38 -0.64 4.26
f 587 588 589
f 587 589 590
v 4.14 -0.64 7.08
v 4.38 -0.64 7.08
v 4.38 -0.19999999999999998 7.08
v 4.14 -0.19999999999999998 7.08
f 591 592 593
f 591 593 594
usemtl c_128_81_47
v 6.86 -0.64 4.26
v 6.86 -0.64 7.08
v 6.86 -0.19999999999999998 7.08
v 6.86 -0.19999999999999998 4.26
f 595 596 597
f 595 597 598
v 7.1000000000000005 -0.64 4.26
v 7.1000000000000005 -0.19999999999999998 4.26
v 7.1000000000000005 -0.19999999999999998 7.08
v 7.1000000000000005 -0.64 7.08
f 599 600 601
f 599 601 602
v 6.86 -0.64 4.26
v 7.1000000000000005 -0.64 4.26
v 7.1000000000000005 -0.64 7.08
v 6.86 -0.64 7.08
f 603 604 605
f 603 605 606
v 6.86 -0.19999999999999998 4.26
v 6.86 -0.19999999999999998 7.08
v 7.1000000000000005 -0.19999999999999998 7.08
v 7.1000000000000005 -0.19999999999999998 4.26
f 607 608 609
f 607 609 610
v 6.86 -0.64 4.26
v 6.86 -0.19999999999999998 4.26
v 7.1000000000000005 -0.19999999999999998 4.26
v 7.1000000000000005 -0.64 4.26
f 611 612 613
f 611 613 614
v 6.86 -0.64 7.08
v 7.1000000000000005 -0.64 7.08
v 7.1000000000000005 -0.19999999999999998 7.08
v 6.86 -0.19999999999999998 7.08
f 615 616 617
f 615 617 618
usemtl c_128_81_47
v 4.140000000000001 -0.64 6.96
v 4.140000000000001 -0.64 7.2
v 4.140000000000001 -0.19999999999999998 7.2
v 4.140000000000001 -0.19999999999999998 6.96
f 619 620 621
f 619 621 622
v 7.1 -0.64 6.96
v 7.1 -0.19999999999999998 6.96
v 7.1 -0.19999999999999998 7.2
v 7.1 -0.64 7.2
f 623 624 625
f 623 625 626
v 4.140000000000001 -0.64 6.96
v 7.1 -0.64 6.96
v 7.1 -0.64 7.2
v 4.140000000000001 -0.64 7.2
f 627 628 629
f 627 629 630
v 4.140000000000001 -0.19999999999999998 6.96
v 4.140000000000001 -0.19999999999999998 7.2
v 7.1 -0.19999999999999998 7.2
v 7.1 -0.19999999999999998 6.96
f 631 632 633
f 631 633 634
v 4.140000000000001 -0.64 6.96
v 4.140000000000001 -0.19999999999999998 6.96
v 7.1 -0.19999999999999998 6.96
v 7.1 -0.64 6.96
f 635 636 637
f 635 637 638
v 4.140000000000001 -0.64 7.2
v 7.1 -0.64 7.2
v 7.1 -0.19999999999999998 7.2
v 4.140000000000001 -0.19999999999999998 7.2
f 639 640 641
f 639 641 642
usemtl c_168_111_61
v 0 12.4095 2.4299999999999997
v 0 12.4095 4.21
v 0 12.4765 4.21
v 0 12.4765 2.4299999999999997
f 643 644 645
f 643 645 646
v 15.42 12.4095 2.4299999999999997
v 15.42 12.4765 2.4299999999999997
v 15.42 12.4765 4.21
v 15.42 12.4095 4.21
f 647 648 649
f 647 649 650
v 0 12.4095 2.4299999999999997
v 15.42 12.4095 2.4299999999999997
v 15.42 12.4095 4.21
v 0 12.4095 4.21
f 651 652 653
f 651 653 654
v 0 12.4765 2.4299999999999997
v 0 12.4765 4.21
v 15.42 12.4765 4.21
v 15.42 12.4765 2.4299999999999997
f 655 656 657
f 655 657 658
v 0 12.4095 2.4299999999999997
v 0 12.4765 2.4299999999999997
v 15.42 12.4765 2.4299999999999997
v 15.42 12.4095 2.4299999999999997
f 659 660 661
f 659 661 662
v 0 12.4095 4.21
v 15.42 12.4095 4.21
v 15.42 12.4765 4.21
v 0 12.4765 4.21
f 663 664 665
f 663 665 666
usemtl c_128_81_47
v 0 12.436 2.6167777777777776
v 0 12.436 2.638777777777778
v 0 12.466000000000001 2.638777777777778
v 0 12.466000000000001 2.6167777777777776
f 667 668 669
f 667 669 670
v 15.42 12.436 2.6167777777777776
v 15.42 12.466000000000001 2.6167777777777776
v 15.42 12.466000000000001 2.638777777777778
v 15.42 12.436 2.638777777777778
f 671 672 673
f 671 673 674
v 0 12.436 2.6167777777777776
v 15.42 12.436 2.6167777777777776
v 15.42 12.436 2.638777777777778
v 0 12.436 2.638777777777778
f 675 676 677
f 675 677 678
v 0 12.466000000000001 2.6167777777777776
v 0 12.466000000000001 2.638777777777778
v 15.42 12.466000000000001 2.638777777777778
v 15.42 12.466000000000001 2.6167777777777776
f 679 680 681
f 679 681 682
v 0 12.436 2.6167777777777776
v 0 12.466000000000001 2.6167777777777776
v 15.42 12.466000000000001 2.6167777777777776
v 15.42 12.436 2.6167777777777776
f 683 684 685
f 683 685 686
v 0 12.436 2.638777777777778
v 15.42 12.436 2.638777777777778
v 15.42 12.466000000000001 2.638777777777778
v 0 12.466000000000001 2.638777777777778
f 687 688 689
f 687 689 690
usemtl c_128_81_47
v 0 12.436 2.8145555555555557
v 0 12.436 2.836555555555556
v 0 12.466000000000001 2.836555555555556
v 0 12.466000000000001 2.8145555555555557
f 691 692 693
f 691 693 694
v 15.42 12.436 2.8145555555555557
v 15.42 12.466000000000001 2.8145555555555557
v 15.42 12.466000000000001 2.836555555555556
v 15.42 12.436 2.836555555555556
f 695 696 697
f 695 697 698
v 0 12.436 2.8145555555555557
v 15.42 12.436 2.8145555555555557
v 15.42 12.436 2.836555555555556
v 0 12.436 2.836555555555556
f 699 700 701
f 699 701 702
v 0 12.466000000000001 2.8145555555555557
v 0 12.466000000000001 2.836555555555556
v 15.42 12.466000000000001 2.836555555555556
v 15.42 12.466000000000001 2.8145555555555557
f 703 704 705
f 703 705 706
v 0 12.436 2.8145555555555557
v 0 12.466000000000001 2.8145555555555557
v 15.42 12.466000000000001 2.8145555555555557
v 15.42 12.436 2.8145555555555557
f 707 708 709
f 707 709 710
v 0 12.436 2.836555555555556
v 15.42 12.436 2.836555555555556
v 15.42 12.466000000000001 2.836555555555556
v 0 12.466000000000001 2.836555555555556
f 711 712 713
f 711 713 714
usemtl c_128_81_47
v 0 12.436 3.0123333333333333
v 0 12.436 3.0343333333333335
v 0 12.466000000000001 3.0343333333333335
v 0 12.466000000000001 3.0123333333333333
f 715 716 717
f 715 717 718
v 15.42 12.436 3.0123333333333333
v 15.42 12.466000000000001 3.0123333333333333
v 15.42 12.466000000000001 3.0343333333333335
v 15.42 12.436 3.0343333333333335
f 719 720 721
f 719 721 722
v 0 12.436 3.0123333333333333
v 15.42 12.436 3.0123333333333333
v 15.42 12.436 3.0343333333333335
v 0 12.436 3.0343333333333335
f 723 724 725
f 723 725 726
v 0 12.466000000000001 3.0123333333333333
v 0 12.466000000000001 3.0343333333333335
v 15.42 12.466000000000001 3.0343333333333335
v 15.42 12.466000000000001 3.0123333333333333
f 727 728 729
f 727 729 730
v 0 12.436 3.0123333333333333
v 0 12.466000000000001 3.0123333333333333
v 15.42 12.466000000000001 3.0123333333333333
v 15.42 12.436 3.0123333333333333
f 731 732 733
f 731 733 734
v 0 12.436 3.0343333333333335
v 15.42 12.436 3.0343333333333335
v 15.42 12.466000000000001 3.0343333333333335
v 0 12.466000000000001 3.0343333333333335
f 735 736 737
f 735 737 738
usemtl c_128_81_47
v 0 12.436 3.210111111111111
v 0 12.436 3.232111111111111
v 0 12.466000000000001 3.232111111111111
v 0 12.466000000000001 3.210111111111111
f 739 740 741
f 739 741 742
v 15.42 12.436 3.210111111111111
v 15.42 12.466000000000001 3.210111111111111
v 15.42 12.466000000000001 3.232111111111111
v 15.42 12.436 3.232111111111111
f 743 744 745
f 743 745 746
v 0 12.436 3.210111111111111
v 15.42 12.436 3.210111111111111
v 15.42 12.436 3.232111111111111
v 0 12.436 3.232111111111111
f 747 748 749
f 747 749 750
v 0 12.466000000000001 3.210111111111111
v 0 12.466000000000001 3.232111111111111
v 15.42 12.466000000000001 3.232111111111111
v 15.42 12.466000000000001 3.210111111111111
f 751 752 753
f 751 753 754
v 0 12.436 3.210111111111111
v 0 12.466000000000001 3.210111111111111
v 15.42 12.466000000000001 3.210111111111111
v 15.42 12.436 3.210111111111111
f 755 756 757
f 755 757 758
v 0 12.436 3.232111111111111
v 15.42 12.436 3.232111111111111
v 15.42 12.466000000000001 3.232111111111111
v 0 12.466000000000001 3.232111111111111
f 759 760 761
f 759 761 762
usemtl c_128_81_47
v 0 12.436 3.407888888888889
v 0 12.436 3.429888888888889
v 0 12.466000000000001 3.429888888888889
v 0 12.466000000000001 3.407888888888889
f 763 764 765
f 763 765 766
v 15.42 12.436 3.407888888888889
v 15.42 12.466000000000001 3.407888888888889
v 15.42 12.466000000000001 3.429888888888889
v 15.42 12.436 3.429888888888889
f 767 768 769
f 767 769 770
v 0 12.436 3.407888888888889
v 15.42 12.436 3.407888888888889
v 15.42 12.436 3.429888888888889
v 0 12.436 3.429888888888889
f 771 772 773
f 771 773 774
v 0 12.466000000000001 3.407888888888889
v 0 12.466000000000001 3.429888888888889
v 15.42 12.466000000000001 3.429888888888889
v 15.42 12.466000000000001 3.407888888888889
f 775 776 777
f 775 777 778
v 0 12.436 3.407888888888889
v 0 12.466000000000001 3.407888888888889
v 15.42 12.466000000000001 3.407888888888889
v 15.42 12.436 3.407888888888889
f 779 780 781
f 779 781 782
v 0 12.436 3.429888888888889
v 15.42 12.436 3.429888888888889
v 15.42 12.466000000000001 3.429888888888889
v 0 12.466000000000001 3.429888888888889
f 783 784 785
f 783 785 786
usemtl c_128_81_47
v 0 12.436 3.6056666666666666
v 0 12.436 3.627666666666667
v 0 12.466000000000001 3.627666666666667
v 0 12.466000000000001 3.6056666666666666
f 787 788 789
f 787 789 790
v 15.42 12.436 3.6056666666666666
v 15.42 12.466000000000001 3.6056666666666666
v 15.42 12.466000000000001 3.627666666666667
v 15.42 12.436 3.627666666666667
f 791 792 793
f 791 793 794
v 0 12.436 3.6056666666666666
v 15.42 12.436 3.6056666666666666
v 15.42 12.436 3.627666666666667
v 0 12.436 3.627666666666667
f 795 796 797
f 795 797 798
v 0 12.466000000000001 3.6056666666666666
v 0 12.466000000000001 3.627666666666667
v 15.42 12.466000000000001 3.627666666666667
v 15.42 12.466000000000001 3.6056666666666666
f 799 800 801
f 799 801 802
v 0 12.436 3.6056666666666666
v 0 12.466000000000001 3.6056666666666666
v 15.42 12.466000000000001 3.6056666666666666
v 15.42 12.436 3.6056666666666666
f 803 804 805
f 803 805 806
v 0 12.436 3.627666666666667
v 15.42 12.436 3.627666666666667
v 15.42 12.466000000000001 3.627666666666667
v 0 12.466000000000001 3.627666666666667
f 807 808 809
f 807 809 810
usemtl c_128_81_47
v 0 12.436 3.8034444444444446
v 0 12.436 3.825444444444445
v 0 12.466000000000001 3.825444444444445
v 0 12.466000000000001 3.8034444444444446
f 811 812 813
f 811 813 814
v 15.42 12.436 3.8034444444444446
v 15.42 12.466000000000001 3.8034444444444446
v 15.42 12.466000000000001 3.825444444444445
v 15.42 12.436 3.825444444444445
f 815 816 817
f 815 817 818
v 0 12.436 3.8034444444444446
v 15.42 12.436 3.8034444444444446
v 15.42 12.436 3.825444444444445
v 0 12.436 3.825444444444445
f 819 820 821
f 819 821 822
v 0 12.466000000000001 3.8034444444444446
v 0 12.466000000000001 3.825444444444445
v 15.42 12.466000000000001 3.825444444444445
v 15.42 12.466000000000001 3.8034444444444446
f 823 824 825
f 823 825 826
v 0 12.436 3.8034444444444446
v 0 12.466000000000001 3.8034444444444446
v 15.42 12.466000000000001 3.8034444444444446
v 15.42 12.436 3.8034444444444446
f 827 828 829
f 827 829 830
v 0 12.436 3.825444444444445
v 15.42 12.436 3.825444444444445
v 15.42 12.466000000000001 3.825444444444445
v 0 12.466000000000001 3.825444444444445
f 831 832 833
f 831 833 834
usemtl c_128_81_47
v 0 12.436 4.001222222222222
v 0 12.436 4.0232222222222225
v 0 12.466000000000001 4.0232222222222225
v 0 12.466000000000001 4.001222222222222
f 835 836 837
f 835 837 838
v 15.42 12.436 4.001222222222222
v 15.42 12.466000000000001 4.001222222222222
v 15.42 12.466000000000001 4.0232222222222225
v 15.42 12.436 4.0232222222222225
f 839 840 841
f 839 841 842
v 0 12.436 4.001222222222222
v 15.42 12.436 4.001222222222222
v 15.42 12.436 4.0232222222222225
v 0 12.436 4.0232222222222225
f 843 844 845
f 843 845 846
v 0 12.466000000000001 4.001222222222222
v 0 12.466000000000001 4.0232222222222225
v 15.42 12.466000000000001 4.0232222222222225
v 15.42 12.466000000000001 4.001222222222222
f 847 848 849
f 847 849 850
v 0 12.436 4.001222222222222
v 0 12.466000000000001 4.001222222222222
v 15.42 12.466000000000001 4.001222222222222
v 15.42 12.436 4.001222222222222
f 851 852 853
f 851 853 854
v 0 12.436 4.0232222222222225
v 15.42 12.436 4.0232222222222225
v 15.42 12.466000000000001 4.0232222222222225
v 0 12.466000000000001 4.0232222222222225
f 855 856 857
f 855 857 858
usemtl c_168_111_61
v 1.68 12.4095 0
v 1.68 12.4095 2.48
v 1.68 12.4765 2.48
v 1.68 12.4765 0
f 859 860 861
f 859 861 862
v 2.12 12.4095 0
v 2.12 12.4765 0
v 2.12 12.4765 2.48
v 2.12 12.4095 2.48
f 863 864 865
f 863 865 866
v 1.68 12.4095 0
v 2.12 12.4095 0
v 2.12 12.4095 2.48
v 1.68 12.4095 2.48
f 867 868 869
f 867 869 870
v 1.68 12.4765 0
v 1.68 12.4765 2.48
v 2.12 12.4765 2.48
v 2.12 12.4765 0
f 871 872 873
f 871 873 874
v 1.68 12.4095 0
v 1.68 12.4765 0
v 2.12 12.4765 0
v 2.12 12.4095 0
f 875 876 877
f 875 877 878
v 1.68 12.4095 2.48
v 2.12 12.4095 2.48
v 2.12 12.4765 2.48
v 1.68 12.4765 2.48
f 879 880 881
f 879 881 882
usemtl c_168_111_61
v 5.430000000000001 12.4095 0
v 5.430000000000001 12.4095 2.48
v 5.430000000000001 12.4765 2.48
v 5.430000000000001 12.4765 0
f 883 884 885
f 883 885 886
v 5.87 12.4095 0
v 5.87 12.4765 0
v 5.87 12.4765 2.48
v 5.87 12.4095 2.48
f 887 888 889
f 887 889 890
v 5.430000000000001 12.4095 0
v 5.87 12.4095 0
v 5.87 12.4095 2.48
v 5.430000000000001 12.4095 2.48
f 891 892 893
f 891 893 894
v 5.430000000000001 12.4765 0
v 5.430000000000001 12.4765 2.48
v 5.87 12.4765 2.48
v 5.87 12.4765 0
f 895 896 897
f 895 897 898
v 5.430000000000001 12.4095 0
v 5.430000000000001 12.4765 0
v 5.87 12.4765 0
v 5.87 12.4095 0
f 899 900 901
f 899 901 902
v 5.430000000000001 12.4095 2.48
v 5.87 12.4095 2.48
v 5.87 12.4765 2.48
v 5.430000000000001 12.4765 2.48
f 903 904 905
f 903 905 906
usemtl c_168_111_61
v 9.78 12.4095 0
v 9.78 12.4095 2.48
v 9.78 12.4765 2.48
v 9.78 12.4765 0
f 907 908 909
f 907 909 910
v 10.22 12.4095 0
v 10.22 12.4765 0
v 10.22 12.4765 2.48
v 10.22 12.4095 2.48
f 911 912 913
f 911 913 914
v 9.78 12.4095 0
v 10.22 12.4095 0
v 10.22 12.4095 2.48
v 9.78 12.4095 2.48
f 915 916 917
f 915 917 918
v 9.78 12.4765 0
v 9.78 12.4765 2.48
v 10.22 12.4765 2.48
v 10.22 12.4765 0
f 919 920 921
f 919 921 922
v 9.78 12.4095 0
v 9.78 12.4765 0
v 10.22 12.4765 0
v 10.22 12.4095 0
f 923 924 925
f 923 925 926
v 9.78 12.4095 2.48
v 10.22 12.4095 2.48
v 10.22 12.4765 2.48
v 9.78 12.4765 2.48
f 927 928 929
f 927 929 930
usemtl c_168_111_61
v 13.879999999999999 12.4095 0
v 13.879999999999999 12.4095 2.48
v 13.879999999999999 12.4765 2.48
v 13.879999999999999 12.4765 0
f 931 932 933
f 931 933 934
v 14.32 12.4095 0
v 14.32 12.4765 0
v 14.32 12.4765 2.48
v 14.32 12.4095 2.48
f 935 936 937
f 935 937 938
v 13.879999999999999 12.4095 0
v 14.32 12.4095 0
v 14.32 12.4095 2.48
v 13.879999999999999 12.4095 2.48
f 939 940 941
f 939 941 942
v 13.879999999999999 12.4765 0
v 13.879999999999999 12.4765 2.48
v 14.32 12.4765 2.48
v 14.32 12.4765 0
f 943 944 945
f 943 945 946
v 13.879999999999999 12.4095 0
v 13.879999999999999 12.4765 0
v 14.32 12.4765 0
v 14.32 12.4095 0
f 947 948 949
f 947 949 950
v 13.879999999999999 12.4095 2.48
v 14.32 12.4095 2.48
v 14.32 12.4765 2.48
v 13.879999999999999 12.4765 2.48
f 951 952 953
f 951 953 954
usemtl c_168_111_61
v -0.0965 0 0
v -0.0965 0 3.91
v -0.0965 12.38 3.91
v -0.0965 12.38 0
f 955 956 957
f 955 957 958
v -0.0295 0 0
v -0.0295 12.38 0
v -0.0295 12.38 3.91
v -0.0295 0 3.91
f 959 960 961
f 959 961 962
v -0.0965 0 0
v -0.0295 0 0
v -0.0295 0 3.91
v -0.0965 0 3.91
f 963 964 965
f 963 965 966
v -0.0965 12.38 0
v -0.0965 12.38 3.91
v -0.0295 12.38 3.91
v -0.0295 12.38 0
f 967 968 969
f 967 969 970
v -0.0965 0 0
v -0.0965 12.38 0
v -0.0295 12.38 0
v -0.0295 0 0
f 971 972 973
f 971 973 974
v -0.0965 0 3.91
v -0.0295 0 3.91
v -0.0295 12.38 3.91
v -0.0965 12.38 3.91
f 975 976 977
f 975 977 978
usemtl c_168_111_61
v 15.449499999999999 0 0
v 15.449499999999999 0 3.91
v 15.449499999999999 12.38 3.91
v 15.449499999999999 12.38 0
f 979 980 981
f 979 981 982
v 15.516499999999999 0 0
v 15.516499999999999 12.38 0
v 15.516499999999999 12.38 3.91
v 15.516499999999999 0 3.91
f 983 984 985
f 983 985 986
v 15.449499999999999 0 0
v 15.516499999999999 0 0
v 15.516499999999999 0 3.91
v 15.449499999999999 0 3.91
f 987 988 989
f 987 989 990
v 15.449499999999999 12.38 0
v 15.449499999999999 12.38 3.91
v 15.516499999999999 12.38 3.91
v 15.516499999999999 12.38 0
f 991 992 993
f 991 993 994
v 15.449499999999999 0 0
v 15.449499999999999 12.38 0
v 15.516499999999999 12.38 0
v 15.516499999999999 0 0
f 995 996 997
f 995 997 998
v 15.449499999999999 0 3.91
v 15.516499999999999 0 3.91
v 15.516499999999999 12.38 3.91
v 15.449499999999999 12.38 3.91
f 999 1000 1001
f 999 1001 1002
usemtl c_168_111_61
v -0.10350000000000001 0 3.9099999999999997
v -0.10350000000000001 0 4.609999999999999
v -0.10350000000000001 12.38 4.609999999999999
v -0.10350000000000001 12.38 3.9099999999999997
f 1003 1004 1005
f 1003 1005 1006
v -0.030500000000000006 0 3.9099999999999997
v -0.030500000000000006 12.38 3.9099999999999997
v -0.030500000000000006 12.38 4.609999999999999
v -0.030500000000000006 0 4.609999999999999
f 1007 1008 1009
f 1007 1009 1010
v -0.10350000000000001 0 3.9099999999999997
v -0.030500000000000006 0 3.9099999999999997
v -0.030500000000000006 0 4.609999999999999
v -0.10350000000000001 0 4.609999999999999
f 1011 1012 1013
f 1011 1013 1014
v -0.10350000000000001 12.38 3.9099999999999997
v -0.10350000000000001 12.38 4.609999999999999
v -0.030500000000000006 12.38 4.609999999999999
v -0.030500000000000006 12.38 3.9099999999999997
f 1015 1016 1017
f 1015 1017 1018
v -0.10350000000000001 0 3.9099999999999997
v -0.10350000000000001 12.38 3.9099999999999997
v -0.030500000000000006 12.38 3.9099999999999997
v -0.030500000000000006 0 3.9099999999999997
f 1019 1020 1021
f 1019 1021 1022
v -0.10350000000000001 0 4.609999999999999
v -0.030500000000000006 0 4.609999999999999
v -0.030500000000000006 12.38 4.609999999999999
v -0.10350000000000001 12.38 4.609999999999999
f 1023 1024 1025
f 1023 1025 1026
usemtl c_168_111_61
v 15.4505 0 3.9099999999999997
v 15.4505 0 4.609999999999999
v 15.4505 12.38 4.609999999999999
v 15.4505 12.38 3.9099999999999997
f 1027 1028 1029
f 1027 1029 1030
v 15.5235 0 3.9099999999999997
v 15.5235 12.38 3.9099999999999997
v 15.5235 12.38 4.609999999999999
v 15.5235 0 4.609999999999999
f 1031 1032 1033
f 1031 1033 1034
v 15.4505 0 3.9099999999999997
v 15.5235 0 3.9099999999999997
v 15.5235 0 4.609999999999999
v 15.4505 0 4.609999999999999
f 1035 1036 1037
f 1035 1037 1038
v 15.4505 12.38 3.9099999999999997
v 15.4505 12.38 4.609999999999999
v 15.5235 12.38 4.609999999999999
v 15.5235 12.38 3.9099999999999997
f 1039 1040 1041
f 1039 1041 1042
v 15.4505 0 3.9099999999999997
v 15.4505 12.38 3.9099999999999997
v 15.5235 12.38 3.9099999999999997
v 15.5235 0 3.9099999999999997
f 1043 1044 1045
f 1043 1045 1046
v 15.4505 0 4.609999999999999
v 15.5235 0 4.609999999999999
v 15.5235 12.38 4.609999999999999
v 15.4505 12.38 4.609999999999999
f 1047 1048 1049
f 1047 1049 1050
usemtl c_128_81_47
v -0.09 0 0.17519047619047617
v -0.09 0 0.1971904761904762
v -0.09 12.38 0.1971904761904762
v -0.09 12.38 0.17519047619047617
f 1051 1052 1053
f 1051 1053 1054
v -0.06 0 0.17519047619047617
v -0.06 12.38 0.17519047619047617
v -0.06 12.38 0.1971904761904762
v -0.06 0 0.1971904761904762
f 1055 1056 1057
f 1055 1057 1058
v -0.09 0 0.17519047619047617
v -0.06 0 0.17519047619047617
v -0.06 0 0.1971904761904762
v -0.09 0 0.1971904761904762
f 1059 1060 1061
f 1059 1061 1062
v -0.09 12.38 0.17519047619047617
v -0.09 12.38 0.1971904761904762
v -0.06 12.38 0.1971904761904762
v -0.06 12.38 0.17519047619047617
f 1063 1064 1065
f 1063 1065 1066
v -0.09 0 0.17519047619047617
v -0.09 12.38 0.17519047619047617
v -0.06 12.38 0.17519047619047617
v -0.06 0 0.17519047619047617
f 1067 1068 1069
f 1067 1069 1070
v -0.09 0 0.1971904761904762
v -0.06 0 0.1971904761904762
v -0.06 12.38 0.1971904761904762
v -0.09 12.38 0.1971904761904762
f 1071 1072 1073
f 1071 1073 1074
usemtl c_128_81_47
v -0.09 0 0.36138095238095236
v -0.09 0 0.3833809523809524
v -0.09 12.38 0.3833809523809524
v -0.09 12.38 0.36138095238095236
f 1075 1076 1077
f 1075 1077 1078
v -0.06 0 0.36138095238095236
v -0.06 12.38 0.36138095238095236
v -0.06 12.38 0.3833809523809524
v -0.06 0 0.3833809523809524
f 1079 1080 1081
f 1079 1081 1082
v -0.09 0 0.36138095238095236
v -0.06 0 0.36138095238095236
v -0.06 0 0.3833809523809524
v -0.09 0 0.3833809523809524
f 1083 1084 1085
f 1083 1085 1086
v -0.09 12.38 0.36138095238095236
v -0.09 12.38 0.3833809523809524
v -0.06 12.38 0.3833809523809524
v -0.06 12.38 0.36138095238095236
f 1087 1088 1089
f 1087 1089 1090
v -0.09 0 0.36138095238095236
v -0.09 12.38 0.36138095238095236
v -0.06 12.38 0.36138095238095236
v -0.06 0 0.36138095238095236
f 1091 1092 1093
f 1091 1093 1094
v -0.09 0 0.3833809523809524
v -0.06 0 0.3833809523809524
v -0.06 12.38 0.3833809523809524
v -0.09 12.38 0.3833809523809524
f 1095 1096 1097
f 1095 1097 1098
usemtl c_128_81_47
v -0.09 0 0.5475714285714286
v -0.09 0 0.5695714285714286
v -0.09 12.38 0.5695714285714286
v -0.09 12.38 0.5475714285714286
f 1099 1100 1101
f 1099 1101 1102
v -0.06 0 0.5475714285714286
v -0.06 12.38 0.5475714285714286
v -0.06 12.38 0.5695714285714286
v -0.06 0 0.5695714285714286
f 1103 1104 1105
f 1103 1105 1106
v -0.09 0 0.5475714285714286
v -0.06 0 0.5475714285714286
v -0.06 0 0.5695714285714286
v -0.09 0 0.5695714285714286
f 1107 1108 1109
f 1107 1109 1110
v -0.09 12.38 0.5475714285714286
v -0.09 12.38 0.5695714285714286
v -0.06 12.38 0.5695714285714286
v -0.06 12.38 0.5475714285714286
f 1111 1112 1113
f 1111 1113 1114
v -0.09 0 0.5475714285714286
v -0.09 12.38 0.5475714285714286
v -0.06 12.38 0.5475714285714286
v -0.06 0 0.5475714285714286
f 1115 1116 1117
f 1115 1117 1118
v -0.09 0 0.5695714285714286
v -0.06 0 0.5695714285714286
v -0.06 12.38 0.5695714285714286
v -0.09 12.38 0.5695714285714286
f 1119 1120 1121
f 1119 1121 1122
usemtl c_128_81_47
v -0.09 0 0.7337619047619047
v -0.09 0 0.7557619047619047
v -0.09 12.38 0.7557619047619047
v -0.09 12.38 0.7337619047619047
f 1123 1124 1125
f 1123 1125 1126
v -0.06 0 0.7337619047619047
v -0.06 12.38 0.7337619047619047
v -0.06 12.38 0.7557619047619047
v -0.06 0 0.7557619047619047
f 1127 1128 1129
f 1127 1129 1130
v -0.09 0 0.7337619047619047
v -0.06 0 0.7337619047619047
v -0.06 0 0.7557619047619047
v -0.09 0 0.7557619047619047
f 1131 1132 1133
f 1131 1133 1134
v -0.09 12.38 0.7337619047619047
v -0.09 12.38 0.7557619047619047
v -0.06 12.38 0.7557619047619047
v -0.06 12.38 0.7337619047619047
f 1135 1136 1137
f 1135 1137 1138
v -0.09 0 0.7337619047619047
v -0.09 12.38 0.7337619047619047
v -0.06 12.38 0.7337619047619047
v -0.06 0 0.7337619047619047
f 1139 1140 1141
f 1139 1141 1142
v -0.09 0 0.7557619047619047
v -0.06 0 0.7557619047619047
v -0.06 12.38 0.7557619047619047
v -0.09 12.38 0.7557619047619047
f 1143 1144 1145
f 1143 1145 1146
usemtl c_128_81_47
v -0.09 0 0.919952380952381
v -0.09 0 0.941952380952381
v -0.09 12.38 0.941952380952381
v -0.09 12.38 0.919952380952381
f 1147 1148 1149
f 1147 1149 1150
v -0.06 0 0.919952380952381
v -0.06 12.38 0.919952380952381
v -0.06 12.38 0.941952380952381
v -0.06 0 0.941952380952381
f 1151 1152 1153
f 1151 1153 1154
v -0.09 0 0.919952380952381
v -0.06 0 0.919952380952381
v -0.06 0 0.941952380952381
v -0.09 0 0.941952380952381
f 1155 1156 1157
f 1155 1157 1158
v -0.09 12.38 0.919952380952381
v -0.09 12.38 0.941952380952381
v -0.06 12.38 0.941952380952381
v -0.06 12.38 0.919952380952381
f 1159 1160 1161
f 1159 1161 1162
v -0.09 0 0.919952380952381
v -0.09 12.38 0.919952380952381
v -0.06 12.38 0.919952380952381
v -0.06 0 0.919952380952381
f 1163 1164 1165
f 1163 1165 1166
v -0.09 0 0.941952380952381
v -0.06 0 0.941952380952381
v -0.06 12.38 0.941952380952381
v -0.09 12.38 0.941952380952381
f 1167 1168 1169
f 1167 1169 1170
usemtl c_128_81_47
v -0.09 0 1.1061428571428573
v -0.09 0 1.1281428571428571
v -0.09 12.38 1.1281428571428571
v -0.09 12.38 1.1061428571428573
f 1171 1172 1173
f 1171 1173 1174
v -0.06 0 1.1061428571428573
v -0.06 12.38 1.1061428571428573
v -0.06 12.38 1.1281428571428571
v -0.06 0 1.1281428571428571
f 1175 1176 1177
f 1175 1177 1178
v -0.09 0 1.1061428571428573
v -0.06 0 1.1061428571428573
v -0.06 0 1.1281428571428571
v -0.09 0 1.1281428571428571
f 1179 1180 1181
f 1179 1181 1182
v -0.09 12.38 1.1061428571428573
v -0.09 12.38 1.1281428571428571
v -0.06 12.38 1.1281428571428571
v -0.06 12.38 1.1061428571428573
f 1183 1184 1185
f 1183 1185 1186
v -0.09 0 1.1061428571428573
v -0.09 12.38 1.1061428571428573
v -0.06 12.38 1.1061428571428573
v -0.06 0 1.1061428571428573
f 1187 1188 1189
f 1187 1189 1190
v -0.09 0 1.1281428571428571
v -0.06 0 1.1281428571428571
v -0.06 12.38 1.1281428571428571
v -0.09 12.38 1.1281428571428571
f 1191 1192 1193
f 1191 1193 1194
usemtl c_128_81_47
v -0.09 0 1.2923333333333336
v -0.09 0 1.3143333333333334
v -0.09 12.38 1.3143333333333334
v -0.09 12.38 1.2923333333333336
f 1195 1196 1197
f 1195 1197 1198
v -0.06 0 1.2923333333333336
v -0.06 12.38 1.2923333333333336
v -0.06 12.38 1.3143333333333334
v -0.06 0 1.3143333333333334
f 1199 1200 1201
f 1199 1201 1202
v -0.09 0 1.2923333333333336
v -0.06 0 1.2923333333333336
v -0.06 0 1.3143333333333334
v -0.09 0 1.3143333333333334
f 1203 1204 1205
f 1203 1205 1206
v -0.09 12.38 1.2923333333333336
v -0.09 12.38 1.3143333333333334
v -0.06 12.38 1.3143333333333334
v -0.06 12.38 1.2923333333333336
f 1207 1208 1209
f 1207 1209 1210
v -0.09 0 1.2923333333333336
v -0.09 12.38 1.2923333333333336
v -0.06 12.38 1.2923333333333336
v -0.06 0 1.2923333333333336
f 1211 1212 1213
f 1211 1213 1214
v -0.09 0 1.3143333333333334
v -0.06 0 1.3143333333333334
v -0.06 12.38 1.3143333333333334
v -0.09 12.38 1.3143333333333334
f 1215 1216 1217
f 1215 1217 1218
usemtl c_128_81_47
v -0.09 0 1.4785238095238096
v -0.09 0 1.5005238095238094
v -0.09 12.38 1.5005238095238094
v -0.09 12.38 1.4785238095238096
f 1219 1220 1221
f 1219 1221 1222
v -0.06 0 1.4785238095238096
v -0.06 12.38 1.4785238095238096
v -0.06 12.38 1.5005238095238094
v -0.06 0 1.5005238095238094
f 1223 1224 1225
f 1223 1225 1226
v -0.09 0 1.4785238095238096
v -0.06 0 1.4785238095238096
v -0.06 0 1.5005238095238094
v -0.09 0 1.5005238095238094
f 1227 1228 1229
f 1227 1229 1230
v -0.09 12.38 1.4785238095238096
v -0.09 12.38 1.5005238095238094
v -0.06 12.38 1.5005238095238094
v -0.06 12.38 1.4785238095238096
f 1231 1232 1233
f 1231 1233 1234
v -0.09 0 1.4785238095238096
v -0.09 12.38 1.4785238095238096
v -0.06 12.38 1.4785238095238096
v -0.06 0 1.4785238095238096
f 1235 1236 1237
f 1235 1237 1238
v -0.09 0 1.5005238095238094
v -0.06 0 1.5005238095238094
v -0.06 12.38 1.5005238095238094
v -0.09 12.38 1.5005238095238094
f 1239 1240 1241
f 1239 1241 1242
usemtl c_128_81_47
v -0.09 0 1.6647142857142858
v -0.09 0 1.6867142857142856
v -0.09 12.38 1.6867142857142856
v -0.09 12.38 1.6647142857142858
f 1243 1244 1245
f 1243 1245 1246
v -0.06 0 1.6647142857142858
v -0.06 12.38 1.6647142857142858
v -0.06 12.38 1.6867142857142856
v -0.06 0 1.6867142857142856
f 1247 1248 1249
f 1247 1249 1250
v -0.09 0 1.6647142857142858
v -0.06 0 1.6647142857142858
v -0.06 0 1.6867142857142856
v -0.09 0 1.6867142857142856
f 1251 1252 1253
f 1251 1253 1254
v -0.09 12.38 1.6647142857142858
v -0.09 12.38 1.6867142857142856
v -0.06 12.38 1.6867142857142856
v -0.06 12.38 1.6647142857142858
f 1255 1256 1257
f 1255 1257 1258
v -0.09 0 1.6647142857142858
v -0.09 12.38 1.6647142857142858
v -0.06 12.38 1.6647142857142858
v -0.06 0 1.6647142857142858
f 1259 1260 1261
f 1259 1261 1262
v -0.09 0 1.6867142857142856
v -0.06 0 1.6867142857142856
v -0.06 12.38 1.6867142857142856
v -0.09 12.38 1.6867142857142856
f 1263 1264 1265
f 1263 1265 1266
usemtl c_128_81_47
v -0.09 0 1.850904761904762
v -0.09 0 1.8729047619047619
v -0.09 12.38 1.8729047619047619
v -0.09 12.38 1.850904761904762
f 1267 1268 1269
f 1267 1269 1270
v -0.06 0 1.850904761904762
v -0.06 12.38 1.850904761904762
v -0.06 12.38 1.8729047619047619
v -0.06 0 1.8729047619047619
f 1271 1272 1273
f 1271 1273 1274
v -0.09 0 1.850904761904762
v -0.06 0 1.850904761904762
v -0.06 0 1.8729047619047619
v -0.09 0 1.8729047619047619
f 1275 1276 1277
f 1275 1277 1278
v -0.09 12.38 1.850904761904762
v -0.09 12.38 1.8729047619047619
v -0.06 12.38 1.8729047619047619
v -0.06 12.38 1.850904761904762
f 1279 1280 1281
f 1279 1281 1282
v -0.09 0 1.850904761904762
v -0.09 12.38 1.850904761904762
v -0.06 12.38 1.850904761904762
v -0.06 0 1.850904761904762
f 1283 1284 1285
f 1283 1285 1286
v -0.09 0 1.8729047619047619
v -0.06 0 1.8729047619047619
v -0.06 12.38 1.8729047619047619
v -0.09 12.38 1.8729047619047619
f 1287 1288 1289
f 1287 1289 1290
usemtl c_128_81_47
v -0.09 0 2.037095238095238
v -0.09 0 2.0590952380952383
v -0.09 12.38 2.0590952380952383
v -0.09 12.38 2.037095238095238
f 1291 1292 1293
f 1291 1293 1294
v -0.06 0 2.037095238095238
v -0.06 12.38 2.037095238095238
v -0.06 12.38 2.0590952380952383
v -0.06 0 2.0590952380952383
f 1295 1296 1297
f 1295 1297 1298
v -0.09 0 2.037095238095238
v -0.06 0 2.037095238095238
v -0.06 0 2.0590952380952383
v -0.09 0 2.0590952380952383
f 1299 1300 1301
f 1299 1301 1302
v -0.09 12.38 2.037095238095238
v -0.09 12.38 2.0590952380952383
v -0.06 12.38 2.0590952380952383
v -0.06 12.38 2.037095238095238
f 1303 1304 1305
f 1303 1305 1306
v -0.09 0 2.037095238095238
v -0.09 12.38 2.037095238095238
v -0.06 12.38 2.037095238095238
v -0.06 0 2.037095238095238
f 1307 1308 1309
f 1307 1309 1310
v -0.09 0 2.0590952380952383
v -0.06 0 2.0590952380952383
v -0.06 12.38 2.0590952380952383
v -0.09 12.38 2.0590952380952383
f 1311 1312 1313
f 1311 1313 1314
usemtl c_128_81_47
v -0.09 0 2.2232857142857143
v -0.09 0 2.2452857142857146
v -0.09 12.38 2.2452857142857146
v -0.09 12.38 2.2232857142857143
f 1315 1316 1317
f 1315 1317 1318
v -0.06 0 2.2232857142857143
v -0.06 12.38 2.2232857142857143
v -0.06 12.38 2.2452857142857146
v -0.06 0 2.2452857142857146
f 1319 1320 1321
f 1319 1321 1322
v -0.09 0 2.2232857142857143
v -0.06 0 2.2232857142857143
v -0.06 0 2.2452857142857146
v -0.09 0 2.2452857142857146
f 1323 1324 1325
f 1323 1325 1326
v -0.09 12.38 2.2232857142857143
v -0.09 12.38 2.2452857142857146
v -0.06 12.38 2.2452857142857146
v -0.06 12.38 2.2232857142857143
f 1327 1328 1329
f 1327 1329 1330
v -0.09 0 2.2232857142857143
v -0.09 12.38 2.2232857142857143
v -0.06 12.38 2.2232857142857143
v -0.06 0 2.2232857142857143
f 1331 1332 1333
f 1331 1333 1334
v -0.09 0 2.2452857142857146
v -0.06 0 2.2452857142857146
v -0.06 12.38 2.2452857142857146
v -0.09 12.38 2.2452857142857146
f 1335 1336 1337
f 1335 1337 1338
usemtl c_128_81_47
v -0.09 0 2.40947619047619
v -0.09 0 2.4314761904761903
v -0.09 12.38 2.4314761904761903
v -0.09 12.38 2.40947619047619
f 1339 1340 1341
f 1339 1341 1342
v -0.06 0 2.40947619047619
v -0.06 12.38 2.40947619047619
v -0.06 12.38 2.4314761904761903
v -0.06 0 2.4314761904761903
f 1343 1344 1345
f 1343 1345 1346
v -0.09 0 2.40947619047619
v -0.06 0 2.40947619047619
v -0.06 0 2.4314761904761903
v -0.09 0 2.4314761904761903
f 1347 1348 1349
f 1347 1349 1350
v -0.09 12.38 2.40947619047619
v -0.09 12.38 2.4314761904761903
v -0.06 12.38 2.4314761904761903
v -0.06 12.38 2.40947619047619
f 1351 1352 1353
f 1351 1353 1354
v -0.09 0 2.40947619047619
v -0.09 12.38 2.40947619047619
v -0.06 12.38 2.40947619047619
v -0.06 0 2.40947619047619
f 1355 1356 1357
f 1355 1357 1358
v -0.09 0 2.4314761904761903
v -0.06 0 2.4314761904761903
v -0.06 12.38 2.4314761904761903
v -0.09 12.38 2.4314761904761903
f 1359 1360 1361
f 1359 1361 1362
usemtl c_128_81_47
v -0.09 0 2.595666666666667
v -0.09 0 2.617666666666667
v -0.09 12.38 2.617666666666667
v -0.09 12.38 2.595666666666667
f 1363 1364 1365
f 1363 1365 1366
v -0.06 0 2.595666666666667
v -0.06 12.38 2.595666666666667
v -0.06 12.38 2.617666666666667
v -0.06 0 2.617666666666667
f 1367 1368 1369
f 1367 1369 1370
v -0.09 0 2.595666666666667
v -0.06 0 2.595666666666667
v -0.06 0 2.617666666666667
v -0.09 0 2.617666666666667
f 1371 1372 1373
f 1371 1373 1374
v -0.09 12.38 2.595666666666667
v -0.09 12.38 2.617666666666667
v -0.06 12.38 2.617666666666667
v -0.06 12.38 2.595666666666667
f 1375 1376 1377
f 1375 1377 1378
v -0.09 0 2.595666666666667
v -0.09 12.38 2.595666666666667
v -0.06 12.38 2.595666666666667
v -0.06 0 2.595666666666667
f 1379 1380 1381
f 1379 1381 1382
v -0.09 0 2.617666666666667
v -0.06 0 2.617666666666667
v -0.06 12.38 2.617666666666667
v -0.09 12.38 2.617666666666667
f 1383 1384 1385
f 1383 1385 1386
usemtl c_128_81_47
v -0.09 0 2.781857142857143
v -0.09 0 2.8038571428571433
v -0.09 12.38 2.8038571428571433
v -0.09 12.38 2.781857142857143
f 1387 1388 1389
f 1387 1389 1390
v -0.06 0 2.781857142857143
v -0.06 12.38 2.781857142857143
v -0.06 12.38 2.8038571428571433
v -0.06 0 2.8038571428571433
f 1391 1392 1393
f 1391 1393 1394
v -0.09 0 2.781857142857143
v -0.06 0 2.781857142857143
v -0.06 0 2.8038571428571433
v -0.09 0 2.8038571428571433
f 1395 1396 1397
f 1395 1397 1398
v -0.09 12.38 2.781857142857143
v -0.09 12.38 2.8038571428571433
v -0.06 12.38 2.8038571428571433
v -0.06 12.38 2.781857142857143
f 1399 1400 1401
f 1399 1401 1402
v -0.09 0 2.781857142857143
v -0.09 12.38 2.781857142857143
v -0.06 12.38 2.781857142857143
v -0.06 0 2.781857142857143
f 1403 1404 1405
f 1403 1405 1406
v -0.09 0 2.8038571428571433
v -0.06 0 2.8038571428571433
v -0.06 12.38 2.8038571428571433
v -0.09 12.38 2.8038571428571433
f 1407 1408 1409
f 1407 1409 1410
usemtl c_128_81_47
v -0.09 0 2.968047619047619
v -0.09 0 2.990047619047619
v -0.09 12.38 2.990047619047619
v -0.09 12.38 2.968047619047619
f 1411 1412 1413
f 1411 1413 1414
v -0.06 0 2.968047619047619
v -0.06 12.38 2.968047619047619
v -0.06 12.38 2.990047619047619
v -0.06 0 2.990047619047619
f 1415 1416 1417
f 1415 1417 1418
v -0.09 0 2.968047619047619
v -0.06 0 2.968047619047619
v -0.06 0 2.990047619047619
v -0.09 0 2.990047619047619
f 1419 1420 1421
f 1419 1421 1422
v -0.09 12.38 2.968047619047619
v -0.09 12.38 2.990047619047619
v -0.06 12.38 2.990047619047619
v -0.06 12.38 2.968047619047619
f 1423 1424 1425
f 1423 1425 1426
v -0.09 0 2.968047619047619
v -0.09 12.38 2.968047619047619
v -0.06 12.38 2.968047619047619
v -0.06 0 2.968047619047619
f 1427 1428 1429
f 1427 1429 1430
v -0.09 0 2.990047619047619
v -0.06 0 2.990047619047619
v -0.06 12.38 2.990047619047619
v -0.09 12.38 2.990047619047619
f 1431 1432 1433
f 1431 1433 1434
usemtl c_128_81_47
v -0.09 0 3.154238095238095
v -0.09 0 3.1762380952380953
v -0.09 12.38 3.1762380952380953
v -0.09 12.38 3.154238095238095
f 1435 1436 1437
f 1435 1437 1438
v -0.06 0 3.154238095238095
v -0.06 12.38 3.154238095238095
v -0.06 12.38 3.1762380952380953
v -0.06 0 3.1762380952380953
f 1439 1440 1441
f 1439 1441 1442
v -0.09 0 3.154238095238095
v -0.06 0 3.154238095238095
v -0.06 0 3.1762380952380953
v -0.09 0 3.1762380952380953
f 1443 1444 1445
f 1443 1445 1446
v -0.09 12.38 3.154238095238095
v -0.09 12.38 3.1762380952380953
v -0.06 12.38 3.1762380952380953
v -0.06 12.38 3.154238095238095
f 1447 1448 1449
f 1447 1449 1450
v -0.09 0 3.154238095238095
v -0.09 12.38 3.154238095238095
v -0.06 12.38 3.154238095238095
v -0.06 0 3.154238095238095
f 1451 1452 1453
f 1451 1453 1454
v -0.09 0 3.1762380952380953
v -0.06 0 3.1762380952380953
v -0.06 12.38 3.1762380952380953
v -0.09 12.38 3.1762380952380953
f 1455 1456 1457
f 1455 1457 1458
usemtl c_128_81_47
v -0.09 0 3.3404285714285713
v -0.09 0 3.3624285714285715
v -0.09 12.38 3.3624285714285715
v -0.09 12.38 3.3404285714285713
f 1459 1460 1461
f 1459 1461 1462
v -0.06 0 3.3404285714285713
v -0.06 12.38 3.3404285714285713
v -0.06 12.38 3.3624285714285715
v -0.06 0 3.3624285714285715
f 1463 1464 1465
f 1463 1465 1466
v -0.09 0 3.3404285714285713
v -0.06 0 3.3404285714285713
v -0.06 0 3.3624285714285715
v -0.09 0 3.3624285714285715
f 1467 1468 1469
f 1467 1469 1470
v -0.09 12.38 3.3404285714285713
v -0.09 12.38 3.3624285714285715
v -0.06 12.38 3.3624285714285715
v -0.06 12.38 3.3404285714285713
f 1471 1472 1473
f 1471 1473 1474
v -0.09 0 3.3404285714285713
v -0.09 12.38 3.3404285714285713
v -0.06 12.38 3.3404285714285713
v -0.06 0 3.3404285714285713
f 1475 1476 1477
f 1475 1477 1478
v -0.09 0 3.3624285714285715
v -0.06 0 3.3624285714285715
v -0.06 12.38 3.3624285714285715
v -0.09 12.38 3.3624285714285715
f 1479 1480 1481
f 1479 1481 1482
usemtl c_128_81_47
v -0.09 0 3.526619047619048
v -0.09 0 3.5486190476190482
v -0.09 12.38 3.5486190476190482
v -0.09 12.38 3.526619047619048
f 1483 1484 1485
f 1483 1485 1486
v -0.06 0 3.526619047619048
v -0.06 12.38 3.526619047619048
v -0.06 12.38 3.5486190476190482
v -0.06 0 3.5486190476190482
f 1487 1488 1489
f 1487 1489 1490
v -0.09 0 3.526619047619048
v -0.06 0 3.526619047619048
v -0.06 0 3.5486190476190482
v -0.09 0 3.5486190476190482
f 1491 1492 1493
f 1491 1493 1494
v -0.09 12.38 3.526619047619048
v -0.09 12.38 3.5486190476190482
v -0.06 12.38 3.5486190476190482
v -0.06 12.38 3.526619047619048
f 1495 1496 1497
f 1495 1497 1498
v -0.09 0 3.526619047619048
v -0.09 12.38 3.526619047619048
v -0.06 12.38 3.526619047619048
v -0.06 0 3.526619047619048
f 1499 1500 1501
f 1499 1501 1502
v -0.09 0 3.5486190476190482
v -0.06 0 3.5486190476190482
v -0.06 12.38 3.5486190476190482
v -0.09 12.38 3.5486190476190482
f 1503 1504 1505
f 1503 1505 1506
usemtl c_128_81_47
v -0.09 0 3.712809523809524
v -0.09 0 3.734809523809524
v -0.09 12.38 3.734809523809524
v -0.09 12.38 3.712809523809524
f 1507 1508 1509
f 1507 1509 1510
v -0.06 0 3.712809523809524
v -0.06 12.38 3.712809523809524
v -0.06 12.38 3.734809523809524
v -0.06 0 3.734809523809524
f 1511 1512 1513
f 1511 1513 1514
v -0.09 0 3.712809523809524
v -0.06 0 3.712809523809524
v -0.06 0 3.734809523809524
v -0.09 0 3.734809523809524
f 1515 1516 1517
f 1515 1517 1518
v -0.09 12.38 3.712809523809524
v -0.09 12.38 3.734809523809524
v -0.06 12.38 3.734809523809524
v -0.06 12.38 3.712809523809524
f 1519 1520 1521
f 1519 1521 1522
v -0.09 0 3.712809523809524
v -0.09 12.38 3.712809523809524
v -0.06 12.38 3.712809523809524
v -0.06 0 3.712809523809524
f 1523 1524 1525
f 1523 1525 1526
v -0.09 0 3.734809523809524
v -0.06 0 3.734809523809524
v -0.06 12.38 3.734809523809524
v -0.09 12.38 3.734809523809524
f 1527 1528 1529
f 1527 1529 1530
usemtl c_128_81_47
v 15.479999999999999 0 0.17519047619047617
v 15.479999999999999 0 0.1971904761904762
v 15.479999999999999 12.38 0.1971904761904762
v 15.479999999999999 12.38 0.17519047619047617
f 1531 1532 1533
f 1531 1533 1534
v 15.51 0 0.17519047619047617
v 15.51 12.38 0.17519047619047617
v 15.51 12.38 0.1971904761904762
v 15.51 0 0.1971904761904762
f 1535 1536 1537
f 1535 1537 1538
v 15.479999999999999 0 0.17519047619047617
v 15.51 0 0.17519047619047617
v 15.51 0 0.1971904761904762
v 15.479999999999999 0 0.1971904761904762
f 1539 1540 1541
f 1539 1541 1542
v 15.479999999999999 12.38 0.17519047619047617
v 15.479999999999999 12.38 0.1971904761904762
v 15.51 12.38 0.1971904761904762
v 15.51 12.38 0.17519047619047617
f 1543 1544 1545
f 1543 1545 1546
v 15.479999999999999 0 0.17519047619047617
v 15.479999999999999 12.38 0.17519047619047617
v 15.51 12.38 0.17519047619047617
v 15.51 0 0.17519047619047617
f 1547 1548 1549
f 1547 1549 1550
v 15.479999999999999 0 0.1971904761904762
v 15.51 0 0.1971904761904762
v 15.51 12.38 0.1971904761904762
v 15.479999999999999 12.38 0.1971904761904762
f 1551 1552 1553
f 1551 1553 1554
usemtl c_128_81_47
v 15.479999999999999 0 0.36138095238095236
v 15.479999999999999 0 0.3833809523809524
v 15.479999999999999 12.38 0.3833809523809524
v 15.479999999999999 12.38 0.36138095238095236
f 1555 1556 1557
f 1555 1557 1558
v 15.51 0 0.36138095238095236
v 15.51 12.38 0.36138095238095236
v 15.51 12.38 0.3833809523809524
v 15.51 0 0.3833809523809524
f 1559 1560 1561
f 1559 1561 1562
v 15.479999999999999 0 0.36138095238095236
v 15.51 0 0.36138095238095236
v 15.51 0 0.3833809523809524
v 15.479999999999999 0 0.3833809523809524
f 1563 1564 1565
f 1563 1565 1566
v 15.479999999999999 12.38 0.36138095238095236
v 15.479999999999999 12.38 0.3833809523809524
v 15.51 12.38 0.3833809523809524
v 15.51 12.38 0.36138095238095236
f 1567 1568 1569
f 1567 1569 1570
v 15.479999999999999 0 0.36138095238095236
v 15.479999999999999 12.38 0.36138095238095236
v 15.51 12.38 0.36138095238095236
v 15.51 0 0.36138095238095236
f 1571 1572 1573
f 1571 1573 1574
v 15.479999999999999 0 0.3833809523809524
v 15.51 0 0.3833809523809524
v 15.51 12.38 0.3833809523809524
v 15.479999999999999 12.38 0.3833809523809524
f 1575 1576 1577
f 1575 1577 1578
usemtl c_128_81_47
v 15.479999999999999 0 0.5475714285714286
v 15.479999999999999 0 0.5695714285714286
v 15.479999999999999 12.38 0.5695714285714286
v 15.479999999999999 12.38 0.5475714285714286
f 1579 1580 1581
f 1579 1581 1582
v 15.51 0 0.5475714285714286
v 15.51 12.38 0.5475714285714286
v 15.51 12.38 0.5695714285714286
v 15.51 0 0.5695714285714286
f 1583 1584 1585
f 1583 1585 1586
v 15.479999999999999 0 0.5475714285714286
v 15.51 0 0.5475714285714286
v 15.51 0 0.5695714285714286
v 15.479999999999999 0 0.5695714285714286
f 1587 1588 1589
f 1587 1589 1590
v 15.479999999999999 12.38 0.5475714285714286
v 15.479999999999999 12.38 0.5695714285714286
v 15.51 12.38 0.5695714285714286
v 15.51 12.38 0.5475714285714286
f 1591 1592 1593
f 1591 1593 1594
v 15.479999999999999 0 0.5475714285714286
v 15.479999999999999 12.38 0.5475714285714286
v 15.51 12.38 0.5475714285714286
v 15.51 0 0.5475714285714286
f 1595 1596 1597
f 1595 1597 1598
v 15.479999999999999 0 0.5695714285714286
v 15.51 0 0.5695714285714286
v 15.51 12.38 0.5695714285714286
v 15.479999999999999 12.38 0.5695714285714286
f 1599 1600 1601
f 1599 1601 1602
usemtl c_128_81_47
v 15.479999999999999 0 0.7337619047619047
v 15.479999999999999 0 0.7557619047619047
v 15.479999999999999 12.38 0.7557619047619047
v 15.479999999999999 12.38 0.7337619047619047
f 1603 1604 1605
f 1603 1605 1606
v 15.51 0 0.7337619047619047
v 15.51 12.38 0.7337619047619047
v 15.51 12.38 0.7557619047619047
v 15.51 0 0.7557619047619047
f 1607 1608 1609
f 1607 1609 1610
v 15.479999999999999 0 0.7337619047619047
v 15.51 0 0.7337619047619047
v 15.51 0 0.7557619047619047
v 15.479999999999999 0 0.7557619047619047
f 1611 1612 1613
f 1611 1613 1614
v 15.479999999999999 12.38 0.7337619047619047
v 15.479999999999999 12.38 0.7557619047619047
v 15.51 12.38 0.7557619047619047
v 15.51 12.38 0.7337619047619047
f 1615 1616 1617
f 1615 1617 1618
v 15.479999999999999 0 0.7337619047619047
v 15.479999999999999 12.38 0.7337619047619047
v 15.51 12.38 0.7337619047619047
v 15.51 0 0.7337619047619047
f 1619 1620 1621
f 1619 1621 1622
v 15.479999999999999 0 0.7557619047619047
v 15.51 0 0.7557619047619047
v 15.51 12.38 0.7557619047619047
v 15.479999999999999 12.38 0.7557619047619047
f 1623 1624 1625
f 1623 1625 1626
usemtl c_128_81_47
v 15.479999999999999 0 0.919952380952381
v 15.479999999999999 0 0.941952380952381
v 15.479999999999999 12.38 0.941952380952381
v 15.479999999999999 12.38 0.919952380952381
f 1627 1628 1629
f 1627 1629 1630
v 15.51 0 0.919952380952381
v 15.51 12.38 0.919952380952381
v 15.51 12.38 0.941952380952381
v 15.51 0 0.941952380952381
f 1631 1632 1633
f 1631 1633 1634
v 15.479999999999999 0 0.919952380952381
v 15.51 0 0.919952380952381
v 15.51 0 0.941952380952381
v 15.479999999999999 0 0.941952380952381
f 1635 1636 1637
f 1635 1637 1638
v 15.479999999999999 12.38 0.919952380952381
v 15.479999999999999 12.38 0.941952380952381
v 15.51 12.38 0.941952380952381
v 15.51 12.38 0.919952380952381
f 1639 1640 1641
f 1639 1641 1642
v 15.479999999999999 0 0.919952380952381
v 15.479999999999999 12.38 0.919952380952381
v 15.51 12.38 0.919952380952381
v 15.51 0 0.919952380952381
f 1643 1644 1645
f 1643 1645 1646
v 15.479999999999999 0 0.941952380952381
v 15.51 0 0.941952380952381
v 15.51 12.38 0.941952380952381
v 15.479999999999999 12.38 0.941952380952381
f 1647 1648 1649
f 1647 1649 1650
usemtl c_128_81_47
v 15.479999999999999 0 1.1061428571428573
v 15.479999999999999 0 1.1281428571428571
v 15.479999999999999 12.38 1.1281428571428571
v 15.479999999999999 12.38 1.1061428571428573
f 1651 1652 1653
f 1651 1653 1654
v 15.51 0 1.1061428571428573
v 15.51 12.38 1.1061428571428573
v 15.51 12.38 1.1281428571428571
v 15.51 0 1.1281428571428571
f 1655 1656 1657
f 1655 1657 1658
v 15.479999999999999 0 1.1061428571428573
v 15.51 0 1.1061428571428573
v 15.51 0 1.1281428571428571
v 15.479999999999999 0 1.1281428571428571
f 1659 1660 1661
f 1659 1661 1662
v 15.479999999999999 12.38 1.1061428571428573
v 15.479999999999999 12.38 1.1281428571428571
v 15.51 12.38 1.1281428571428571
v 15.51 12.38 1.1061428571428573
f 1663 1664 1665
f 1663 1665 1666
v 15.479999999999999 0 1.1061428571428573
v 15.479999999999999 12.38 1.1061428571428573
v 15.51 12.38 1.1061428571428573
v 15.51 0 1.1061428571428573
f 1667 1668 1669
f 1667 1669 1670
v 15.479999999999999 0 1.1281428571428571
v 15.51 0 1.1281428571428571
v 15.51 12.38 1.1281428571428571
v 15.479999999999999 12.38 1.1281428571428571
f 1671 1672 1673
f 1671 1673 1674
usemtl c_128_81_47
v 15.479999999999999 0 1.2923333333333336
v 15.479999999999999 0 1.3143333333333334
v 15.479999999999999 12.38 1.3143333333333334
v 15.479999999999999 12.38 1.2923333333333336
f 1675 1676 1677
f 1675 1677 1678
v 15.51 0 1.2923333333333336
v 15.51 12.38 1.2923333333333336
v 15.51 12.38 1.3143333333333334
v 15.51 0 1.3143333333333334
f 1679 1680 1681
f 1679 1681 1682
v 15.479999999999999 0 1.2923333333333336
v 15.51 0 1.2923333333333336
v 15.51 0 1.3143333333333334
v 15.479999999999999 0 1.3143333333333334
f 1683 1684 1685
f 1683 1685 1686
v 15.479999999999999 12.38 1.2923333333333336
v 15.479999999999999 12.38 1.3143333333333334
v 15.51 12.38 1.3143333333333334
v 15.51 12.38 1.2923333333333336
f 1687 1688 1689
f 1687 1689 1690
v 15.479999999999999 0 1.2923333333333336
v 15.479999999999999 12.38 1.2923333333333336
v 15.51 12.38 1.2923333333333336
v 15.51 0 1.2923333333333336
f 1691 1692 1693
f 1691 1693 1694
v 15.479999999999999 0 1.3143333333333334
v 15.51 0 1.3143333333333334
v 15.51 12.38 1.3143333333333334
v 15.479999999999999 12.38 1.3143333333333334
f 1695 1696 1697
f 1695 1697 1698
usemtl c_128_81_47
v 15.479999999999999 0 1.4785238095238096
v 15.479999999999999 0 1.5005238095238094
v 15.479999999999999 12.38 1.5005238095238094
v 15.479999999999999 12.38 1.4785238095238096
f 1699 1700 1701
f 1699 1701 1702
v 15.51 0 1.4785238095238096
v 15.51 12.38 1.4785238095238096
v 15.51 12.38 1.5005238095238094
v 15.51 0 1.5005238095238094
f 1703 1704 1705
f 1703 1705 1706
v 15.479999999999999 0 1.4785238095238096
v 15.51 0 1.4785238095238096
v 15.51 0 1.5005238095238094
v 15.479999999999999 0 1.5005238095238094
f 1707 1708 1709
f 1707 1709 1710
v 15.479999999999999 12.38 1.4785238095238096
v 15.479999999999999 12.38 1.5005238095238094
v 15.51 12.38 1.5005238095238094
v 15.51 12.38 1.4785238095238096
f 1711 1712 1713
f 1711 1713 1714
v 15.479999999999999 0 1.4785238095238096
v 15.479999999999999 12.38 1.4785238095238096
v 15.51 12.38 1.4785238095238096
v 15.51 0 1.4785238095238096
f 1715 1716 1717
f 1715 1717 1718
v 15.479999999999999 0 1.5005238095238094
v 15.51 0 1.5005238095238094
v 15.51 12.38 1.5005238095238094
v 15.479999999999999 12.38 1.5005238095238094
f 1719 1720 1721
f 1719 1721 1722
usemtl c_128_81_47
v 15.479999999999999 0 1.6647142857142858
v 15.479999999999999 0 1.6867142857142856
v 15.479999999999999 12.38 1.6867142857142856
v 15.479999999999999 12.38 1.6647142857142858
f 1723 1724 1725
f 1723 1725 1726
v 15.51 0 1.6647142857142858
v 15.51 12.38 1.6647142857142858
v 15.51 12.38 1.6867142857142856
v 15.51 0 1.6867142857142856
f 1727 1728 1729
f 1727 1729 1730
v 15.479999999999999 0 1.6647142857142858
v 15.51 0 1.6647142857142858
v 15.51 0 1.6867142857142856
v 15.479999999999999 0 1.6867142857142856
f 1731 1732 1733
f 1731 1733 1734
v 15.479999999999999 12.38 1.6647142857142858
v 15.479999999999999 12.38 1.6867142857142856
v 15.51 12.38 1.6867142857142856
v 15.51 12.38 1.6647142857142858
f 1735 1736 1737
f 1735 1737 1738
v 15.479999999999999 0 1.6647142857142858
v 15.479999999999999 12.38 1.6647142857142858
v 15.51 12.38 1.6647142857142858
v 15.51 0 1.6647142857142858
f 1739 1740 1741
f 1739 1741 1742
v 15.479999999999999 0 1.6867142857142856
v 15.51 0 1.6867142857142856
v 15.51 12.38 1.6867142857142856
v 15.479999999999999 12.38 1.6867142857142856
f 1743 1744 1745
f 1743 1745 1746
usemtl c_128_81_47
v 15.479999999999999 0 1.850904761904762
v 15.479999999999999 0 1.8729047619047619
v 15.479999999999999 12.38 1.8729047619047619
v 15.479999999999999 12.38 1.850904761904762
f 1747 1748 1749
f 1747 1749 1750
v 15.51 0 1.850904761904762
v 15.51 12.38 1.850904761904762
v 15.51 12.38 1.8729047619047619
v 15.51 0 1.8729047619047619
f 1751 1752 1753
f 1751 1753 1754
v 15.479999999999999 0 1.850904761904762
v 15.51 0 1.850904761904762
v 15.51 0 1.8729047619047619
v 15.479999999999999 0 1.8729047619047619
f 1755 1756 1757
f 1755 1757 1758
v 15.479999999999999 12.38 1.850904761904762
v 15.479999999999999 12.38 1.8729047619047619
v 15.51 12.38 1.8729047619047619
v 15.51 12.38 1.850904761904762
f 1759 1760 1761
f 1759 1761 1762
v 15.479999999999999 0 1.850904761904762
v 15.479999999999999 12.38 1.850904761904762
v 15.51 12.38 1.850904761904762
v 15.51 0 1.850904761904762
f 1763 1764 1765
f 1763 1765 1766
v 15.479999999999999 0 1.8729047619047619
v 15.51 0 1.8729047619047619
v 15.51 12.38 1.8729047619047619
v 15.479999999999999 12.38 1.8729047619047619
f 1767 1768 1769
f 1767 1769 1770
usemtl c_128_81_47
v 15.479999999999999 0 2.037095238095238
v 15.479999999999999 0 2.0590952380952383
v 15.479999999999999 12.38 2.0590952380952383
v 15.479999999999999 12.38 2.037095238095238
f 1771 1772 1773
f 1771 1773 1774
v 15.51 0 2.037095238095238
v 15.51 12.38 2.037095238095238
v 15.51 12.38 2.0590952380952383
v 15.51 0 2.0590952380952383
f 1775 1776 1777
f 1775 1777 1778
v 15.479999999999999 0 2.037095238095238
v 15.51 0 2.037095238095238
v 15.51 0 2.0590952380952383
v 15.479999999999999 0 2.0590952380952383
f 1779 1780 1781
f 1779 1781 1782
v 15.479999999999999 12.38 2.037095238095238
v 15.479999999999999 12.38 2.0590952380952383
v 15.51 12.38 2.0590952380952383
v 15.51 12.38 2.037095238095238
f 1783 1784 1785
f 1783 1785 1786
v 15.479999999999999 0 2.037095238095238
v 15.479999999999999 12.38 2.037095238095238
v 15.51 12.38 2.037095238095238
v 15.51 0 2.037095238095238
f 1787 1788 1789
f 1787 1789 1790
v 15.479999999999999 0 2.0590952380952383
v 15.51 0 2.0590952380952383
v 15.51 12.38 2.0590952380952383
v 15.479999999999999 12.38 2.0590952380952383
f 1791 1792 1793
f 1791 1793 1794
usemtl c_128_81_47
v 15.479999999999999 0 2.2232857142857143
v 15.479999999999999 0 2.2452857142857146
v 15.479999999999999 12.38 2.2452857142857146
v 15.479999999999999 12.38 2.2232857142857143
f 1795 1796 1797
f 1795 1797 1798
v 15.51 0 2.2232857142857143
v 15.51 12.38 2.2232857142857143
v 15.51 12.38 2.2452857142857146
v 15.51 0 2.2452857142857146
f 1799 1800 1801
f 1799 1801 1802
v 15.479999999999999 0 2.2232857142857143
v 15.51 0 2.2232857142857143
v 15.51 0 2.2452857142857146
v 15.479999999999999 0 2.2452857142857146
f 1803 1804 1805
f 1803 1805 1806
v 15.479999999999999 12.38 2.2232857142857143
v 15.479999999999999 12.38 2.2452857142857146
v 15.51 12.38 2.2452857142857146
v 15.51 12.38 2.2232857142857143
f 1807 1808 1809
f 1807 1809 1810
v 15.479999999999999 0 2.2232857142857143
v 15.479999999999999 12.38 2.2232857142857143
v 15.51 12.38 2.2232857142857143
v 15.51 0 2.2232857142857143
f 1811 1812 1813
f 1811 1813 1814
v 15.479999999999999 0 2.2452857142857146
v 15.51 0 2.2452857142857146
v 15.51 12.38 2.2452857142857146
v 15.479999999999999 12.38 2.2452857142857146
f 1815 1816 1817
f 1815 1817 1818
usemtl c_128_81_47
v 15.479999999999999 0 2.40947619047619
v 15.479999999999999 0 2.4314761904761903
v 15.479999999999999 12.38 2.4314761904761903
v 15.479999999999999 12.38 2.40947619047619
f 1819 1820 1821
f 1819 1821 1822
v 15.51 0 2.40947619047619
v 15.51 12.38 2.40947619047619
v 15.51 12.38 2.4314761904761903
v 15.51 0 2.4314761904761903
f 1823 1824 1825
f 1823 1825 1826
v 15.479999999999999 0 2.40947619047619
v 15.51 0 2.40947619047619
v 15.51 0 2.4314761904761903
v 15.479999999999999 0 2.4314761904761903
f 1827 1828 1829
f 1827 1829 1830
v 15.479999999999999 12.38 2.40947619047619
v 15.479999999999999 12.38 2.4314761904761903
v 15.51 12.38 2.4314761904761903
v 15.51 12.38 2.40947619047619
f 1831 1832 1833
f 1831 1833 1834
v 15.479999999999999 0 2.40947619047619
v 15.479999999999999 12.38 2.40947619047619
v 15.51 12.38 2.40947619047619
v 15.51 0 2.40947619047619
f 1835 1836 1837
f 1835 1837 1838
v 15.479999999999999 0 2.4314761904761903
v 15.51 0 2.4314761904761903
v 15.51 12.38 2.4314761904761903
v 15.479999999999999 12.38 2.4314761904761903
f 1839 1840 1841
f 1839 1841 1842
usemtl c_128_81_47
v 15.479999999999999 0 2.595666666666667
v 15.479999999999999 0 2.617666666666667
v 15.479999999999999 12.38 2.617666666666667
v 15.479999999999999 12.38 2.595666666666667
f 1843 1844 1845
f 1843 1845 1846
v 15.51 0 2.595666666666667
v 15.51 12.38 2.595666666666667
v 15.51 12.38 2.617666666666667
v 15.51 0 2.617666666666667
f 1847 1848 1849
f 1847 1849 1850
v 15.479999999999999 0 2.595666666666667
v 15.51 0 2.595666666666667
v 15.51 0 2.617666666666667
v 15.479999999999999 0 2.617666666666667
f 1851 1852 1853
f 1851 1853 1854
v 15.479999999999999 12.38 2.595666666666667
v 15.479999999999999 12.38 2.617666666666667
v 15.51 12.38 2.617666666666667
v 15.51 12.38 2.595666666666667
f 1855 1856 1857
f 1855 1857 1858
v 15.479999999999999 0 2.595666666666667
v 15.479999999999999 12.38 2.595666666666667
v 15.51 12.38 2.595666666666667
v 15.51 0 2.595666666666667
f 1859 1860 1861
f 1859 1861 1862
v 15.479999999999999 0 2.617666666666667
v 15.51 0 2.617666666666667
v 15.51 12.38 2.617666666666667
v 15.479999999999999 12.38 2.617666666666667
f 1863 1864 1865
f 1863 1865 1866
usemtl c_128_81_47
v 15.479999999999999 0 2.781857142857143
v 15.479999999999999 0 2.8038571428571433
v 15.479999999999999 12.38 2.8038571428571433
v 15.479999999999999 12.38 2.781857142857143
f 1867 1868 1869
f 1867 1869 1870
v 15.51 0 2.781857142857143
v 15.51 12.38 2.781857142857143
v 15.51 12.38 2.8038571428571433
v 15.51 0 2.8038571428571433
f 1871 1872 1873
f 1871 1873 1874
v 15.479999999999999 0 2.781857142857143
v 15.51 0 2.781857142857143
v 15.51 0 2.8038571428571433
v 15.479999999999999 0 2.8038571428571433
f 1875 1876 1877
f 1875 1877 1878
v 15.479999999999999 12.38 2.781857142857143
v 15.479999999999999 12.38 2.8038571428571433
v 15.51 12.38 2.8038571428571433
v 15.51 12.38 2.781857142857143
f 1879 1880 1881
f 1879 1881 1882
v 15.479999999999999 0 2.781857142857143
v 15.479999999999999 12.38 2.781857142857143
v 15.51 12.38 2.781857142857143
v 15.51 0 2.781857142857143
f 1883 1884 1885
f 1883 1885 1886
v 15.479999999999999 0 2.8038571428571433
v 15.51 0 2.8038571428571433
v 15.51 12.38 2.8038571428571433
v 15.479999999999999 12.38 2.8038571428571433
f 1887 1888 1889
f 1887 1889 1890
usemtl c_128_81_47
v 15.479999999999999 0 2.968047619047619
v 15.479999999999999 0 2.990047619047619
v 15.479999999999999 12.38 2.990047619047619
v 15.479999999999999 12.38 2.968047619047619
f 1891 1892 1893
f 1891 1893 1894
v 15.51 0 2.968047619047619
v 15.51 12.38 2.968047619047619
v 15.51 12.38 2.990047619047619
v 15.51 0 2.990047619047619
f 1895 1896 1897
f 1895 1897 1898
v 15.479999999999999 0 2.968047619047619
v 15.51 0 2.968047619047619
v 15.51 0 2.990047619047619
v 15.479999999999999 0 2.990047619047619
f 1899 1900 1901
f 1899 1901 1902
v 15.479999999999999 12.38 2.968047619047619
v 15.479999999999999 12.38 2.990047619047619
v 15.51 12.38 2.990047619047619
v 15.51 12.38 2.968047619047619
f 1903 1904 1905
f 1903 1905 1906
v 15.479999999999999 0 2.968047619047619
v 15.479999999999999 12.38 2.968047619047619
v 15.51 12.38 2.968047619047619
v 15.51 0 2.968047619047619
f 1907 1908 1909
f 1907 1909 1910
v 15.479999999999999 0 2.990047619047619
v 15.51 0 2.990047619047619
v 15.51 12.38 2.990047619047619
v 15.479999999999999 12.38 2.990047619047619
f 1911 1912 1913
f 1911 1913 1914
usemtl c_128_81_47
v 15.479999999999999 0 3.154238095238095
v 15.479999999999999 0 3.1762380952380953
v 15.479999999999999 12.38 3.1762380952380953
v 15.479999999999999 12.38 3.154238095238095
f 1915 1916 1917
f 1915 1917 1918
v 15.51 0 3.154238095238095
v 15.51 12.38 3.154238095238095
v 15.51 12.38 3.1762380952380953
v 15.51 0 3.1762380952380953
f 1919 1920 1921
f 1919 1921 1922
v 15.479999999999999 0 3.154238095238095
v 15.51 0 3.154238095238095
v 15.51 0 3.1762380952380953
v 15.479999999999999 0 3.1762380952380953
f 1923 1924 1925
f 1923 1925 1926
v 15.479999999999999 12.38 3.154238095238095
v 15.479999999999999 12.38 3.1762380952380953
v 15.51 12.38 3.1762380952380953
v 15.51 12.38 3.154238095238095
f 1927 1928 1929
f 1927 1929 1930
v 15.479999999999999 0 3.154238095238095
v 15.479999999999999 12.38 3.154238095238095
v 15.51 12.38 3.154238095238095
v 15.51 0 3.154238095238095
f 1931 1932 1933
f 1931 1933 1934
v 15.479999999999999 0 3.1762380952380953
v 15.51 0 3.1762380952380953
v 15.51 12.38 3.1762380952380953
v 15.479999999999999 12.38 3.1762380952380953
f 1935 1936 1937
f 1935 1937 1938
usemtl c_128_81_47
v 15.479999999999999 0 3.3404285714285713
v 15.479999999999999 0 3.3624285714285715
v 15.479999999999999 12.38 3.3624285714285715
v 15.479999999999999 12.38 3.3404285714285713
f 1939 1940 1941
f 1939 1941 1942
v 15.51 0 3.3404285714285713
v 15.51 12.38 3.3404285714285713
v 15.51 12.38 3.3624285714285715
v 15.51 0 3.3624285714285715
f 1943 1944 1945
f 1943 1945 1946
v 15.479999999999999 0 3.3404285714285713
v 15.51 0 3.3404285714285713
v 15.51 0 3.3624285714285715
v 15.479999999999999 0 3.3624285714285715
f 1947 1948 1949
f 1947 1949 1950
v 15.479999999999999 12.38 3.3404285714285713
v 15.479999999999999 12.38 3.3624285714285715
v 15.51 12.38 3.3624285714285715
v 15.51 12.38 3.3404285714285713
f 1951 1952 1953
f 1951 1953 1954
v 15.479999999999999 0 3.3404285714285713
v 15.479999999999999 12.38 3.3404285714285713
v 15.51 12.38 3.3404285714285713
v 15.51 0 3.3404285714285713
f 1955 1956 1957
f 1955 1957 1958
v 15.479999999999999 0 3.3624285714285715
v 15.51 0 3.3624285714285715
v 15.51 12.38 3.3624285714285715
v 15.479999999999999 12.38 3.3624285714285715
f 1959 1960 1961
f 1959 1961 1962
usemtl c_128_81_47
v 15.479999999999999 0 3.526619047619048
v 15.479999999999999 0 3.5486190476190482
v 15.479999999999999 12.38 3.5486190476190482
v 15.479999999999999 12.38 3.526619047619048
f 1963 1964 1965
f 1963 1965 1966
v 15.51 0 3.526619047619048
v 15.51 12.38 3.526619047619048
v 15.51 12.38 3.5486190476190482
v 15.51 0 3.5486190476190482
f 1967 1968 1969
f 1967 1969 1970
v 15.479999999999999 0 3.526619047619048
v 15.51 0 3.526619047619048
v 15.51 0 3.5486190476190482
v 15.479999999999999 0 3.5486190476190482
f 1971 1972 1973
f 1971 1973 1974
v 15.479999999999999 12.38 3.526619047619048
v 15.479999999999999 12.38 3.5486190476190482
v 15.51 12.38 3.5486190476190482
v 15.51 12.38 3.526619047619048
f 1975 1976 1977
f 1975 1977 1978
v 15.479999999999999 0 3.526619047619048
v 15.479999999999999 12.38 3.526619047619048
v 15.51 12.38 3.526619047619048
v 15.51 0 3.526619047619048
f 1979 1980 1981
f 1979 1981 1982
v 15.479999999999999 0 3.5486190476190482
v 15.51 0 3.5486190476190482
v 15.51 12.38 3.5486190476190482
v 15.479999999999999 12.38 3.5486190476190482
f 1983 1984 1985
f 1983 1985 1986
usemtl c_128_81_47
v 15.479999999999999 0 3.712809523809524
v 15.479999999999999 0 3.734809523809524
v 15.479999999999999 12.38 3.734809523809524
v 15.479999999999999 12.38 3.712809523809524
f 1987 1988 1989
f 1987 1989 1990
v 15.51 0 3.712809523809524
v 15.51 12.38 3.712809523809524
v 15.51 12.38 3.734809523809524
v 15.51 0 3.734809523809524
f 1991 1992 1993
f 1991 1993 1994
v 15.479999999999999 0 3.712809523809524
v 15.51 0 3.712809523809524
v 15.51 0 3.734809523809524
v 15.479999999999999 0 3.734809523809524
f 1995 1996 1997
f 1995 1997 1998
v 15.479999999999999 12.38 3.712809523809524
v 15.479999999999999 12.38 3.734809523809524
v 15.51 12.38 3.734809523809524
v 15.51 12.38 3.712809523809524
f 1999 2000 2001
f 1999 2001 2002
v 15.479999999999999 0 3.712809523809524
v 15.479999999999999 12.38 3.712809523809524
v 15.51 12.38 3.712809523809524
v 15.51 0 3.712809523809524
f 2003 2004 2005
f 2003 2005 2006
v 15.479999999999999 0 3.734809523809524
v 15.51 0 3.734809523809524
v 15.51 12.38 3.734809523809524
v 15.479999999999999 12.38 3.734809523809524
f 2007 2008 2009
f 2007 2009 2010
usemtl c_31_51_61
v 1.5900000000000003 -0.1225 5.16
v 1.5900000000000003 -0.1225 6.380000000000001
v 1.5900000000000003 -0.07750000000000001 6.380000000000001
v 1.5900000000000003 -0.07750000000000001 5.16
f 2011 2012 2013
f 2011 2013 2014
v 2.81 -0.1225 5.16
v 2.81 -0.07750000000000001 5.16
v 2.81 -0.07750000000000001 6.380000000000001
v 2.81 -0.1225 6.380000000000001
f 2015 2016 2017
f 2015 2017 2018
v 1.5900000000000003 -0.1225 5.16
v 2.81 -0.1225 5.16
v 2.81 -0.1225 6.380000000000001
v 1.5900000000000003 -0.1225 6.380000000000001
f 2019 2020 2021
f 2019 2021 2022
v 1.5900000000000003 -0.07750000000000001 5.16
v 1.5900000000000003 -0.07750000000000001 6.380000000000001
v 2.81 -0.07750000000000001 6.380000000000001
v 2.81 -0.07750000000000001 5.16
f 2023 2024 2025
f 2023 2025 2026
v 1.5900000000000003 -0.1225 5.16
v 1.5900000000000003 -0.07750000000000001 5.16
v 2.81 -0.07750000000000001 5.16
v 2.81 -0.1225 5.16
f 2027 2028 2029
f 2027 2029 2030
v 1.5900000000000003 -0.1225 6.380000000000001
v 2.81 -0.1225 6.380000000000001
v 2.81 -0.07750000000000001 6.380000000000001
v 1.5900000000000003 -0.07750000000000001 6.380000000000001
f 2031 2032 2033
f 2031 2033 2034
usemtl c_16_18_20
v 1.5200000000000002 -0.1405 5.09
v 1.5200000000000002 -0.1405 5.16
v 1.5200000000000002 -0.0655 5.16
v 1.5200000000000002 -0.0655 5.09
f 2035 2036 2037
f 2035 2037 2038
v 2.88 -0.1405 5.09
v 2.88 -0.0655 5.09
v 2.88 -0.0655 5.16
v 2.88 -0.1405 5.16
f 2039 2040 2041
f 2039 2041 2042
v 1.5200000000000002 -0.1405 5.09
v 2.88 -0.1405 5.09
v 2.88 -0.1405 5.16
v 1.5200000000000002 -0.1405 5.16
f 2043 2044 2045
f 2043 2045 2046
v 1.5200000000000002 -0.0655 5.09
v 1.5200000000000002 -0.0655 5.16
v 2.88 -0.0655 5.16
v 2.88 -0.0655 5.09
f 2047 2048 2049
f 2047 2049 2050
v 1.5200000000000002 -0.1405 5.09
v 1.5200000000000002 -0.0655 5.09
v 2.88 -0.0655 5.09
v 2.88 -0.1405 5.09
f 2051 2052 2053
f 2051 2053 2054
v 1.5200000000000002 -0.1405 5.16
v 2.88 -0.1405 5.16
v 2.88 -0.0655 5.16
v 1.5200000000000002 -0.0655 5.16
f 2055 2056 2057
f 2055 2057 2058
usemtl c_16_18_20
v 1.5200000000000002 -0.1405 6.38
v 1.5200000000000002 -0.1405 6.45
v 1.5200000000000002 -0.0655 6.45
v 1.5200000000000002 -0.0655 6.38
f 2059 2060 2061
f 2059 2061 2062
v 2.88 -0.1405 6.38
v 2.88 -0.0655 6.38
v 2.88 -0.0655 6.45
v 2.88 -0.1405 6.45
f 2063 2064 2065
f 2063 2065 2066
v 1.5200000000000002 -0.1405 6.38
v 2.88 -0.1405 6.38
v 2.88 -0.1405 6.45
v 1.5200000000000002 -0.1405 6.45
f 2067 2068 2069
f 2067 2069 2070
v 1.5200000000000002 -0.0655 6.38
v 1.5200000000000002 -0.0655 6.45
v 2.88 -0.0655 6.45
v 2.88 -0.0655 6.38
f 2071 2072 2073
f 2071 2073 2074
v 1.5200000000000002 -0.1405 6.38
v 1.5200000000000002 -0.0655 6.38
v 2.88 -0.0655 6.38
v 2.88 -0.1405 6.38
f 2075 2076 2077
f 2075 2077 2078
v 1.5200000000000002 -0.1405 6.45
v 2.88 -0.1405 6.45
v 2.88 -0.0655 6.45
v 1.5200000000000002 -0.0655 6.45
f 2079 2080 2081
f 2079 2081 2082
usemtl c_16_18_20
v 1.5200000000000005 -0.1405 5.16
v 1.5200000000000005 -0.1405 6.380000000000001
v 1.5200000000000005 -0.0655 6.380000000000001
v 1.5200000000000005 -0.0655 5.16
f 2083 2084 2085
f 2083 2085 2086
v 1.5900000000000003 -0.1405 5.16
v 1.5900000000000003 -0.0655 5.16
v 1.5900000000000003 -0.0655 6.380000000000001
v 1.5900000000000003 -0.1405 6.380000000000001
f 2087 2088 2089
f 2087 2089 2090
v 1.5200000000000005 -0.1405 5.16
v 1.5900000000000003 -0.1405 5.16
v 1.5900000000000003 -0.1405 6.380000000000001
v 1.5200000000000005 -0.1405 6.380000000000001
f 2091 2092 2093
f 2091 2093 2094
v 1.5200000000000005 -0.0655 5.16
v 1.5200000000000005 -0.0655 6.380000000000001
v 1.5900000000000003 -0.0655 6.380000000000001
v 1.5900000000000003 -0.0655 5.16
f 2095 2096 2097
f 2095 2097 2098
v 1.5200000000000005 -0.1405 5.16
v 1.5200000000000005 -0.0655 5.16
v 1.5900000000000003 -0.0655 5.16
v 1.5900000000000003 -0.1405 5.16
f 2099 2100 2101
f 2099 2101 2102
v 1.5200000000000005 -0.1405 6.380000000000001
v 1.5900000000000003 -0.1405 6.380000000000001
v 1.5900000000000003 -0.0655 6.380000000000001
v 1.5200000000000005 -0.0655 6.380000000000001
f 2103 2104 2105
f 2103 2105 2106
usemtl c_16_18_20
v 2.81 -0.1405 5.16
v 2.81 -0.1405 6.380000000000001
v 2.81 -0.0655 6.380000000000001
v 2.81 -0.0655 5.16
f 2107 2108 2109
f 2107 2109 2110
v 2.8800000000000003 -0.1405 5.16
v 2.8800000000000003 -0.0655 5.16
v 2.8800000000000003 -0.0655 6.380000000000001
v 2.8800000000000003 -0.1405 6.380000000000001
f 2111 2112 2113
f 2111 2113 2114
v 2.81 -0.1405 5.16
v 2.8800000000000003 -0.1405 5.16
v 2.8800000000000003 -0.1405 6.380000000000001
v 2.81 -0.1405 6.380000000000001
f 2115 2116 2117
f 2115 2117 2118
v 2.81 -0.0655 5.16
v 2.81 -0.0655 6.380000000000001
v 2.8800000000000003 -0.0655 6.380000000000001
v 2.8800000000000003 -0.0655 5.16
f 2119 2120 2121
f 2119 2121 2122
v 2.81 -0.1405 5.16
v 2.81 -0.0655 5.16
v 2.8800000000000003 -0.0655 5.16
v 2.8800000000000003 -0.1405 5.16
f 2123 2124 2125
f 2123 2125 2126
v 2.81 -0.1405 6.380000000000001
v 2.8800000000000003 -0.1405 6.380000000000001
v 2.8800000000000003 -0.0655 6.380000000000001
v 2.81 -0.0655 6.380000000000001
f 2127 2128 2129
f 2127 2129 2130
usemtl c_16_18_20
v 1.5900000000000003 -0.14600000000000002 5.7475000000000005
v 1.5900000000000003 -0.14600000000000002 5.7925
v 1.5900000000000003 -0.066 5.7925
v 1.5900000000000003 -0.066 5.7475000000000005
f 2131 2132 2133
f 2131 2133 2134
v 2.81 -0.14600000000000002 5.7475000000000005
v 2.81 -0.066 5.7475000000000005
v 2.81 -0.066 5.7925
v 2.81 -0.14600000000000002 5.7925
f 2135 2136 2137
f 2135 2137 2138
v 1.5900000000000003 -0.14600000000000002 5.7475000000000005
v 2.81 -0.14600000000000002 5.7475000000000005
v 2.81 -0.14600000000000002 5.7925
v 1.5900000000000003 -0.14600000000000002 5.7925
f 2139 2140 2141
f 2139 2141 2142
v 1.5900000000000003 -0.066 5.7475000000000005
v 1.5900000000000003 -0.066 5.7925
v 2.81 -0.066 5.7925
v 2.81 -0.066 5.7475000000000005
f 2143 2144 2145
f 2143 2145 2146
v 1.5900000000000003 -0.14600000000000002 5.7475000000000005
v 1.5900000000000003 -0.066 5.7475000000000005
v 2.81 -0.066 5.7475000000000005
v 2.81 -0.14600000000000002 5.7475000000000005
f 2147 2148 2149
f 2147 2149 2150
v 1.5900000000000003 -0.14600000000000002 5.7925
v 2.81 -0.14600000000000002 5.7925
v 2.81 -0.066 5.7925
v 1.5900000000000003 -0.066 5.7925
f 2151 2152 2153
f 2151 2153 2154
usemtl c_31_51_61
v 4.705 -0.1475 4.34
v 4.705 -0.1475 6.369999999999999
v 4.705 -0.0925 6.369999999999999
v 4.705 -0.0925 4.34
f 2155 2156 2157
f 2155 2157 2158
v 6.535 -0.1475 4.34
v 6.535 -0.0925 4.34
v 6.535 -0.0925 6.369999999999999
v 6.535 -0.1475 6.369999999999999
f 2159 2160 2161
f 2159 2161 2162
v 4.705 -0.1475 4.34
v 6.535 -0.1475 4.34
v 6.535 -0.1475 6.369999999999999
v 4.705 -0.1475 6.369999999999999
f 2163 2164 2165
f 2163 2165 2166
v 4.705 -0.0925 4.34
v 4.705 -0.0925 6.369999999999999
v 6.535 -0.0925 6.369999999999999
v 6.535 -0.0925 4.34
f 2167 2168 2169
f 2167 2169 2170
v 4.705 -0.1475 4.34
v 4.705 -0.0925 4.34
v 6.535 -0.0925 4.34
v 6.535 -0.1475 4.34
f 2171 2172 2173
f 2171 2173 2174
v 4.705 -0.1475 6.369999999999999
v 6.535 -0.1475 6.369999999999999
v 6.535 -0.0925 6.369999999999999
v 4.705 -0.0925 6.369999999999999
f 2175 2176 2177
f 2175 2177 2178
usemtl c_16_18_20
v 4.635 -0.16899999999999998 4.27
v 4.635 -0.16899999999999998 4.34
v 4.635 -0.079 4.34
v 4.635 -0.079 4.27
f 2179 2180 2181
f 2179 2181 2182
v 6.605 -0.16899999999999998 4.27
v 6.605 -0.079 4.27
v 6.605 -0.079 4.34
v 6.605 -0.16899999999999998 4.34
f 2183 2184 2185
f 2183 2185 2186
v 4.635 -0.16899999999999998 4.27
v 6.605 -0.16899999999999998 4.27
v 6.605 -0.16899999999999998 4.34
v 4.635 -0.16899999999999998 4.34
f 2187 2188 2189
f 2187 2189 2190
v 4.635 -0.079 4.27
v 4.635 -0.079 4.34
v 6.605 -0.079 4.34
v 6.605 -0.079 4.27
f 2191 2192 2193
f 2191 2193 2194
v 4.635 -0.16899999999999998 4.27
v 4.635 -0.079 4.27
v 6.605 -0.079 4.27
v 6.605 -0.16899999999999998 4.27
f 2195 2196 2197
f 2195 2197 2198
v 4.635 -0.16899999999999998 4.34
v 6.605 -0.16899999999999998 4.34
v 6.605 -0.079 4.34
v 4.635 -0.079 4.34
f 2199 2200 2201
f 2199 2201 2202
usemtl c_16_18_20
v 4.635 -0.16899999999999998 6.369999999999999
v 4.635 -0.16899999999999998 6.4399999999999995
v 4.635 -0.079 6.4399999999999995
v 4.635 -0.079 6.369999999999999
f 2203 2204 2205
f 2203 2205 2206
v 6.605 -0.16899999999999998 6.369999999999999
v 6.605 -0.079 6.369999999999999
v 6.605 -0.079 6.4399999999999995
v 6.605 -0.16899999999999998 6.4399999999999995
f 2207 2208 2209
f 2207 2209 2210
v 4.635 -0.16899999999999998 6.369999999999999
v 6.605 -0.16899999999999998 6.369999999999999
v 6.605 -0.16899999999999998 6.4399999999999995
v 4.635 -0.16899999999999998 6.4399999999999995
f 2211 2212 2213
f 2211 2213 2214
v 4.635 -0.079 6.369999999999999
v 4.635 -0.079 6.4399999999999995
v 6.605 -0.079 6.4399999999999995
v 6.605 -0.079 6.369999999999999
f 2215 2216 2217
f 2215 2217 2218
v 4.635 -0.16899999999999998 6.369999999999999
v 4.635 -0.079 6.369999999999999
v 6.605 -0.079 6.369999999999999
v 6.605 -0.16899999999999998 6.369999999999999
f 2219 2220 2221
f 2219 2221 2222
v 4.635 -0.16899999999999998 6.4399999999999995
v 6.605 -0.16899999999999998 6.4399999999999995
v 6.605 -0.079 6.4399999999999995
v 4.635 -0.079 6.4399999999999995
f 2223 2224 2225
f 2223 2225 2226
usemtl c_16_18_20
v 4.635 -0.16899999999999998 4.34
v 4.635 -0.16899999999999998 6.369999999999999
v 4.635 -0.079 6.369999999999999
v 4.635 -0.079 4.34
f 2227 2228 2229
f 2227 2229 2230
v 4.705 -0.16899999999999998 4.34
v 4.705 -0.079 4.34
v 4.705 -0.079 6.369999999999999
v 4.705 -0.16899999999999998 6.369999999999999
f 2231 2232 2233
f 2231 2233 2234
v 4.635 -0.16899999999999998 4.34
v 4.705 -0.16899999999999998 4.34
v 4.705 -0.16899999999999998 6.369999999999999
v 4.635 -0.16899999999999998 6.369999999999999
f 2235 2236 2237
f 2235 2237 2238
v 4.635 -0.079 4.34
v 4.635 -0.079 6.369999999999999
v 4.705 -0.079 6.369999999999999
v 4.705 -0.079 4.34
f 2239 2240 2241
f 2239 2241 2242
v 4.635 -0.16899999999999998 4.34
v 4.635 -0.079 4.34
v 4.705 -0.079 4.34
v 4.705 -0.16899999999999998 4.34
f 2243 2244 2245
f 2243 2245 2246
v 4.635 -0.16899999999999998 6.369999999999999
v 4.705 -0.16899999999999998 6.369999999999999
v 4.705 -0.079 6.369999999999999
v 4.635 -0.079 6.369999999999999
f 2247 2248 2249
f 2247 2249 2250
usemtl c_16_18_20
v 6.535 -0.16899999999999998 4.34
v 6.535 -0.16899999999999998 6.369999999999999
v 6.535 -0.079 6.369999999999999
v 6.535 -0.079 4.34
f 2251 2252 2253
f 2251 2253 2254
v 6.605 -0.16899999999999998 4.34
v 6.605 -0.079 4.34
v 6.605 -0.079 6.369999999999999
v 6.605 -0.16899999999999998 6.369999999999999
f 2255 2256 2257
f 2255 2257 2258
v 6.535 -0.16899999999999998 4.34
v 6.605 -0.16899999999999998 4.34
v 6.605 -0.16899999999999998 6.369999999999999
v 6.535 -0.16899999999999998 6.369999999999999
f 2259 2260 2261
f 2259 2261 2262
v 6.535 -0.079 4.34
v 6.535 -0.079 6.369999999999999
v 6.605 -0.079 6.369999999999999
v 6.605 -0.079 4.34
f 2263 2264 2265
f 2263 2265 2266
v 6.535 -0.16899999999999998 4.34
v 6.535 -0.079 4.34
v 6.605 -0.079 4.34
v 6.605 -0.16899999999999998 4.34
f 2267 2268 2269
f 2267 2269 2270
v 6.535 -0.16899999999999998 6.369999999999999
v 6.605 -0.16899999999999998 6.369999999999999
v 6.605 -0.079 6.369999999999999
v 6.535 -0.079 6.369999999999999
f 2271 2272 2273
f 2271 2273 2274
usemtl c_16_18_20
v 5.595 -0.1755 4.34
v 5.595 -0.1755 6.369999999999999
v 5.595 -0.0805 6.369999999999999
v 5.595 -0.0805 4.34
f 2275 2276 2277
f 2275 2277 2278
v 5.6450000000000005 -0.1755 4.34
v 5.6450000000000005 -0.0805 4.34
v 5.6450000000000005 -0.0805 6.369999999999999
v 5.6450000000000005 -0.1755 6.369999999999999
f 2279 2280 2281
f 2279 2281 2282
v 5.595 -0.1755 4.34
v 5.6450000000000005 -0.1755 4.34
v 5.6450000000000005 -0.1755 6.369999999999999
v 5.595 -0.1755 6.369999999999999
f 2283 2284 2285
f 2283 2285 2286
v 5.595 -0.0805 4.34
v 5.595 -0.0805 6.369999999999999
v 5.6450000000000005 -0.0805 6.369999999999999
v 5.6450000000000005 -0.0805 4.34
f 2287 2288 2289
f 2287 2289 2290
v 5.595 -0.1755 4.34
v 5.595 -0.0805 4.34
v 5.6450000000000005 -0.0805 4.34
v 5.6450000000000005 -0.1755 4.34
f 2291 2292 2293
f 2291 2293 2294
v 5.595 -0.1755 6.369999999999999
v 5.6450000000000005 -0.1755 6.369999999999999
v 5.6450000000000005 -0.0805 6.369999999999999
v 5.595 -0.0805 6.369999999999999
f 2295 2296 2297
f 2295 2297 2298
usemtl c_16_18_20
v 4.705 -0.1755 5.329999999999999
v 4.705 -0.1755 5.38
v 4.705 -0.0805 5.38
v 4.705 -0.0805 5.329999999999999
f 2299 2300 2301
f 2299 2301 2302
v 6.535 -0.1755 5.329999999999999
v 6.535 -0.0805 5.329999999999999
v 6.535 -0.0805 5.38
v 6.535 -0.1755 5.38
f 2303 2304 2305
f 2303 2305 2306
v 4.705 -0.1755 5.329999999999999
v 6.535 -0.1755 5.329999999999999
v 6.535 -0.1755 5.38
v 4.705 -0.1755 5.38
f 2307 2308 2309
f 2307 2309 2310
v 4.705 -0.0805 5.329999999999999
v 4.705 -0.0805 5.38
v 6.535 -0.0805 5.38
v 6.535 -0.0805 5.329999999999999
f 2311 2312 2313
f 2311 2313 2314
v 4.705 -0.1755 5.329999999999999
v 4.705 -0.0805 5.329999999999999
v 6.535 -0.0805 5.329999999999999
v 6.535 -0.1755 5.329999999999999
f 2315 2316 2317
f 2315 2317 2318
v 4.705 -0.1755 5.38
v 6.535 -0.1755 5.38
v 6.535 -0.0805 5.38
v 4.705 -0.0805 5.38
f 2319 2320 2321
f 2319 2321 2322
usemtl c_119_123_125
v 8.415 -0.1525 4.31
v 8.415 -0.1525 6.749999999999999
v 8.415 -0.0875 6.749999999999999
v 8.415 -0.0875 4.31
f 2323 2324 2325
f 2323 2325 2326
v 12.145 -0.1525 4.31
v 12.145 -0.0875 4.31
v 12.145 -0.0875 6.749999999999999
v 12.145 -0.1525 6.749999999999999
f 2327 2328 2329
f 2327 2329 2330
v 8.415 -0.1525 4.31
v 12.145 -0.1525 4.31
v 12.145 -0.1525 6.749999999999999
v 8.415 -0.1525 6.749999999999999
f 2331 2332 2333
f 2331 2333 2334
v 8.415 -0.0875 4.31
v 8.415 -0.0875 6.749999999999999
v 12.145 -0.0875 6.749999999999999
v 12.145 -0.0875 4.31
f 2335 2336 2337
f 2335 2337 2338
v 8.415 -0.1525 4.31
v 8.415 -0.0875 4.31
v 12.145 -0.0875 4.31
v 12.145 -0.1525 4.31
f 2339 2340 2341
f 2339 2341 2342
v 8.415 -0.1525 6.749999999999999
v 12.145 -0.1525 6.749999999999999
v 12.145 -0.0875 6.749999999999999
v 8.415 -0.0875 6.749999999999999
f 2343 2344 2345
f 2343 2345 2346
usemtl c_16_18_20
v 8.325 -0.1775 4.22
v 8.325 -0.1775 4.31
v 8.325 -0.07250000000000001 4.31
v 8.325 -0.07250000000000001 4.22
f 2347 2348 2349
f 2347 2349 2350
v 12.235 -0.1775 4.22
v 12.235 -0.07250000000000001 4.22
v 12.235 -0.07250000000000001 4.31
v 12.235 -0.1775 4.31
f 2351 2352 2353
f 2351 2353 2354
v 8.325 -0.1775 4.22
v 12.235 -0.1775 4.22
v 12.235 -0.1775 4.31
v 8.325 -0.1775 4.31
f 2355 2356 2357
f 2355 2357 2358
v 8.325 -0.07250000000000001 4.22
v 8.325 -0.07250000000000001 4.31
v 12.235 -0.07250000000000001 4.31
v 12.235 -0.07250000000000001 4.22
f 2359 2360 2361
f 2359 2361 2362
v 8.325 -0.1775 4.22
v 8.325 -0.07250000000000001 4.22
v 12.235 -0.07250000000000001 4.22
v 12.235 -0.1775 4.22
f 2363 2364 2365
f 2363 2365 2366
v 8.325 -0.1775 4.31
v 12.235 -0.1775 4.31
v 12.235 -0.07250000000000001 4.31
v 8.325 -0.07250000000000001 4.31
f 2367 2368 2369
f 2367 2369 2370
usemtl c_16_18_20
v 8.325 -0.1775 6.75
v 8.325 -0.1775 6.84
v 8.325 -0.07250000000000001 6.84
v 8.325 -0.07250000000000001 6.75
f 2371 2372 2373
f 2371 2373 2374
v 12.235 -0.1775 6.75
v 12.235 -0.07250000000000001 6.75
v 12.235 -0.07250000000000001 6.84
v 12.235 -0.1775 6.84
f 2375 2376 2377
f 2375 2377 2378
v 8.325 -0.1775 6.75
v 12.235 -0.1775 6.75
v 12.235 -0.1775 6.84
v 8.325 -0.1775 6.84
f 2379 2380 2381
f 2379 2381 2382
v 8.325 -0.07250000000000001 6.75
v 8.325 -0.07250000000000001 6.84
v 12.235 -0.07250000000000001 6.84
v 12.235 -0.07250000000000001 6.75
f 2383 2384 2385
f 2383 2385 2386
v 8.325 -0.1775 6.75
v 8.325 -0.07250000000000001 6.75
v 12.235 -0.07250000000000001 6.75
v 12.235 -0.1775 6.75
f 2387 2388 2389
f 2387 2389 2390
v 8.325 -0.1775 6.84
v 12.235 -0.1775 6.84
v 12.235 -0.07250000000000001 6.84
v 8.325 -0.07250000000000001 6.84
f 2391 2392 2393
f 2391 2393 2394
usemtl c_16_18_20
v 8.325 -0.1775 4.31
v 8.325 -0.1775 6.749999999999999
v 8.325 -0.07250000000000001 6.749999999999999
v 8.325 -0.07250000000000001 4.31
f 2395 2396 2397
f 2395 2397 2398
v 8.415 -0.1775 4.31
v 8.415 -0.07250000000000001 4.31
v 8.415 -0.07250000000000001 6.749999999999999
v 8.415 -0.1775 6.749999999999999
f 2399 2400 2401
f 2399 2401 2402
v 8.325 -0.1775 4.31
v 8.415 -0.1775 4.31
v 8.415 -0.1775 6.749999999999999
v 8.325 -0.1775 6.749999999999999
f 2403 2404 2405
f 2403 2405 2406
v 8.325 -0.07250000000000001 4.31
v 8.325 -0.07250000000000001 6.749999999999999
v 8.415 -0.07250000000000001 6.749999999999999
v 8.415 -0.07250000000000001 4.31
f 2407 2408 2409
f 2407 2409 2410
v 8.325 -0.1775 4.31
v 8.325 -0.07250000000000001 4.31
v 8.415 -0.07250000000000001 4.31
v 8.415 -0.1775 4.31
f 2411 2412 2413
f 2411 2413 2414
v 8.325 -0.1775 6.749999999999999
v 8.415 -0.1775 6.749999999999999
v 8.415 -0.07250000000000001 6.749999999999999
v 8.325 -0.07250000000000001 6.749999999999999
f 2415 2416 2417
f 2415 2417 2418
usemtl c_16_18_20
v 12.145 -0.1775 4.31
v 12.145 -0.1775 6.749999999999999
v 12.145 -0.07250000000000001 6.749999999999999
v 12.145 -0.07250000000000001 4.31
f 2419 2420 2421
f 2419 2421 2422
v 12.235 -0.1775 4.31
v 12.235 -0.07250000000000001 4.31
v 12.235 -0.07250000000000001 6.749999999999999
v 12.235 -0.1775 6.749999999999999
f 2423 2424 2425
f 2423 2425 2426
v 12.145 -0.1775 4.31
v 12.235 -0.1775 4.31
v 12.235 -0.1775 6.749999999999999
v 12.145 -0.1775 6.749999999999999
f 2427 2428 2429
f 2427 2429 2430
v 12.145 -0.07250000000000001 4.31
v 12.145 -0.07250000000000001 6.749999999999999
v 12.235 -0.07250000000000001 6.749999999999999
v 12.235 -0.07250000000000001 4.31
f 2431 2432 2433
f 2431 2433 2434
v 12.145 -0.1775 4.31
v 12.145 -0.07250000000000001 4.31
v 12.235 -0.07250000000000001 4.31
v 12.235 -0.1775 4.31
f 2435 2436 2437
f 2435 2437 2438
v 12.145 -0.1775 6.749999999999999
v 12.235 -0.1775 6.749999999999999
v 12.235 -0.07250000000000001 6.749999999999999
v 12.145 -0.07250000000000001 6.749999999999999
f 2439 2440 2441
f 2439 2441 2442
usemtl c_16_18_20
v 8.415 -0.1655 4.7855
v 8.415 -0.1655 4.8105
v 8.415 -0.0905 4.8105
v 8.415 -0.0905 4.7855
f 2443 2444 2445
f 2443 2445 2446
v 12.145 -0.1655 4.7855
v 12.145 -0.0905 4.7855
v 12.145 -0.0905 4.8105
v 12.145 -0.1655 4.8105
f 2447 2448 2449
f 2447 2449 2450
v 8.415 -0.1655 4.7855
v 12.145 -0.1655 4.7855
v 12.145 -0.1655 4.8105
v 8.415 -0.1655 4.8105
f 2451 2452 2453
f 2451 2453 2454
v 8.415 -0.0905 4.7855
v 8.415 -0.0905 4.8105
v 12.145 -0.0905 4.8105
v 12.145 -0.0905 4.7855
f 2455 2456 2457
f 2455 2457 2458
v 8.415 -0.1655 4.7855
v 8.415 -0.0905 4.7855
v 12.145 -0.0905 4.7855
v 12.145 -0.1655 4.7855
f 2459 2460 2461
f 2459 2461 2462
v 8.415 -0.1655 4.8105
v 12.145 -0.1655 4.8105
v 12.145 -0.0905 4.8105
v 8.415 -0.0905 4.8105
f 2463 2464 2465
f 2463 2465 2466
usemtl c_16_18_20
v 8.415 -0.1655 5.273499999999999
v 8.415 -0.1655 5.2985
v 8.415 -0.0905 5.2985
v 8.415 -0.0905 5.273499999999999
f 2467 2468 2469
f 2467 2469 2470
v 12.145 -0.1655 5.273499999999999
v 12.145 -0.0905 5.273499999999999
v 12.145 -0.0905 5.2985
v 12.145 -0.1655 5.2985
f 2471 2472 2473
f 2471 2473 2474
v 8.415 -0.1655 5.273499999999999
v 12.145 -0.1655 5.273499999999999
v 12.145 -0.1655 5.2985
v 8.415 -0.1655 5.2985
f 2475 2476 2477
f 2475 2477 2478
v 8.415 -0.0905 5.273499999999999
v 8.415 -0.0905 5.2985
v 12.145 -0.0905 5.2985
v 12.145 -0.0905 5.273499999999999
f 2479 2480 2481
f 2479 2481 2482
v 8.415 -0.1655 5.273499999999999
v 8.415 -0.0905 5.273499999999999
v 12.145 -0.0905 5.273499999999999
v 12.145 -0.1655 5.273499999999999
f 2483 2484 2485
f 2483 2485 2486
v 8.415 -0.1655 5.2985
v 12.145 -0.1655 5.2985
v 12.145 -0.0905 5.2985
v 8.415 -0.0905 5.2985
f 2487 2488 2489
f 2487 2489 2490
usemtl c_16_18_20
v 8.415 -0.1655 5.761499999999999
v 8.415 -0.1655 5.786499999999999
v 8.415 -0.0905 5.786499999999999
v 8.415 -0.0905 5.761499999999999
f 2491 2492 2493
f 2491 2493 2494
v 12.145 -0.1655 5.761499999999999
v 12.145 -0.0905 5.761499999999999
v 12.145 -0.0905 5.786499999999999
v 12.145 -0.1655 5.786499999999999
f 2495 2496 2497
f 2495 2497 2498
v 8.415 -0.1655 5.761499999999999
v 12.145 -0.1655 5.761499999999999
v 12.145 -0.1655 5.786499999999999
v 8.415 -0.1655 5.786499999999999
f 2499 2500 2501
f 2499 2501 2502
v 8.415 -0.0905 5.761499999999999
v 8.415 -0.0905 5.786499999999999
v 12.145 -0.0905 5.786499999999999
v 12.145 -0.0905 5.761499999999999
f 2503 2504 2505
f 2503 2505 2506
v 8.415 -0.1655 5.761499999999999
v 8.415 -0.0905 5.761499999999999
v 12.145 -0.0905 5.761499999999999
v 12.145 -0.1655 5.761499999999999
f 2507 2508 2509
f 2507 2509 2510
v 8.415 -0.1655 5.786499999999999
v 12.145 -0.1655 5.786499999999999
v 12.145 -0.0905 5.786499999999999
v 8.415 -0.0905 5.786499999999999
f 2511 2512 2513
f 2511 2513 2514
usemtl c_16_18_20
v 8.415 -0.1655 6.249499999999999
v 8.415 -0.1655 6.2745
v 8.415 -0.0905 6.2745
v 8.415 -0.0905 6.249499999999999
f 2515 2516 2517
f 2515 2517 2518
v 12.145 -0.1655 6.249499999999999
v 12.145 -0.0905 6.249499999999999
v 12.145 -0.0905 6.2745
v 12.145 -0.1655 6.2745
f 2519 2520 2521
f 2519 2521 2522
v 8.415 -0.1655 6.249499999999999
v 12.145 -0.1655 6.249499999999999
v 12.145 -0.1655 6.2745
v 8.415 -0.1655 6.2745
f 2523 2524 2525
f 2523 2525 2526
v 8.415 -0.0905 6.249499999999999
v 8.415 -0.0905 6.2745
v 12.145 -0.0905 6.2745
v 12.145 -0.0905 6.249499999999999
f 2527 2528 2529
f 2527 2529 2530
v 8.415 -0.1655 6.249499999999999
v 8.415 -0.0905 6.249499999999999
v 12.145 -0.0905 6.249499999999999
v 12.145 -0.1655 6.249499999999999
f 2531 2532 2533
f 2531 2533 2534
v 8.415 -0.1655 6.2745
v 12.145 -0.1655 6.2745
v 12.145 -0.0905 6.2745
v 8.415 -0.0905 6.2745
f 2535 2536 2537
f 2535 2537 2538
usemtl c_31_51_61
v 12.940000000000001 -0.1225 5.16
v 12.940000000000001 -0.1225 6.380000000000001
v 12.940000000000001 -0.07750000000000001 6.380000000000001
v 12.940000000000001 -0.07750000000000001 5.16
f 2539 2540 2541
f 2539 2541 2542
v 14.16 -0.1225 5.16
v 14.16 -0.07750000000000001 5.16
v 14.16 -0.07750000000000001 6.380000000000001
v 14.16 -0.1225 6.380000000000001
f 2543 2544 2545
f 2543 2545 2546
v 12.940000000000001 -0.1225 5.16
v 14.16 -0.1225 5.16
v 14.16 -0.1225 6.380000000000001
v 12.940000000000001 -0.1225 6.380000000000001
f 2547 2548 2549
f 2547 2549 2550
v 12.940000000000001 -0.07750000000000001 5.16
v 12.940000000000001 -0.07750000000000001 6.380000000000001
v 14.16 -0.07750000000000001 6.380000000000001
v 14.16 -0.07750000000000001 5.16
f 2551 2552 2553
f 2551 2553 2554
v 12.940000000000001 -0.1225 5.16
v 12.940000000000001 -0.07750000000000001 5.16
v 14.16 -0.07750000000000001 5.16
v 14.16 -0.1225 5.16
f 2555 2556 2557
f 2555 2557 2558
v 12.940000000000001 -0.1225 6.380000000000001
v 14.16 -0.1225 6.380000000000001
v 14.16 -0.07750000000000001 6.380000000000001
v 12.940000000000001 -0.07750000000000001 6.380000000000001
f 2559 2560 2561
f 2559 2561 2562
usemtl c_16_18_20
v 12.870000000000001 -0.1405 5.09
v 12.870000000000001 -0.1405 5.16
v 12.870000000000001 -0.0655 5.16
v 12.870000000000001 -0.0655 5.09
f 2563 2564 2565
f 2563 2565 2566
v 14.23 -0.1405 5.09
v 14.23 -0.0655 5.09
v 14.23 -0.0655 5.16
v 14.23 -0.1405 5.16
f 2567 2568 2569
f 2567 2569 2570
v 12.870000000000001 -0.1405 5.09
v 14.23 -0.1405 5.09
v 14.23 -0.1405 5.16
v 12.870000000000001 -0.1405 5.16
f 2571 2572 2573
f 2571 2573 2574
v 12.870000000000001 -0.0655 5.09
v 12.870000000000001 -0.0655 5.16
v 14.23 -0.0655 5.16
v 14.23 -0.0655 5.09
f 2575 2576 2577
f 2575 2577 2578
v 12.870000000000001 -0.1405 5.09
v 12.870000000000001 -0.0655 5.09
v 14.23 -0.0655 5.09
v 14.23 -0.1405 5.09
f 2579 2580 2581
f 2579 2581 2582
v 12.870000000000001 -0.1405 5.16
v 14.23 -0.1405 5.16
v 14.23 -0.0655 5.16
v 12.870000000000001 -0.0655 5.16
f 2583 2584 2585
f 2583 2585 2586
usemtl c_16_18_20
v 12.870000000000001 -0.1405 6.38
v 12.870000000000001 -0.1405 6.45
v 12.870000000000001 -0.0655 6.45
v 12.870000000000001 -0.0655 6.38
f 2587 2588 2589
f 2587 2589 2590
v 14.23 -0.1405 6.38
v 14.23 -0.0655 6.38
v 14.23 -0.0655 6.45
v 14.23 -0.1405 6.45
f 2591 2592 2593
f 2591 2593 2594
v 12.870000000000001 -0.1405 6.38
v 14.23 -0.1405 6.38
v 14.23 -0.1405 6.45
v 12.870000000000001 -0.1405 6.45
f 2595 2596 2597
f 2595 2597 2598
v 12.870000000000001 -0.0655 6.38
v 12.870000000000001 -0.0655 6.45
v 14.23 -0.0655 6.45
v 14.23 -0.0655 6.38
f 2599 2600 2601
f 2599 2601 2602
v 12.870000000000001 -0.1405 6.38
v 12.870000000000001 -0.0655 6.38
v 14.23 -0.0655 6.38
v 14.23 -0.1405 6.38
f 2603 2604 2605
f 2603 2605 2606
v 12.870000000000001 -0.1405 6.45
v 14.23 -0.1405 6.45
v 14.23 -0.0655 6.45
v 12.870000000000001 -0.0655 6.45
f 2607 2608 2609
f 2607 2609 2610
usemtl c_16_18_20
v 12.870000000000001 -0.1405 5.16
v 12.870000000000001 -0.1405 6.380000000000001
v 12.870000000000001 -0.0655 6.380000000000001
v 12.870000000000001 -0.0655 5.16
f 2611 2612 2613
f 2611 2613 2614
v 12.940000000000001 -0.1405 5.16
v 12.940000000000001 -0.0655 5.16
v 12.940000000000001 -0.0655 6.380000000000001
v 12.940000000000001 -0.1405 6.380000000000001
f 2615 2616 2617
f 2615 2617 2618
v 12.870000000000001 -0.1405 5.16
v 12.940000000000001 -0.1405 5.16
v 12.940000000000001 -0.1405 6.380000000000001
v 12.870000000000001 -0.1405 6.380000000000001
f 2619 2620 2621
f 2619 2621 2622
v 12.870000000000001 -0.0655 5.16
v 12.870000000000001 -0.0655 6.380000000000001
v 12.940000000000001 -0.0655 6.380000000000001
v 12.940000000000001 -0.0655 5.16
f 2623 2624 2625
f 2623 2625 2626
v 12.870000000000001 -0.1405 5.16
v 12.870000000000001 -0.0655 5.16
v 12.940000000000001 -0.0655 5.16
v 12.940000000000001 -0.1405 5.16
f 2627 2628 2629
f 2627 2629 2630
v 12.870000000000001 -0.1405 6.380000000000001
v 12.940000000000001 -0.1405 6.380000000000001
v 12.940000000000001 -0.0655 6.380000000000001
v 12.870000000000001 -0.0655 6.380000000000001
f 2631 2632 2633
f 2631 2633 2634
usemtl c_16_18_20
v 14.16 -0.1405 5.16
v 14.16 -0.1405 6.380000000000001
v 14.16 -0.0655 6.380000000000001
v 14.16 -0.0655 5.16
f 2635 2636 2637
f 2635 2637 2638
v 14.23 -0.1405 5.16
v 14.23 -0.0655 5.16
v 14.23 -0.0655 6.380000000000001
v 14.23 -0.1405 6.380000000000001
f 2639 2640 2641
f 2639 2641 2642
v 14.16 -0.1405 5.16
v 14.23 -0.1405 5.16
v 14.23 -0.1405 6.380000000000001
v 14.16 -0.1405 6.380000000000001
f 2643 2644 2645
f 2643 2645 2646
v 14.16 -0.0655 5.16
v 14.16 -0.0655 6.380000000000001
v 14.23 -0.0655 6.380000000000001
v 14.23 -0.0655 5.16
f 2647 2648 2649
f 2647 2649 2650
v 14.16 -0.1405 5.16
v 14.16 -0.0655 5.16
v 14.23 -0.0655 5.16
v 14.23 -0.1405 5.16
f 2651 2652 2653
f 2651 2653 2654
v 14.16 -0.1405 6.380000000000001
v 14.23 -0.1405 6.380000000000001
v 14.23 -0.0655 6.380000000000001
v 14.16 -0.0655 6.380000000000001
f 2655 2656 2657
f 2655 2657 2658
usemtl c_16_18_20
v 12.940000000000001 -0.14600000000000002 5.7475000000000005
v 12.940000000000001 -0.14600000000000002 5.7925
v 12.940000000000001 -0.066 5.7925
v 12.940000000000001 -0.066 5.7475000000000005
f 2659 2660 2661
f 2659 2661 2662
v 14.16 -0.14600000000000002 5.7475000000000005
v 14.16 -0.066 5.7475000000000005
v 14.16 -0.066 5.7925
v 14.16 -0.14600000000000002 5.7925
f 2663 2664 2665
f 2663 2665 2666
v 12.940000000000001 -0.14600000000000002 5.7475000000000005
v 14.16 -0.14600000000000002 5.7475000000000005
v 14.16 -0.14600000000000002 5.7925
v 12.940000000000001 -0.14600000000000002 5.7925
f 2667 2668 2669
f 2667 2669 2670
v 12.940000000000001 -0.066 5.7475000000000005
v 12.940000000000001 -0.066 5.7925
v 14.16 -0.066 5.7925
v 14.16 -0.066 5.7475000000000005
f 2671 2672 2673
f 2671 2673 2674
v 12.940000000000001 -0.14600000000000002 5.7475000000000005
v 12.940000000000001 -0.066 5.7475000000000005
v 14.16 -0.066 5.7475000000000005
v 14.16 -0.14600000000000002 5.7475000000000005
f 2675 2676 2677
f 2675 2677 2678
v 12.940000000000001 -0.14600000000000002 5.7925
v 14.16 -0.14600000000000002 5.7925
v 14.16 -0.066 5.7925
v 12.940000000000001 -0.066 5.7925
f 2679 2680 2681
f 2679 2681 2682
usemtl c_119_123_125
v 1.98 12.4675 0.050000000000000044
v 1.98 12.4675 2.49
v 1.98 12.5325 2.49
v 1.98 12.5325 0.050000000000000044
f 2683 2684 2685
f 2683 2685 2686
v 4.720000000000001 12.4675 0.050000000000000044
v 4.720000000000001 12.5325 0.050000000000000044
v 4.720000000000001 12.5325 2.49
v 4.720000000000001 12.4675 2.49
f 2687 2688 2689
f 2687 2689 2690
v 1.98 12.4675 0.050000000000000044
v 4.720000000000001 12.4675 0.050000000000000044
v 4.720000000000001 12.4675 2.49
v 1.98 12.4675 2.49
f 2691 2692 2693
f 2691 2693 2694
v 1.98 12.5325 0.050000000000000044
v 1.98 12.5325 2.49
v 4.720000000000001 12.5325 2.49
v 4.720000000000001 12.5325 0.050000000000000044
f 2695 2696 2697
f 2695 2697 2698
v 1.98 12.4675 0.050000000000000044
v 1.98 12.5325 0.050000000000000044
v 4.720000000000001 12.5325 0.050000000000000044
v 4.720000000000001 12.4675 0.050000000000000044
f 2699 2700 2701
f 2699 2701 2702
v 1.98 12.4675 2.49
v 4.720000000000001 12.4675 2.49
v 4.720000000000001 12.5325 2.49
v 1.98 12.5325 2.49
f 2703 2704 2705
f 2703 2705 2706
usemtl c_16_18_20
v 1.89 12.442499999999999 -0.039999999999999994
v 1.89 12.442499999999999 0.05
v 1.89 12.5475 0.05
v 1.89 12.5475 -0.039999999999999994
f 2707 2708 2709
f 2707 2709 2710
v 4.8100000000000005 12.442499999999999 -0.039999999999999994
v 4.8100000000000005 12.5475 -0.039999999999999994
v 4.8100000000000005 12.5475 0.05
v 4.8100000000000005 12.442499999999999 0.05
f 2711 2712 2713
f 2711 2713 2714
v 1.89 12.442499999999999 -0.039999999999999994
v 4.8100000000000005 12.442499999999999 -0.039999999999999994
v 4.8100000000000005 12.442499999999999 0.05
v 1.89 12.442499999999999 0.05
f 2715 2716 2717
f 2715 2717 2718
v 1.89 12.5475 -0.039999999999999994
v 1.89 12.5475 0.05
v 4.8100000000000005 12.5475 0.05
v 4.8100000000000005 12.5475 -0.039999999999999994
f 2719 2720 2721
f 2719 2721 2722
v 1.89 12.442499999999999 -0.039999999999999994
v 1.89 12.5475 -0.039999999999999994
v 4.8100000000000005 12.5475 -0.039999999999999994
v 4.8100000000000005 12.442499999999999 -0.039999999999999994
f 2723 2724 2725
f 2723 2725 2726
v 1.89 12.442499999999999 0.05
v 4.8100000000000005 12.442499999999999 0.05
v 4.8100000000000005 12.5475 0.05
v 1.89 12.5475 0.05
f 2727 2728 2729
f 2727 2729 2730
usemtl c_16_18_20
v 1.89 12.442499999999999 2.4899999999999998
v 1.89 12.442499999999999 2.5799999999999996
v 1.89 12.5475 2.5799999999999996
v 1.89 12.5475 2.4899999999999998
f 2731 2732 2733
f 2731 2733 2734
v 4.8100000000000005 12.442499999999999 2.4899999999999998
v 4.8100000000000005 12.5475 2.4899999999999998
v 4.8100000000000005 12.5475 2.5799999999999996
v 4.8100000000000005 12.442499999999999 2.5799999999999996
f 2735 2736 2737
f 2735 2737 2738
v 1.89 12.442499999999999 2.4899999999999998
v 4.8100000000000005 12.442499999999999 2.4899999999999998
v 4.8100000000000005 12.442499999999999 2.5799999999999996
v 1.89 12.442499999999999 2.5799999999999996
f 2739 2740 2741
f 2739 2741 2742
v 1.89 12.5475 2.4899999999999998
v 1.89 12.5475 2.5799999999999996
v 4.8100000000000005 12.5475 2.5799999999999996
v 4.8100000000000005 12.5475 2.4899999999999998
f 2743 2744 2745
f 2743 2745 2746
v 1.89 12.442499999999999 2.4899999999999998
v 1.89 12.5475 2.4899999999999998
v 4.8100000000000005 12.5475 2.4899999999999998
v 4.8100000000000005 12.442499999999999 2.4899999999999998
f 2747 2748 2749
f 2747 2749 2750
v 1.89 12.442499999999999 2.5799999999999996
v 4.8100000000000005 12.442499999999999 2.5799999999999996
v 4.8100000000000005 12.5475 2.5799999999999996
v 1.89 12.5475 2.5799999999999996
f 2751 2752 2753
f 2751 2753 2754
usemtl c_16_18_20
v 1.8900000000000001 12.442499999999999 0.050000000000000044
v 1.8900000000000001 12.442499999999999 2.49
v 1.8900000000000001 12.5475 2.49
v 1.8900000000000001 12.5475 0.050000000000000044
f 2755 2756 2757
f 2755 2757 2758
v 1.98 12.442499999999999 0.050000000000000044
v 1.98 12.5475 0.050000000000000044
v 1.98 12.5475 2.49
v 1.98 12.442499999999999 2.49
f 2759 2760 2761
f 2759 2761 2762
v 1.8900000000000001 12.442499999999999 0.050000000000000044
v 1.98 12.442499999999999 0.050000000000000044
v 1.98 12.442499999999999 2.49
v 1.8900000000000001 12.442499999999999 2.49
f 2763 2764 2765
f 2763 2765 2766
v 1.8900000000000001 12.5475 0.050000000000000044
v 1.8900000000000001 12.5475 2.49
v 1.98 12.5475 2.49
v 1.98 12.5475 0.050000000000000044
f 2767 2768 2769
f 2767 2769 2770
v 1.8900000000000001 12.442499999999999 0.050000000000000044
v 1.8900000000000001 12.5475 0.050000000000000044
v 1.98 12.5475 0.050000000000000044
v 1.98 12.442499999999999 0.050000000000000044
f 2771 2772 2773
f 2771 2773 2774
v 1.8900000000000001 12.442499999999999 2.49
v 1.98 12.442499999999999 2.49
v 1.98 12.5475 2.49
v 1.8900000000000001 12.5475 2.49
f 2775 2776 2777
f 2775 2777 2778
usemtl c_16_18_20
v 4.720000000000001 12.442499999999999 0.050000000000000044
v 4.720000000000001 12.442499999999999 2.49
v 4.720000000000001 12.5475 2.49
v 4.720000000000001 12.5475 0.050000000000000044
f 2779 2780 2781
f 2779 2781 2782
v 4.8100000000000005 12.442499999999999 0.050000000000000044
v 4.8100000000000005 12.5475 0.050000000000000044
v 4.8100000000000005 12.5475 2.49
v 4.8100000000000005 12.442499999999999 2.49
f 2783 2784 2785
f 2783 2785 2786
v 4.720000000000001 12.442499999999999 0.050000000000000044
v 4.8100000000000005 12.442499999999999 0.050000000000000044
v 4.8100000000000005 12.442499999999999 2.49
v 4.720000000000001 12.442499999999999 2.49
f 2787 2788 2789
f 2787 2789 2790
v 4.720000000000001 12.5475 0.050000000000000044
v 4.720000000000001 12.5475 2.49
v 4.8100000000000005 12.5475 2.49
v 4.8100000000000005 12.5475 0.050000000000000044
f 2791 2792 2793
f 2791 2793 2794
v 4.720000000000001 12.442499999999999 0.050000000000000044
v 4.720000000000001 12.5475 0.050000000000000044
v 4.8100000000000005 12.5475 0.050000000000000044
v 4.8100000000000005 12.442499999999999 0.050000000000000044
f 2795 2796 2797
f 2795 2797 2798
v 4.720000000000001 12.442499999999999 2.49
v 4.8100000000000005 12.442499999999999 2.49
v 4.8100000000000005 12.5475 2.49
v 4.720000000000001 12.5475 2.49
f 2799 2800 2801
f 2799 2801 2802
usemtl c_16_18_20
v 1.98 12.454500000000001 0.5255000000000001
v 1.98 12.454500000000001 0.5505
v 1.98 12.5295 0.5505
v 1.98 12.5295 0.5255000000000001
f 2803 2804 2805
f 2803 2805 2806
v 4.720000000000001 12.454500000000001 0.5255000000000001
v 4.720000000000001 12.5295 0.5255000000000001
v 4.720000000000001 12.5295 0.5505
v 4.720000000000001 12.454500000000001 0.5505
f 2807 2808 2809
f 2807 2809 2810
v 1.98 12.454500000000001 0.5255000000000001
v 4.720000000000001 12.454500000000001 0.5255000000000001
v 4.720000000000001 12.454500000000001 0.5505
v 1.98 12.454500000000001 0.5505
f 2811 2812 2813
f 2811 2813 2814
v 1.98 12.5295 0.5255000000000001
v 1.98 12.5295 0.5505
v 4.720000000000001 12.5295 0.5505
v 4.720000000000001 12.5295 0.5255000000000001
f 2815 2816 2817
f 2815 2817 2818
v 1.98 12.454500000000001 0.5255000000000001
v 1.98 12.5295 0.5255000000000001
v 4.720000000000001 12.5295 0.5255000000000001
v 4.720000000000001 12.454500000000001 0.5255000000000001
f 2819 2820 2821
f 2819 2821 2822
v 1.98 12.454500000000001 0.5505
v 4.720000000000001 12.454500000000001 0.5505
v 4.720000000000001 12.5295 0.5505
v 1.98 12.5295 0.5505
f 2823 2824 2825
f 2823 2825 2826
usemtl c_16_18_20
v 1.98 12.454500000000001 1.0135
v 1.98 12.454500000000001 1.0385
v 1.98 12.5295 1.0385
v 1.98 12.5295 1.0135
f 2827 2828 2829
f 2827 2829 2830
v 4.720000000000001 12.454500000000001 1.0135
v 4.720000000000001 12.5295 1.0135
v 4.720000000000001 12.5295 1.0385
v 4.720000000000001 12.454500000000001 1.0385
f 2831 2832 2833
f 2831 2833 2834
v 1.98 12.454500000000001 1.0135
v 4.720000000000001 12.454500000000001 1.0135
v 4.720000000000001 12.454500000000001 1.0385
v 1.98 12.454500000000001 1.0385
f 2835 2836 2837
f 2835 2837 2838
v 1.98 12.5295 1.0135
v 1.98 12.5295 1.0385
v 4.720000000000001 12.5295 1.0385
v 4.720000000000001 12.5295 1.0135
f 2839 2840 2841
f 2839 2841 2842
v 1.98 12.454500000000001 1.0135
v 1.98 12.5295 1.0135
v 4.720000000000001 12.5295 1.0135
v 4.720000000000001 12.454500000000001 1.0135
f 2843 2844 2845
f 2843 2845 2846
v 1.98 12.454500000000001 1.0385
v 4.720000000000001 12.454500000000001 1.0385
v 4.720000000000001 12.5295 1.0385
v 1.98 12.5295 1.0385
f 2847 2848 2849
f 2847 2849 2850
usemtl c_16_18_20
v 1.98 12.454500000000001 1.5015
v 1.98 12.454500000000001 1.5265
v 1.98 12.5295 1.5265
v 1.98 12.5295 1.5015
f 2851 2852 2853
f 2851 2853 2854
v 4.720000000000001 12.454500000000001 1.5015
v 4.720000000000001 12.5295 1.5015
v 4.720000000000001 12.5295 1.5265
v 4.720000000000001 12.454500000000001 1.5265
f 2855 2856 2857
f 2855 2857 2858
v 1.98 12.454500000000001 1.5015
v 4.720000000000001 12.454500000000001 1.5015
v 4.720000000000001 12.454500000000001 1.5265
v 1.98 12.454500000000001 1.5265
f 2859 2860 2861
f 2859 2861 2862
v 1.98 12.5295 1.5015
v 1.98 12.5295 1.5265
v 4.720000000000001 12.5295 1.5265
v 4.720000000000001 12.5295 1.5015
f 2863 2864 2865
f 2863 2865 2866
v 1.98 12.454500000000001 1.5015
v 1.98 12.5295 1.5015
v 4.720000000000001 12.5295 1.5015
v 4.720000000000001 12.454500000000001 1.5015
f 2867 2868 2869
f 2867 2869 2870
v 1.98 12.454500000000001 1.5265
v 4.720000000000001 12.454500000000001 1.5265
v 4.720000000000001 12.5295 1.5265
v 1.98 12.5295 1.5265
f 2871 2872 2873
f 2871 2873 2874
usemtl c_16_18_20
v 1.98 12.454500000000001 1.9894999999999998
v 1.98 12.454500000000001 2.0145
v 1.98 12.5295 2.0145
v 1.98 12.5295 1.9894999999999998
f 2875 2876 2877
f 2875 2877 2878
v 4.720000000000001 12.454500000000001 1.9894999999999998
v 4.720000000000001 12.5295 1.9894999999999998
v 4.720000000000001 12.5295 2.0145
v 4.720000000000001 12.454500000000001 2.0145
f 2879 2880 2881
f 2879 2881 2882
v 1.98 12.454500000000001 1.9894999999999998
v 4.720000000000001 12.454500000000001 1.9894999999999998
v 4.720000000000001 12.454500000000001 2.0145
v 1.98 12.454500000000001 2.0145
f 2883 2884 2885
f 2883 2885 2886
v 1.98 12.5295 1.9894999999999998
v 1.98 12.5295 2.0145
v 4.720000000000001 12.5295 2.0145
v 4.720000000000001 12.5295 1.9894999999999998
f 2887 2888 2889
f 2887 2889 2890
v 1.98 12.454500000000001 1.9894999999999998
v 1.98 12.5295 1.9894999999999998
v 4.720000000000001 12.5295 1.9894999999999998
v 4.720000000000001 12.454500000000001 1.9894999999999998
f 2891 2892 2893
f 2891 2893 2894
v 1.98 12.454500000000001 2.0145
v 4.720000000000001 12.454500000000001 2.0145
v 4.720000000000001 12.5295 2.0145
v 1.98 12.5295 2.0145
f 2895 2896 2897
f 2895 2897 2898
usemtl c_119_123_125
v 6.135 12.4675 0.050000000000000044
v 6.135 12.4675 2.49
v 6.135 12.5325 2.49
v 6.135 12.5325 0.050000000000000044
f 2899 2900 2901
f 2899 2901 2902
v 9.865 12.4675 0.050000000000000044
v 9.865 12.5325 0.050000000000000044
v 9.865 12.5325 2.49
v 9.865 12.4675 2.49
f 2903 2904 2905
f 2903 2905 2906
v 6.135 12.4675 0.050000000000000044
v 9.865 12.4675 0.050000000000000044
v 9.865 12.4675 2.49
v 6.135 12.4675 2.49
f 2907 2908 2909
f 2907 2909 2910
v 6.135 12.5325 0.050000000000000044
v 6.135 12.5325 2.49
v 9.865 12.5325 2.49
v 9.865 12.5325 0.050000000000000044
f 2911 2912 2913
f 2911 2913 2914
v 6.135 12.4675 0.050000000000000044
v 6.135 12.5325 0.050000000000000044
v 9.865 12.5325 0.050000000000000044
v 9.865 12.4675 0.050000000000000044
f 2915 2916 2917
f 2915 2917 2918
v 6.135 12.4675 2.49
v 9.865 12.4675 2.49
v 9.865 12.5325 2.49
v 6.135 12.5325 2.49
f 2919 2920 2921
f 2919 2921 2922
usemtl c_16_18_20
v 6.045 12.442499999999999 -0.039999999999999994
v 6.045 12.442499999999999 0.05
v 6.045 12.5475 0.05
v 6.045 12.5475 -0.039999999999999994
f 2923 2924 2925
f 2923 2925 2926
v 9.955 12.442499999999999 -0.039999999999999994
v 9.955 12.5475 -0.039999999999999994
v 9.955 12.5475 0.05
v 9.955 12.442499999999999 0.05
f 2927 2928 2929
f 2927 2929 2930
v 6.045 12.442499999999999 -0.039999999999999994
v 9.955 12.442499999999999 -0.039999999999999994
v 9.955 12.442499999999999 0.05
v 6.045 12.442499999999999 0.05
f 2931 2932 2933
f 2931 2933 2934
v 6.045 12.5475 -0.039999999999999994
v 6.045 12.5475 0.05
v 9.955 12.5475 0.05
v 9.955 12.5475 -0.039999999999999994
f 2935 2936 2937
f 2935 2937 2938
v 6.045 12.442499999999999 -0.039999999999999994
v 6.045 12.5475 -0.039999999999999994
v 9.955 12.5475 -0.039999999999999994
v 9.955 12.442499999999999 -0.039999999999999994
f 2939 2940 2941
f 2939 2941 2942
v 6.045 12.442499999999999 0.05
v 9.955 12.442499999999999 0.05
v 9.955 12.5475 0.05
v 6.045 12.5475 0.05
f 2943 2944 2945
f 2943 2945 2946
usemtl c_16_18_20
v 6.045 12.442499999999999 2.4899999999999998
v 6.045 12.442499999999999 2.5799999999999996
v 6.045 12.5475 2.5799999999999996
v 6.045 12.5475 2.4899999999999998
f 2947 2948 2949
f 2947 2949 2950
v 9.955 12.442499999999999 2.4899999999999998
v 9.955 12.5475 2.4899999999999998
v 9.955 12.5475 2.5799999999999996
v 9.955 12.442499999999999 2.5799999999999996
f 2951 2952 2953
f 2951 2953 2954
v 6.045 12.442499999999999 2.4899999999999998
v 9.955 12.442499999999999 2.4899999999999998
v 9.955 12.442499999999999 2.5799999999999996
v 6.045 12.442499999999999 2.5799999999999996
f 2955 2956 2957
f 2955 2957 2958
v 6.045 12.5475 2.4899999999999998
v 6.045 12.5475 2.5799999999999996
v 9.955 12.5475 2.5799999999999996
v 9.955 12.5475 2.4899999999999998
f 2959 2960 2961
f 2959 2961 2962
v 6.045 12.442499999999999 2.4899999999999998
v 6.045 12.5475 2.4899999999999998
v 9.955 12.5475 2.4899999999999998
v 9.955 12.442499999999999 2.4899999999999998
f 2963 2964 2965
f 2963 2965 2966
v 6.045 12.442499999999999 2.5799999999999996
v 9.955 12.442499999999999 2.5799999999999996
v 9.955 12.5475 2.5799999999999996
v 6.045 12.5475 2.5799999999999996
f 2967 2968 2969
f 2967 2969 2970
usemtl c_16_18_20
v 6.045 12.442499999999999 0.050000000000000044
v 6.045 12.442499999999999 2.49
v 6.045 12.5475 2.49
v 6.045 12.5475 0.050000000000000044
f 2971 2972 2973
f 2971 2973 2974
v 6.135 12.442499999999999 0.050000000000000044
v 6.135 12.5475 0.050000000000000044
v 6.135 12.5475 2.49
v 6.135 12.442499999999999 2.49
f 2975 2976 2977
f 2975 2977 2978
v 6.045 12.442499999999999 0.050000000000000044
v 6.135 12.442499999999999 0.050000000000000044
v 6.135 12.442499999999999 2.49
v 6.045 12.442499999999999 2.49
f 2979 2980 2981
f 2979 2981 2982
v 6.045 12.5475 0.050000000000000044
v 6.045 12.5475 2.49
v 6.135 12.5475 2.49
v 6.135 12.5475 0.050000000000000044
f 2983 2984 2985
f 2983 2985 2986
v 6.045 12.442499999999999 0.050000000000000044
v 6.045 12.5475 0.050000000000000044
v 6.135 12.5475 0.050000000000000044
v 6.135 12.442499999999999 0.050000000000000044
f 2987 2988 2989
f 2987 2989 2990
v 6.045 12.442499999999999 2.49
v 6.135 12.442499999999999 2.49
v 6.135 12.5475 2.49
v 6.045 12.5475 2.49
f 2991 2992 2993
f 2991 2993 2994
usemtl c_16_18_20
v 9.865 12.442499999999999 0.050000000000000044
v 9.865 12.442499999999999 2.49
v 9.865 12.5475 2.49
v 9.865 12.5475 0.050000000000000044
f 2995 2996 2997
f 2995 2997 2998
v 9.955 12.442499999999999 0.050000000000000044
v 9.955 12.5475 0.050000000000000044
v 9.955 12.5475 2.49
v 9.955 12.442499999999999 2.49
f 2999 3000 3001
f 2999 3001 3002
v 9.865 12.442499999999999 0.050000000000000044
v 9.955 12.442499999999999 0.050000000000000044
v 9.955 12.442499999999999 2.49
v 9.865 12.442499999999999 2.49
f 3003 3004 3005
f 3003 3005 3006
v 9.865 12.5475 0.050000000000000044
v 9.865 12.5475 2.49
v 9.955 12.5475 2.49
v 9.955 12.5475 0.050000000000000044
f 3007 3008 3009
f 3007 3009 3010
v 9.865 12.442499999999999 0.050000000000000044
v 9.865 12.5475 0.050000000000000044
v 9.955 12.5475 0.050000000000000044
v 9.955 12.442499999999999 0.050000000000000044
f 3011 3012 3013
f 3011 3013 3014
v 9.865 12.442499999999999 2.49
v 9.955 12.442499999999999 2.49
v 9.955 12.5475 2.49
v 9.865 12.5475 2.49
f 3015 3016 3017
f 3015 3017 3018
usemtl c_16_18_20
v 6.135 12.454500000000001 0.5255000000000001
v 6.135 12.454500000000001 0.5505
v 6.135 12.5295 0.5505
v 6.135 12.5295 0.5255000000000001
f 3019 3020 3021
f 3019 3021 3022
v 9.865 12.454500000000001 0.5255000000000001
v 9.865 12.5295 0.5255000000000001
v 9.865 12.5295 0.5505
v 9.865 12.454500000000001 0.5505
f 3023 3024 3025
f 3023 3025 3026
v 6.135 12.454500000000001 0.5255000000000001
v 9.865 12.454500000000001 0.5255000000000001
v 9.865 12.454500000000001 0.5505
v 6.135 12.454500000000001 0.5505
f 3027 3028 3029
f 3027 3029 3030
v 6.135 12.5295 0.5255000000000001
v 6.135 12.5295 0.5505
v 9.865 12.5295 0.5505
v 9.865 12.5295 0.5255000000000001
f 3031 3032 3033
f 3031 3033 3034
v 6.135 12.454500000000001 0.5255000000000001
v 6.135 12.5295 0.5255000000000001
v 9.865 12.5295 0.5255000000000001
v 9.865 12.454500000000001 0.5255000000000001
f 3035 3036 3037
f 3035 3037 3038
v 6.135 12.454500000000001 0.5505
v 9.865 12.454500000000001 0.5505
v 9.865 12.5295 0.5505
v 6.135 12.5295 0.5505
f 3039 3040 3041
f 3039 3041 3042
usemtl c_16_18_20
v 6.135 12.454500000000001 1.0135
v 6.135 12.454500000000001 1.0385
v 6.135 12.5295 1.0385
v 6.135 12.5295 1.0135
f 3043 3044 3045
f 3043 3045 3046
v 9.865 12.454500000000001 1.0135
v 9.865 12.5295 1.0135
v 9.865 12.5295 1.0385
v 9.865 12.454500000000001 1.0385
f 3047 3048 3049
f 3047 3049 3050
v 6.135 12.454500000000001 1.0135
v 9.865 12.454500000000001 1.0135
v 9.865 12.454500000000001 1.0385
v 6.135 12.454500000000001 1.0385
f 3051 3052 3053
f 3051 3053 3054
v 6.135 12.5295 1.0135
v 6.135 12.5295 1.0385
v 9.865 12.5295 1.0385
v 9.865 12.5295 1.0135
f 3055 3056 3057
f 3055 3057 3058
v 6.135 12.454500000000001 1.0135
v 6.135 12.5295 1.0135
v 9.865 12.5295 1.0135
v 9.865 12.454500000000001 1.0135
f 3059 3060 3061
f 3059 3061 3062
v 6.135 12.454500000000001 1.0385
v 9.865 12.454500000000001 1.0385
v 9.865 12.5295 1.0385
v 6.135 12.5295 1.0385
f 3063 3064 3065
f 3063 3065 3066
usemtl c_16_18_20
v 6.135 12.454500000000001 1.5015
v 6.135 12.454500000000001 1.5265
v 6.135 12.5295 1.5265
v 6.135 12.5295 1.5015
f 3067 3068 3069
f 3067 3069 3070
v 9.865 12.454500000000001 1.5015
v 9.865 12.5295 1.5015
v 9.865 12.5295 1.5265
v 9.865 12.454500000000001 1.5265
f 3071 3072 3073
f 3071 3073 3074
v 6.135 12.454500000000001 1.5015
v 9.865 12.454500000000001 1.5015
v 9.865 12.454500000000001 1.5265
v 6.135 12.454500000000001 1.5265
f 3075 3076 3077
f 3075 3077 3078
v 6.135 12.5295 1.5015
v 6.135 12.5295 1.5265
v 9.865 12.5295 1.5265
v 9.865 12.5295 1.5015
f 3079 3080 3081
f 3079 3081 3082
v 6.135 12.454500000000001 1.5015
v 6.135 12.5295 1.5015
v 9.865 12.5295 1.5015
v 9.865 12.454500000000001 1.5015
f 3083 3084 3085
f 3083 3085 3086
v 6.135 12.454500000000001 1.5265
v 9.865 12.454500000000001 1.5265
v 9.865 12.5295 1.5265
v 6.135 12.5295 1.5265
f 3087 3088 3089
f 3087 3089 3090
usemtl c_16_18_20
v 6.135 12.454500000000001 1.9894999999999998
v 6.135 12.454500000000001 2.0145
v 6.135 12.5295 2.0145
v 6.135 12.5295 1.9894999999999998
f 3091 3092 3093
f 3091 3093 3094
v 9.865 12.454500000000001 1.9894999999999998
v 9.865 12.5295 1.9894999999999998
v 9.865 12.5295 2.0145
v 9.865 12.454500000000001 2.0145
f 3095 3096 3097
f 3095 3097 3098
v 6.135 12.454500000000001 1.9894999999999998
v 9.865 12.454500000000001 1.9894999999999998
v 9.865 12.454500000000001 2.0145
v 6.135 12.454500000000001 2.0145
f 3099 3100 3101
f 3099 3101 3102
v 6.135 12.5295 1.9894999999999998
v 6.135 12.5295 2.0145
v 9.865 12.5295 2.0145
v 9.865 12.5295 1.9894999999999998
f 3103 3104 3105
f 3103 3105 3106
v 6.135 12.454500000000001 1.9894999999999998
v 6.135 12.5295 1.9894999999999998
v 9.865 12.5295 1.9894999999999998
v 9.865 12.454500000000001 1.9894999999999998
f 3107 3108 3109
f 3107 3109 3110
v 6.135 12.454500000000001 2.0145
v 9.865 12.454500000000001 2.0145
v 9.865 12.5295 2.0145
v 6.135 12.5295 2.0145
f 3111 3112 3113
f 3111 3113 3114
usemtl c_119_123_125
v 11.309999999999999 12.4675 0.050000000000000044
v 11.309999999999999 12.4675 2.49
v 11.309999999999999 12.5325 2.49
v 11.309999999999999 12.5325 0.050000000000000044
f 3115 3116 3117
f 3115 3117 3118
v 14.05 12.4675 0.050000000000000044
v 14.05 12.5325 0.050000000000000044
v 14.05 12.5325 2.49
v 14.05 12.4675 2.49
f 3119 3120 3121
f 3119 3121 3122
v 11.309999999999999 12.4675 0.050000000000000044
v 14.05 12.4675 0.050000000000000044
v 14.05 12.4675 2.49
v 11.309999999999999 12.4675 2.49
f 3123 3124 3125
f 3123 3125 3126
v 11.309999999999999 12.5325 0.050000000000000044
v 11.309999999999999 12.5325 2.49
v 14.05 12.5325 2.49
v 14.05 12.5325 0.050000000000000044
f 3127 3128 3129
f 3127 3129 3130
v 11.309999999999999 12.4675 0.050000000000000044
v 11.309999999999999 12.5325 0.050000000000000044
v 14.05 12.5325 0.050000000000000044
v 14.05 12.4675 0.050000000000000044
f 3131 3132 3133
f 3131 3133 3134
v 11.309999999999999 12.4675 2.49
v 14.05 12.4675 2.49
v 14.05 12.5325 2.49
v 11.309999999999999 12.5325 2.49
f 3135 3136 3137
f 3135 3137 3138
usemtl c_16_18_20
v 11.219999999999999 12.442499999999999 -0.039999999999999994
v 11.219999999999999 12.442499999999999 0.05
v 11.219999999999999 12.5475 0.05
v 11.219999999999999 12.5475 -0.039999999999999994
f 3139 3140 3141
f 3139 3141 3142
v 14.14 12.442499999999999 -0.039999999999999994
v 14.14 12.5475 -0.039999999999999994
v 14.14 12.5475 0.05
v 14.14 12.442499999999999 0.05
f 3143 3144 3145
f 3143 3145 3146
v 11.219999999999999 12.442499999999999 -0.039999999999999994
v 14.14 12.442499999999999 -0.039999999999999994
v 14.14 12.442499999999999 0.05
v 11.219999999999999 12.442499999999999 0.05
f 3147 3148 3149
f 3147 3149 3150
v 11.219999999999999 12.5475 -0.039999999999999994
v 11.219999999999999 12.5475 0.05
v 14.14 12.5475 0.05
v 14.14 12.5475 -0.039999999999999994
f 3151 3152 3153
f 3151 3153 3154
v 11.219999999999999 12.442499999999999 -0.039999999999999994
v 11.219999999999999 12.5475 -0.039999999999999994
v 14.14 12.5475 -0.039999999999999994
v 14.14 12.442499999999999 -0.039999999999999994
f 3155 3156 3157
f 3155 3157 3158
v 11.219999999999999 12.442499999999999 0.05
v 14.14 12.442499999999999 0.05
v 14.14 12.5475 0.05
v 11.219999999999999 12.5475 0.05
f 3159 3160 3161
f 3159 3161 3162
usemtl c_16_18_20
v 11.219999999999999 12.442499999999999 2.4899999999999998
v 11.219999999999999 12.442499999999999 2.5799999999999996
v 11.219999999999999 12.5475 2.5799999999999996
v 11.219999999999999 12.5475 2.4899999999999998
f 3163 3164 3165
f 3163 3165 3166
v 14.14 12.442499999999999 2.4899999999999998
v 14.14 12.5475 2.4899999999999998
v 14.14 12.5475 2.5799999999999996
v 14.14 12.442499999999999 2.5799999999999996
f 3167 3168 3169
f 3167 3169 3170
v 11.219999999999999 12.442499999999999 2.4899999999999998
v 14.14 12.442499999999999 2.4899999999999998
v 14.14 12.442499999999999 2.5799999999999996
v 11.219999999999999 12.442499999999999 2.5799999999999996
f 3171 3172 3173
f 3171 3173 3174
v 11.219999999999999 12.5475 2.4899999999999998
v 11.219999999999999 12.5475 2.5799999999999996
v 14.14 12.5475 2.5799999999999996
v 14.14 12.5475 2.4899999999999998
f 3175 3176 3177
f 3175 3177 3178
v 11.219999999999999 12.442499999999999 2.4899999999999998
v 11.219999999999999 12.5475 2.4899999999999998
v 14.14 12.5475 2.4899999999999998
v 14.14 12.442499999999999 2.4899999999999998
f 3179 3180 3181
f 3179 3181 3182
v 11.219999999999999 12.442499999999999 2.5799999999999996
v 14.14 12.442499999999999 2.5799999999999996
v 14.14 12.5475 2.5799999999999996
v 11.219999999999999 12.5475 2.5799999999999996
f 3183 3184 3185
f 3183 3185 3186
usemtl c_16_18_20
v 11.219999999999999 12.442499999999999 0.050000000000000044
v 11.219999999999999 12.442499999999999 2.49
v 11.219999999999999 12.5475 2.49
v 11.219999999999999 12.5475 0.050000000000000044
f 3187 3188 3189
f 3187 3189 3190
v 11.309999999999999 12.442499999999999 0.050000000000000044
v 11.309999999999999 12.5475 0.050000000000000044
v 11.309999999999999 12.5475 2.49
v 11.309999999999999 12.442499999999999 2.49
f 3191 3192 3193
f 3191 3193 3194
v 11.219999999999999 12.442499999999999 0.050000000000000044
v 11.309999999999999 12.442499999999999 0.050000000000000044
v 11.309999999999999 12.442499999999999 2.49
v 11.219999999999999 12.442499999999999 2.49
f 3195 3196 3197
f 3195 3197 3198
v 11.219999999999999 12.5475 0.050000000000000044
v 11.219999999999999 12.5475 2.49
v 11.309999999999999 12.5475 2.49
v 11.309999999999999 12.5475 0.050000000000000044
f 3199 3200 3201
f 3199 3201 3202
v 11.219999999999999 12.442499999999999 0.050000000000000044
v 11.219999999999999 12.5475 0.050000000000000044
v 11.309999999999999 12.5475 0.050000000000000044
v 11.309999999999999 12.442499999999999 0.050000000000000044
f 3203 3204 3205
f 3203 3205 3206
v 11.219999999999999 12.442499999999999 2.49
v 11.309999999999999 12.442499999999999 2.49
v 11.309999999999999 12.5475 2.49
v 11.219999999999999 12.5475 2.49
f 3207 3208 3209
f 3207 3209 3210
usemtl c_16_18_20
v 14.05 12.442499999999999 0.050000000000000044
v 14.05 12.442499999999999 2.49
v 14.05 12.5475 2.49
v 14.05 12.5475 0.050000000000000044
f 3211 3212 3213
f 3211 3213 3214
v 14.14 12.442499999999999 0.050000000000000044
v 14.14 12.5475 0.050000000000000044
v 14.14 12.5475 2.49
v 14.14 12.442499999999999 2.49
f 3215 3216 3217
f 3215 3217 3218
v 14.05 12.442499999999999 0.050000000000000044
v 14.14 12.442499999999999 0.050000000000000044
v 14.14 12.442499999999999 2.49
v 14.05 12.442499999999999 2.49
f 3219 3220 3221
f 3219 3221 3222
v 14.05 12.5475 0.050000000000000044
v 14.05 12.5475 2.49
v 14.14 12.5475 2.49
v 14.14 12.5475 0.050000000000000044
f 3223 3224 3225
f 3223 3225 3226
v 14.05 12.442499999999999 0.050000000000000044
v 14.05 12.5475 0.050000000000000044
v 14.14 12.5475 0.050000000000000044
v 14.14 12.442499999999999 0.050000000000000044
f 3227 3228 3229
f 3227 3229 3230
v 14.05 12.442499999999999 2.49
v 14.14 12.442499999999999 2.49
v 14.14 12.5475 2.49
v 14.05 12.5475 2.49
f 3231 3232 3233
f 3231 3233 3234
usemtl c_16_18_20
v 11.309999999999999 12.454500000000001 0.5255000000000001
v 11.309999999999999 12.454500000000001 0.5505
v 11.309999999999999 12.5295 0.5505
v 11.309999999999999 12.5295 0.5255000000000001
f 3235 3236 3237
f 3235 3237 3238
v 14.05 12.454500000000001 0.5255000000000001
v 14.05 12.5295 0.5255000000000001
v 14.05 12.5295 0.5505
v 14.05 12.454500000000001 0.5505
f 3239 3240 3241
f 3239 3241 3242
v 11.309999999999999 12.454500000000001 0.5255000000000001
v 14.05 12.454500000000001 0.5255000000000001
v 14.05 12.454500000000001 0.5505
v 11.309999999999999 12.454500000000001 0.5505
f 3243 3244 3245
f 3243 3245 3246
v 11.309999999999999 12.5295 0.5255000000000001
v 11.309999999999999 12.5295 0.5505
v 14.05 12.5295 0.5505
v 14.05 12.5295 0.5255000000000001
f 3247 3248 3249
f 3247 3249 3250
v 11.309999999999999 12.454500000000001 0.5255000000000001
v 11.309999999999999 12.5295 0.5255000000000001
v 14.05 12.5295 0.5255000000000001
v 14.05 12.454500000000001 0.5255000000000001
f 3251 3252 3253
f 3251 3253 3254
v 11.309999999999999 12.454500000000001 0.5505
v 14.05 12.454500000000001 0.5505
v 14.05 12.5295 0.5505
v 11.309999999999999 12.5295 0.5505
f 3255 3256 3257
f 3255 3257 3258
usemtl c_16_18_20
v 11.309999999999999 12.454500000000001 1.0135
v 11.309999999999999 12.454500000000001 1.0385
v 11.309999999999999 12.5295 1.0385
v 11.309999999999999 12.5295 1.0135
f 3259 3260 3261
f 3259 3261 3262
v 14.05 12.454500000000001 1.0135
v 14.05 12.5295 1.0135
v 14.05 12.5295 1.0385
v 14.05 12.454500000000001 1.0385
f 3263 3264 3265
f 3263 3265 3266
v 11.309999999999999 12.454500000000001 1.0135
v 14.05 12.454500000000001 1.0135
v 14.05 12.454500000000001 1.0385
v 11.309999999999999 12.454500000000001 1.0385
f 3267 3268 3269
f 3267 3269 3270
v 11.309999999999999 12.5295 1.0135
v 11.309999999999999 12.5295 1.0385
v 14.05 12.5295 1.0385
v 14.05 12.5295 1.0135
f 3271 3272 3273
f 3271 3273 3274
v 11.309999999999999 12.454500000000001 1.0135
v 11.309999999999999 12.5295 1.0135
v 14.05 12.5295 1.0135
v 14.05 12.454500000000001 1.0135
f 3275 3276 3277
f 3275 3277 3278
v 11.309999999999999 12.454500000000001 1.0385
v 14.05 12.454500000000001 1.0385
v 14.05 12.5295 1.0385
v 11.309999999999999 12.5295 1.0385
f 3279 3280 3281
f 3279 3281 3282
usemtl c_16_18_20
v 11.309999999999999 12.454500000000001 1.5015
v 11.309999999999999 12.454500000000001 1.5265
v 11.309999999999999 12.5295 1.5265
v 11.309999999999999 12.5295 1.5015
f 3283 3284 3285
f 3283 3285 3286
v 14.05 12.454500000000001 1.5015
v 14.05 12.5295 1.5015
v 14.05 12.5295 1.5265
v 14.05 12.454500000000001 1.5265
f 3287 3288 3289
f 3287 3289 3290
v 11.309999999999999 12.454500000000001 1.5015
v 14.05 12.454500000000001 1.5015
v 14.05 12.454500000000001 1.5265
v 11.309999999999999 12.454500000000001 1.5265
f 3291 3292 3293
f 3291 3293 3294
v 11.309999999999999 12.5295 1.5015
v 11.309999999999999 12.5295 1.5265
v 14.05 12.5295 1.5265
v 14.05 12.5295 1.5015
f 3295 3296 3297
f 3295 3297 3298
v 11.309999999999999 12.454500000000001 1.5015
v 11.309999999999999 12.5295 1.5015
v 14.05 12.5295 1.5015
v 14.05 12.454500000000001 1.5015
f 3299 3300 3301
f 3299 3301 3302
v 11.309999999999999 12.454500000000001 1.5265
v 14.05 12.454500000000001 1.5265
v 14.05 12.5295 1.5265
v 11.309999999999999 12.5295 1.5265
f 3303 3304 3305
f 3303 3305 3306
usemtl c_16_18_20
v 11.309999999999999 12.454500000000001 1.9894999999999998
v 11.309999999999999 12.454500000000001 2.0145
v 11.309999999999999 12.5295 2.0145
v 11.309999999999999 12.5295 1.9894999999999998
f 3307 3308 3309
f 3307 3309 3310
v 14.05 12.454500000000001 1.9894999999999998
v 14.05 12.5295 1.9894999999999998
v 14.05 12.5295 2.0145
v 14.05 12.454500000000001 2.0145
f 3311 3312 3313
f 3311 3313 3314
v 11.309999999999999 12.454500000000001 1.9894999999999998
v 14.05 12.454500000000001 1.9894999999999998
v 14.05 12.454500000000001 2.0145
v 11.309999999999999 12.454500000000001 2.0145
f 3315 3316 3317
f 3315 3317 3318
v 11.309999999999999 12.5295 1.9894999999999998
v 11.309999999999999 12.5295 2.0145
v 14.05 12.5295 2.0145
v 14.05 12.5295 1.9894999999999998
f 3319 3320 3321
f 3319 3321 3322
v 11.309999999999999 12.454500000000001 1.9894999999999998
v 11.309999999999999 12.5295 1.9894999999999998
v 14.05 12.5295 1.9894999999999998
v 14.05 12.454500000000001 1.9894999999999998
f 3323 3324 3325
f 3323 3325 3326
v 11.309999999999999 12.454500000000001 2.0145
v 14.05 12.454500000000001 2.0145
v 14.05 12.5295 2.0145
v 11.309999999999999 12.5295 2.0145
f 3327 3328 3329
f 3327 3329 3330
usemtl c_31_51_61
v 2.64 12.4575 5.199999999999999
v 2.64 12.4575 5.77
v 2.64 12.502500000000001 5.77
v 2.64 12.502500000000001 5.199999999999999
f 3331 3332 3333
f 3331 3333 3334
v 4.0600000000000005 12.4575 5.199999999999999
v 4.0600000000000005 12.502500000000001 5.199999999999999
v 4.0600000000000005 12.502500000000001 5.77
v 4.0600000000000005 12.4575 5.77
f 3335 3336 3337
f 3335 3337 3338
v 2.64 12.4575 5.199999999999999
v 4.0600000000000005 12.4575 5.199999999999999
v 4.0600000000000005 12.4575 5.77
v 2.64 12.4575 5.77
f 3339 3340 3341
f 3339 3341 3342
v 2.64 12.502500000000001 5.199999999999999
v 2.64 12.502500000000001 5.77
v 4.0600000000000005 12.502500000000001 5.77
v 4.0600000000000005 12.502500000000001 5.199999999999999
f 3343 3344 3345
f 3343 3345 3346
v 2.64 12.4575 5.199999999999999
v 2.64 12.502500000000001 5.199999999999999
v 4.0600000000000005 12.502500000000001 5.199999999999999
v 4.0600000000000005 12.4575 5.199999999999999
f 3347 3348 3349
f 3347 3349 3350
v 2.64 12.4575 5.77
v 4.0600000000000005 12.4575 5.77
v 4.0600000000000005 12.502500000000001 5.77
v 2.64 12.502500000000001 5.77
f 3351 3352 3353
f 3351 3353 3354
usemtl c_16_18_20
v 2.5700000000000003 12.4395 5.129999999999999
v 2.5700000000000003 12.4395 5.199999999999999
v 2.5700000000000003 12.5145 5.199999999999999
v 2.5700000000000003 12.5145 5.129999999999999
f 3355 3356 3357
f 3355 3357 3358
v 4.13 12.4395 5.129999999999999
v 4.13 12.5145 5.129999999999999
v 4.13 12.5145 5.199999999999999
v 4.13 12.4395 5.199999999999999
f 3359 3360 3361
f 3359 3361 3362
v 2.5700000000000003 12.4395 5.129999999999999
v 4.13 12.4395 5.129999999999999
v 4.13 12.4395 5.199999999999999
v 2.5700000000000003 12.4395 5.199999999999999
f 3363 3364 3365
f 3363 3365 3366
v 2.5700000000000003 12.5145 5.129999999999999
v 2.5700000000000003 12.5145 5.199999999999999
v 4.13 12.5145 5.199999999999999
v 4.13 12.5145 5.129999999999999
f 3367 3368 3369
f 3367 3369 3370
v 2.5700000000000003 12.4395 5.129999999999999
v 2.5700000000000003 12.5145 5.129999999999999
v 4.13 12.5145 5.129999999999999
v 4.13 12.4395 5.129999999999999
f 3371 3372 3373
f 3371 3373 3374
v 2.5700000000000003 12.4395 5.199999999999999
v 4.13 12.4395 5.199999999999999
v 4.13 12.5145 5.199999999999999
v 2.5700000000000003 12.5145 5.199999999999999
f 3375 3376 3377
f 3375 3377 3378
usemtl c_16_18_20
v 2.5700000000000003 12.4395 5.77
v 2.5700000000000003 12.4395 5.84
v 2.5700000000000003 12.5145 5.84
v 2.5700000000000003 12.5145 5.77
f 3379 3380 3381
f 3379 3381 3382
v 4.13 12.4395 5.77
v 4.13 12.5145 5.77
v 4.13 12.5145 5.84
v 4.13 12.4395 5.84
f 3383 3384 3385
f 3383 3385 3386
v 2.5700000000000003 12.4395 5.77
v 4.13 12.4395 5.77
v 4.13 12.4395 5.84
v 2.5700000000000003 12.4395 5.84
f 3387 3388 3389
f 3387 3389 3390
v 2.5700000000000003 12.5145 5.77
v 2.5700000000000003 12.5145 5.84
v 4.13 12.5145 5.84
v 4.13 12.5145 5.77
f 3391 3392 3393
f 3391 3393 3394
v 2.5700000000000003 12.4395 5.77
v 2.5700000000000003 12.5145 5.77
v 4.13 12.5145 5.77
v 4.13 12.4395 5.77
f 3395 3396 3397
f 3395 3397 3398
v 2.5700000000000003 12.4395 5.84
v 4.13 12.4395 5.84
v 4.13 12.5145 5.84
v 2.5700000000000003 12.5145 5.84
f 3399 3400 3401
f 3399 3401 3402
usemtl c_16_18_20
v 2.57 12.4395 5.199999999999999
v 2.57 12.4395 5.77
v 2.57 12.5145 5.77
v 2.57 12.5145 5.199999999999999
f 3403 3404 3405
f 3403 3405 3406
v 2.64 12.4395 5.199999999999999
v 2.64 12.5145 5.199999999999999
v 2.64 12.5145 5.77
v 2.64 12.4395 5.77
f 3407 3408 3409
f 3407 3409 3410
v 2.57 12.4395 5.199999999999999
v 2.64 12.4395 5.199999999999999
v 2.64 12.4395 5.77
v 2.57 12.4395 5.77
f 3411 3412 3413
f 3411 3413 3414
v 2.57 12.5145 5.199999999999999
v 2.57 12.5145 5.77
v 2.64 12.5145 5.77
v 2.64 12.5145 5.199999999999999
f 3415 3416 3417
f 3415 3417 3418
v 2.57 12.4395 5.199999999999999
v 2.57 12.5145 5.199999999999999
v 2.64 12.5145 5.199999999999999
v 2.64 12.4395 5.199999999999999
f 3419 3420 3421
f 3419 3421 3422
v 2.57 12.4395 5.77
v 2.64 12.4395 5.77
v 2.64 12.5145 5.77
v 2.57 12.5145 5.77
f 3423 3424 3425
f 3423 3425 3426
usemtl c_16_18_20
v 4.0600000000000005 12.4395 5.199999999999999
v 4.0600000000000005 12.4395 5.77
v 4.0600000000000005 12.5145 5.77
v 4.0600000000000005 12.5145 5.199999999999999
f 3427 3428 3429
f 3427 3429 3430
v 4.130000000000001 12.4395 5.199999999999999
v 4.130000000000001 12.5145 5.199999999999999
v 4.130000000000001 12.5145 5.77
v 4.130000000000001 12.4395 5.77
f 3431 3432 3433
f 3431 3433 3434
v 4.0600000000000005 12.4395 5.199999999999999
v 4.130000000000001 12.4395 5.199999999999999
v 4.130000000000001 12.4395 5.77
v 4.0600000000000005 12.4395 5.77
f 3435 3436 3437
f 3435 3437 3438
v 4.0600000000000005 12.5145 5.199999999999999
v 4.0600000000000005 12.5145 5.77
v 4.130000000000001 12.5145 5.77
v 4.130000000000001 12.5145 5.199999999999999
f 3439 3440 3441
f 3439 3441 3442
v 4.0600000000000005 12.4395 5.199999999999999
v 4.0600000000000005 12.5145 5.199999999999999
v 4.130000000000001 12.5145 5.199999999999999
v 4.130000000000001 12.4395 5.199999999999999
f 3443 3444 3445
f 3443 3445 3446
v 4.0600000000000005 12.4395 5.77
v 4.130000000000001 12.4395 5.77
v 4.130000000000001 12.5145 5.77
v 4.0600000000000005 12.5145 5.77
f 3447 3448 3449
f 3447 3449 3450
usemtl c_16_18_20
v 3.3275 12.434000000000001 5.199999999999999
v 3.3275 12.434000000000001 5.77
v 3.3275 12.514 5.77
v 3.3275 12.514 5.199999999999999
f 3451 3452 3453
f 3451 3453 3454
v 3.3725 12.434000000000001 5.199999999999999
v 3.3725 12.514 5.199999999999999
v 3.3725 12.514 5.77
v 3.3725 12.434000000000001 5.77
f 3455 3456 3457
f 3455 3457 3458
v 3.3275 12.434000000000001 5.199999999999999
v 3.3725 12.434000000000001 5.199999999999999
v 3.3725 12.434000000000001 5.77
v 3.3275 12.434000000000001 5.77
f 3459 3460 3461
f 3459 3461 3462
v 3.3275 12.514 5.199999999999999
v 3.3275 12.514 5.77
v 3.3725 12.514 5.77
v 3.3725 12.514 5.199999999999999
f 3463 3464 3465
f 3463 3465 3466
v 3.3275 12.434000000000001 5.199999999999999
v 3.3275 12.514 5.199999999999999
v 3.3725 12.514 5.199999999999999
v 3.3725 12.434000000000001 5.199999999999999
f 3467 3468 3469
f 3467 3469 3470
v 3.3275 12.434000000000001 5.77
v 3.3725 12.434000000000001 5.77
v 3.3725 12.514 5.77
v 3.3275 12.514 5.77
f 3471 3472 3473
f 3471 3473 3474
usemtl c_31_51_61
v 11.969999999999999 12.4575 5.199999999999999
v 11.969999999999999 12.4575 5.77
v 11.969999999999999 12.502500000000001 5.77
v 11.969999999999999 12.502500000000001 5.199999999999999
f 3475 3476 3477
f 3475 3477 3478
v 13.39 12.4575 5.199999999999999
v 13.39 12.502500000000001 5.199999999999999
v 13.39 12.502500000000001 5.77
v 13.39 12.4575 5.77
f 3479 3480 3481
f 3479 3481 3482
v 11.969999999999999 12.4575 5.199999999999999
v 13.39 12.4575 5.199999999999999
v 13.39 12.4575 5.77
v 11.969999999999999 12.4575 5.77
f 3483 3484 3485
f 3483 3485 3486
v 11.969999999999999 12.502500000000001 5.199999999999999
v 11.969999999999999 12.502500000000001 5.77
v 13.39 12.502500000000001 5.77
v 13.39 12.502500000000001 5.199999999999999
f 3487 3488 3489
f 3487 3489 3490
v 11.969999999999999 12.4575 5.199999999999999
v 11.969999999999999 12.502500000000001 5.199999999999999
v 13.39 12.502500000000001 5.199999999999999
v 13.39 12.4575 5.199999999999999
f 3491 3492 3493
f 3491 3493 3494
v 11.969999999999999 12.4575 5.77
v 13.39 12.4575 5.77
v 13.39 12.502500000000001 5.77
v 11.969999999999999 12.502500000000001 5.77
f 3495 3496 3497
f 3495 3497 3498
usemtl c_16_18_20
v 11.9 12.4395 5.129999999999999
v 11.9 12.4395 5.199999999999999
v 11.9 12.5145 5.199999999999999
v 11.9 12.5145 5.129999999999999
f 3499 3500 3501
f 3499 3501 3502
v 13.459999999999999 12.4395 5.129999999999999
v 13.459999999999999 12.5145 5.129999999999999
v 13.459999999999999 12.5145 5.199999999999999
v 13.459999999999999 12.4395 5.199999999999999
f 3503 3504 3505
f 3503 3505 3506
v 11.9 12.4395 5.129999999999999
v 13.459999999999999 12.4395 5.129999999999999
v 13.459999999999999 12.4395 5.199999999999999
v 11.9 12.4395 5.199999999999999
f 3507 3508 3509
f 3507 3509 3510
v 11.9 12.5145 5.129999999999999
v 11.9 12.5145 5.199999999999999
v 13.459999999999999 12.5145 5.199999999999999
v 13.459999999999999 12.5145 5.129999999999999
f 3511 3512 3513
f 3511 3513 3514
v 11.9 12.4395 5.129999999999999
v 11.9 12.5145 5.129999999999999
v 13.459999999999999 12.5145 5.129999999999999
v 13.459999999999999 12.4395 5.129999999999999
f 3515 3516 3517
f 3515 3517 3518
v 11.9 12.4395 5.199999999999999
v 13.459999999999999 12.4395 5.199999999999999
v 13.459999999999999 12.5145 5.199999999999999
v 11.9 12.5145 5.199999999999999
f 3519 3520 3521
f 3519 3521 3522
usemtl c_16_18_20
v 11.9 12.4395 5.77
v 11.9 12.4395 5.84
v 11.9 12.5145 5.84
v 11.9 12.5145 5.77
f 3523 3524 3525
f 3523 3525 3526
v 13.459999999999999 12.4395 5.77
v 13.459999999999999 12.5145 5.77
v 13.459999999999999 12.5145 5.84
v 13.459999999999999 12.4395 5.84
f 3527 3528 3529
f 3527 3529 3530
v 11.9 12.4395 5.77
v 13.459999999999999 12.4395 5.77
v 13.459999999999999 12.4395 5.84
v 11.9 12.4395 5.84
f 3531 3532 3533
f 3531 3533 3534
v 11.9 12.5145 5.77
v 11.9 12.5145 5.84
v 13.459999999999999 12.5145 5.84
v 13.459999999999999 12.5145 5.77
f 3535 3536 3537
f 3535 3537 3538
v 11.9 12.4395 5.77
v 11.9 12.5145 5.77
v 13.459999999999999 12.5145 5.77
v 13.459999999999999 12.4395 5.77
f 3539 3540 3541
f 3539 3541 3542
v 11.9 12.4395 5.84
v 13.459999999999999 12.4395 5.84
v 13.459999999999999 12.5145 5.84
v 11.9 12.5145 5.84
f 3543 3544 3545
f 3543 3545 3546
usemtl c_16_18_20
v 11.899999999999999 12.4395 5.199999999999999
v 11.899999999999999 12.4395 5.77
v 11.899999999999999 12.5145 5.77
v 11.899999999999999 12.5145 5.199999999999999
f 3547 3548 3549
f 3547 3549 3550
v 11.969999999999999 12.4395 5.199999999999999
v 11.969999999999999 12.5145 5.199999999999999
v 11.969999999999999 12.5145 5.77
v 11.969999999999999 12.4395 5.77
f 3551 3552 3553
f 3551 3553 3554
v 11.899999999999999 12.4395 5.199999999999999
v 11.969999999999999 12.4395 5.199999999999999
v 11.969999999999999 12.4395 5.77
v 11.899999999999999 12.4395 5.77
f 3555 3556 3557
f 3555 3557 3558
v 11.899999999999999 12.5145 5.199999999999999
v 11.899999999999999 12.5145 5.77
v 11.969999999999999 12.5145 5.77
v 11.969999999999999 12.5145 5.199999999999999
f 3559 3560 3561
f 3559 3561 3562
v 11.899999999999999 12.4395 5.199999999999999
v 11.899999999999999 12.5145 5.199999999999999
v 11.969999999999999 12.5145 5.199999999999999
v 11.969999999999999 12.4395 5.199999999999999
f 3563 3564 3565
f 3563 3565 3566
v 11.899999999999999 12.4395 5.77
v 11.969999999999999 12.4395 5.77
v 11.969999999999999 12.5145 5.77
v 11.899999999999999 12.5145 5.77
f 3567 3568 3569
f 3567 3569 3570
usemtl c_16_18_20
v 13.39 12.4395 5.199999999999999
v 13.39 12.4395 5.77
v 13.39 12.5145 5.77
v 13.39 12.5145 5.199999999999999
f 3571 3572 3573
f 3571 3573 3574
v 13.46 12.4395 5.199999999999999
v 13.46 12.5145 5.199999999999999
v 13.46 12.5145 5.77
v 13.46 12.4395 5.77
f 3575 3576 3577
f 3575 3577 3578
v 13.39 12.4395 5.199999999999999
v 13.46 12.4395 5.199999999999999
v 13.46 12.4395 5.77
v 13.39 12.4395 5.77
f 3579 3580 3581
f 3579 3581 3582
v 13.39 12.5145 5.199999999999999
v 13.39 12.5145 5.77
v 13.46 12.5145 5.77
v 13.46 12.5145 5.199999999999999
f 3583 3584 3585
f 3583 3585 3586
v 13.39 12.4395 5.199999999999999
v 13.39 12.5145 5.199999999999999
v 13.46 12.5145 5.199999999999999
v 13.46 12.4395 5.199999999999999
f 3587 3588 3589
f 3587 3589 3590
v 13.39 12.4395 5.77
v 13.46 12.4395 5.77
v 13.46 12.5145 5.77
v 13.39 12.5145 5.77
f 3591 3592 3593
f 3591 3593 3594
usemtl c_16_18_20
v 12.657499999999999 12.434000000000001 5.199999999999999
v 12.657499999999999 12.434000000000001 5.77
v 12.657499999999999 12.514 5.77
v 12.657499999999999 12.514 5.199999999999999
f 3595 3596 3597
f 3595 3597 3598
v 12.7025 12.434000000000001 5.199999999999999
v 12.7025 12.514 5.199999999999999
v 12.7025 12.514 5.77
v 12.7025 12.434000000000001 5.77
f 3599 3600 3601
f 3599 3601 3602
v 12.657499999999999 12.434000000000001 5.199999999999999
v 12.7025 12.434000000000001 5.199999999999999
v 12.7025 12.434000000000001 5.77
v 12.657499999999999 12.434000000000001 5.77
f 3603 3604 3605
f 3603 3605 3606
v 12.657499999999999 12.514 5.199999999999999
v 12.657499999999999 12.514 5.77
v 12.7025 12.514 5.77
v 12.7025 12.514 5.199999999999999
f 3607 3608 3609
f 3607 3609 3610
v 12.657499999999999 12.434000000000001 5.199999999999999
v 12.657499999999999 12.514 5.199999999999999
v 12.7025 12.514 5.199999999999999
v 12.7025 12.434000000000001 5.199999999999999
f 3611 3612 3613
f 3611 3613 3614
v 12.657499999999999 12.434000000000001 5.77
v 12.7025 12.434000000000001 5.77
v 12.7025 12.514 5.77
v 12.657499999999999 12.514 5.77
f 3615 3616 3617
f 3615 3617 3618
usemtl c_16_18_20
v -0.1375 11.225000000000001 0.050000000000000044
v -0.1375 11.225000000000001 2.08
v -0.1375 12.135000000000002 2.08
v -0.1375 12.135000000000002 0.050000000000000044
f 3619 3620 3621
f 3619 3621 3622
v -0.0825 11.225000000000001 0.050000000000000044
v -0.0825 12.135000000000002 0.050000000000000044
v -0.0825 12.135000000000002 2.08
v -0.0825 11.225000000000001 2.08
f 3623 3624 3625
f 3623 3625 3626
v -0.1375 11.225000000000001 0.050000000000000044
v -0.0825 11.225000000000001 0.050000000000000044
v -0.0825 11.225000000000001 2.08
v -0.1375 11.225000000000001 2.08
f 3627 3628 3629
f 3627 3629 3630
v -0.1375 12.135000000000002 0.050000000000000044
v -0.1375 12.135000000000002 2.08
v -0.0825 12.135000000000002 2.08
v -0.0825 12.135000000000002 0.050000000000000044
f 3631 3632 3633
f 3631 3633 3634
v -0.1375 11.225000000000001 0.050000000000000044
v -0.1375 12.135000000000002 0.050000000000000044
v -0.0825 12.135000000000002 0.050000000000000044
v -0.0825 11.225000000000001 0.050000000000000044
f 3635 3636 3637
f 3635 3637 3638
v -0.1375 11.225000000000001 2.08
v -0.0825 11.225000000000001 2.08
v -0.0825 12.135000000000002 2.08
v -0.1375 12.135000000000002 2.08
f 3639 3640 3641
f 3639 3641 3642
usemtl c_16_18_20
v -0.159 11.155000000000001 -0.020000000000000004
v -0.159 11.155000000000001 0.05
v -0.159 12.205000000000002 0.05
v -0.159 12.205000000000002 -0.020000000000000004
f 3643 3644 3645
f 3643 3645 3646
v -0.069 11.155000000000001 -0.020000000000000004
v -0.069 12.205000000000002 -0.020000000000000004
v -0.069 12.205000000000002 0.05
v -0.069 11.155000000000001 0.05
f 3647 3648 3649
f 3647 3649 3650
v -0.159 11.155000000000001 -0.020000000000000004
v -0.069 11.155000000000001 -0.020000000000000004
v -0.069 11.155000000000001 0.05
v -0.159 11.155000000000001 0.05
f 3651 3652 3653
f 3651 3653 3654
v -0.159 12.205000000000002 -0.020000000000000004
v -0.159 12.205000000000002 0.05
v -0.069 12.205000000000002 0.05
v -0.069 12.205000000000002 -0.020000000000000004
f 3655 3656 3657
f 3655 3657 3658
v -0.159 11.155000000000001 -0.020000000000000004
v -0.159 12.205000000000002 -0.020000000000000004
v -0.069 12.205000000000002 -0.020000000000000004
v -0.069 11.155000000000001 -0.020000000000000004
f 3659 3660 3661
f 3659 3661 3662
v -0.159 11.155000000000001 0.05
v -0.069 11.155000000000001 0.05
v -0.069 12.205000000000002 0.05
v -0.159 12.205000000000002 0.05
f 3663 3664 3665
f 3663 3665 3666
usemtl c_16_18_20
v -0.159 11.155000000000001 2.0799999999999996
v -0.159 11.155000000000001 2.15
v -0.159 12.205000000000002 2.15
v -0.159 12.205000000000002 2.0799999999999996
f 3667 3668 3669
f 3667 3669 3670
v -0.069 11.155000000000001 2.0799999999999996
v -0.069 12.205000000000002 2.0799999999999996
v -0.069 12.205000000000002 2.15
v -0.069 11.155000000000001 2.15
f 3671 3672 3673
f 3671 3673 3674
v -0.159 11.155000000000001 2.0799999999999996
v -0.069 11.155000000000001 2.0799999999999996
v -0.069 11.155000000000001 2.15
v -0.159 11.155000000000001 2.15
f 3675 3676 3677
f 3675 3677 3678
v -0.159 12.205000000000002 2.0799999999999996
v -0.159 12.205000000000002 2.15
v -0.069 12.205000000000002 2.15
v -0.069 12.205000000000002 2.0799999999999996
f 3679 3680 3681
f 3679 3681 3682
v -0.159 11.155000000000001 2.0799999999999996
v -0.159 12.205000000000002 2.0799999999999996
v -0.069 12.205000000000002 2.0799999999999996
v -0.069 11.155000000000001 2.0799999999999996
f 3683 3684 3685
f 3683 3685 3686
v -0.159 11.155000000000001 2.15
v -0.069 11.155000000000001 2.15
v -0.069 12.205000000000002 2.15
v -0.159 12.205000000000002 2.15
f 3687 3688 3689
f 3687 3689 3690
usemtl c_16_18_20
v -0.159 11.155000000000001 0.050000000000000044
v -0.159 11.155000000000001 2.08
v -0.159 11.225000000000001 2.08
v -0.159 11.225000000000001 0.050000000000000044
f 3691 3692 3693
f 3691 3693 3694
v -0.069 11.155000000000001 0.050000000000000044
v -0.069 11.225000000000001 0.050000000000000044
v -0.069 11.225000000000001 2.08
v -0.069 11.155000000000001 2.08
f 3695 3696 3697
f 3695 3697 3698
v -0.159 11.155000000000001 0.050000000000000044
v -0.069 11.155000000000001 0.050000000000000044
v -0.069 11.155000000000001 2.08
v -0.159 11.155000000000001 2.08
f 3699 3700 3701
f 3699 3701 3702
v -0.159 11.225000000000001 0.050000000000000044
v -0.159 11.225000000000001 2.08
v -0.069 11.225000000000001 2.08
v -0.069 11.225000000000001 0.050000000000000044
f 3703 3704 3705
f 3703 3705 3706
v -0.159 11.155000000000001 0.050000000000000044
v -0.159 11.225000000000001 0.050000000000000044
v -0.069 11.225000000000001 0.050000000000000044
v -0.069 11.155000000000001 0.050000000000000044
f 3707 3708 3709
f 3707 3709 3710
v -0.159 11.155000000000001 2.08
v -0.069 11.155000000000001 2.08
v -0.069 11.225000000000001 2.08
v -0.159 11.225000000000001 2.08
f 3711 3712 3713
f 3711 3713 3714
usemtl c_16_18_20
v -0.159 12.135000000000002 0.050000000000000044
v -0.159 12.135000000000002 2.08
v -0.159 12.205000000000002 2.08
v -0.159 12.205000000000002 0.050000000000000044
f 3715 3716 3717
f 3715 3717 3718
v -0.069 12.135000000000002 0.050000000000000044
v -0.069 12.205000000000002 0.050000000000000044
v -0.069 12.205000000000002 2.08
v -0.069 12.135000000000002 2.08
f 3719 3720 3721
f 3719 3721 3722
v -0.159 12.135000000000002 0.050000000000000044
v -0.069 12.135000000000002 0.050000000000000044
v -0.069 12.135000000000002 2.08
v -0.159 12.135000000000002 2.08
f 3723 3724 3725
f 3723 3725 3726
v -0.159 12.205000000000002 0.050000000000000044
v -0.159 12.205000000000002 2.08
v -0.069 12.205000000000002 2.08
v -0.069 12.205000000000002 0.050000000000000044
f 3727 3728 3729
f 3727 3729 3730
v -0.159 12.135000000000002 0.050000000000000044
v -0.159 12.205000000000002 0.050000000000000044
v -0.069 12.205000000000002 0.050000000000000044
v -0.069 12.135000000000002 0.050000000000000044
f 3731 3732 3733
f 3731 3733 3734
v -0.159 12.135000000000002 2.08
v -0.069 12.135000000000002 2.08
v -0.069 12.205000000000002 2.08
v -0.159 12.205000000000002 2.08
f 3735 3736 3737
f 3735 3737 3738
usemtl c_31_51_61
v -0.1225 4.49 2.2
v -0.1225 4.49 2.7700000000000005
v -0.1225 5.91 2.7700000000000005
v -0.1225 5.91 2.2
f 3739 3740 3741
f 3739 3741 3742
v -0.07750000000000001 4.49 2.2
v -0.07750000000000001 5.91 2.2
v -0.07750000000000001 5.91 2.7700000000000005
v -0.07750000000000001 4.49 2.7700000000000005
f 3743 3744 3745
f 3743 3745 3746
v -0.1225 4.49 2.2
v -0.07750000000000001 4.49 2.2
v -0.07750000000000001 4.49 2.7700000000000005
v -0.1225 4.49 2.7700000000000005
f 3747 3748 3749
f 3747 3749 3750
v -0.1225 5.91 2.2
v -0.1225 5.91 2.7700000000000005
v -0.07750000000000001 5.91 2.7700000000000005
v -0.07750000000000001 5.91 2.2
f 3751 3752 3753
f 3751 3753 3754
v -0.1225 4.49 2.2
v -0.1225 5.91 2.2
v -0.07750000000000001 5.91 2.2
v -0.07750000000000001 4.49 2.2
f 3755 3756 3757
f 3755 3757 3758
v -0.1225 4.49 2.7700000000000005
v -0.07750000000000001 4.49 2.7700000000000005
v -0.07750000000000001 5.91 2.7700000000000005
v -0.1225 5.91 2.7700000000000005
f 3759 3760 3761
f 3759 3761 3762
usemtl c_16_18_20
v -0.1405 4.42 2.13
v -0.1405 4.42 2.2
v -0.1405 5.98 2.2
v -0.1405 5.98 2.13
f 3763 3764 3765
f 3763 3765 3766
v -0.0655 4.42 2.13
v -0.0655 5.98 2.13
v -0.0655 5.98 2.2
v -0.0655 4.42 2.2
f 3767 3768 3769
f 3767 3769 3770
v -0.1405 4.42 2.13
v -0.0655 4.42 2.13
v -0.0655 4.42 2.2
v -0.1405 4.42 2.2
f 3771 3772 3773
f 3771 3773 3774
v -0.1405 5.98 2.13
v -0.1405 5.98 2.2
v -0.0655 5.98 2.2
v -0.0655 5.98 2.13
f 3775 3776 3777
f 3775 3777 3778
v -0.1405 4.42 2.13
v -0.1405 5.98 2.13
v -0.0655 5.98 2.13
v -0.0655 4.42 2.13
f 3779 3780 3781
f 3779 3781 3782
v -0.1405 4.42 2.2
v -0.0655 4.42 2.2
v -0.0655 5.98 2.2
v -0.1405 5.98 2.2
f 3783 3784 3785
f 3783 3785 3786
usemtl c_16_18_20
v -0.1405 4.42 2.77
v -0.1405 4.42 2.8400000000000003
v -0.1405 5.98 2.8400000000000003
v -0.1405 5.98 2.77
f 3787 3788 3789
f 3787 3789 3790
v -0.0655 4.42 2.77
v -0.0655 5.98 2.77
v -0.0655 5.98 2.8400000000000003
v -0.0655 4.42 2.8400000000000003
f 3791 3792 3793
f 3791 3793 3794
v -0.1405 4.42 2.77
v -0.0655 4.42 2.77
v -0.0655 4.42 2.8400000000000003
v -0.1405 4.42 2.8400000000000003
f 3795 3796 3797
f 3795 3797 3798
v -0.1405 5.98 2.77
v -0.1405 5.98 2.8400000000000003
v -0.0655 5.98 2.8400000000000003
v -0.0655 5.98 2.77
f 3799 3800 3801
f 3799 3801 3802
v -0.1405 4.42 2.77
v -0.1405 5.98 2.77
v -0.0655 5.98 2.77
v -0.0655 4.42 2.77
f 3803 3804 3805
f 3803 3805 3806
v -0.1405 4.42 2.8400000000000003
v -0.0655 4.42 2.8400000000000003
v -0.0655 5.98 2.8400000000000003
v -0.1405 5.98 2.8400000000000003
f 3807 3808 3809
f 3807 3809 3810
usemtl c_16_18_20
v -0.1405 4.42 2.2
v -0.1405 4.42 2.7700000000000005
v -0.1405 4.49 2.7700000000000005
v -0.1405 4.49 2.2
f 3811 3812 3813
f 3811 3813 3814
v -0.0655 4.42 2.2
v -0.0655 4.49 2.2
v -0.0655 4.49 2.7700000000000005
v -0.0655 4.42 2.7700000000000005
f 3815 3816 3817
f 3815 3817 3818
v -0.1405 4.42 2.2
v -0.0655 4.42 2.2
v -0.0655 4.42 2.7700000000000005
v -0.1405 4.42 2.7700000000000005
f 3819 3820 3821
f 3819 3821 3822
v -0.1405 4.49 2.2
v -0.1405 4.49 2.7700000000000005
v -0.0655 4.49 2.7700000000000005
v -0.0655 4.49 2.2
f 3823 3824 3825
f 3823 3825 3826
v -0.1405 4.42 2.2
v -0.1405 4.49 2.2
v -0.0655 4.49 2.2
v -0.0655 4.42 2.2
f 3827 3828 3829
f 3827 3829 3830
v -0.1405 4.42 2.7700000000000005
v -0.0655 4.42 2.7700000000000005
v -0.0655 4.49 2.7700000000000005
v -0.1405 4.49 2.7700000000000005
f 3831 3832 3833
f 3831 3833 3834
usemtl c_16_18_20
v -0.1405 5.91 2.2
v -0.1405 5.91 2.7700000000000005
v -0.1405 5.98 2.7700000000000005
v -0.1405 5.98 2.2
f 3835 3836 3837
f 3835 3837 3838
v -0.0655 5.91 2.2
v -0.0655 5.98 2.2
v -0.0655 5.98 2.7700000000000005
v -0.0655 5.91 2.7700000000000005
f 3839 3840 3841
f 3839 3841 3842
v -0.1405 5.91 2.2
v -0.0655 5.91 2.2
v -0.0655 5.91 2.7700000000000005
v -0.1405 5.91 2.7700000000000005
f 3843 3844 3845
f 3843 3845 3846
v -0.1405 5.98 2.2
v -0.1405 5.98 2.7700000000000005
v -0.0655 5.98 2.7700000000000005
v -0.0655 5.98 2.2
f 3847 3848 3849
f 3847 3849 3850
v -0.1405 5.91 2.2
v -0.1405 5.98 2.2
v -0.0655 5.98 2.2
v -0.0655 5.91 2.2
f 3851 3852 3853
f 3851 3853 3854
v -0.1405 5.91 2.7700000000000005
v -0.0655 5.91 2.7700000000000005
v -0.0655 5.98 2.7700000000000005
v -0.1405 5.98 2.7700000000000005
f 3855 3856 3857
f 3855 3857 3858
usemtl c_16_18_20
v -0.14600000000000002 5.1775 2.2
v -0.14600000000000002 5.1775 2.7700000000000005
v -0.14600000000000002 5.2225 2.7700000000000005
v -0.14600000000000002 5.2225 2.2
f 3859 3860 3861
f 3859 3861 3862
v -0.066 5.1775 2.2
v -0.066 5.2225 2.2
v -0.066 5.2225 2.7700000000000005
v -0.066 5.1775 2.7700000000000005
f 3863 3864 3865
f 3863 3865 3866
v -0.14600000000000002 5.1775 2.2
v -0.066 5.1775 2.2
v -0.066 5.1775 2.7700000000000005
v -0.14600000000000002 5.1775 2.7700000000000005
f 3867 3868 3869
f 3867 3869 3870
v -0.14600000000000002 5.2225 2.2
v -0.14600000000000002 5.2225 2.7700000000000005
v -0.066 5.2225 2.7700000000000005
v -0.066 5.2225 2.2
f 3871 3872 3873
f 3871 3873 3874
v -0.14600000000000002 5.1775 2.2
v -0.14600000000000002 5.2225 2.2
v -0.066 5.2225 2.2
v -0.066 5.1775 2.2
f 3875 3876 3877
f 3875 3877 3878
v -0.14600000000000002 5.1775 2.7700000000000005
v -0.066 5.1775 2.7700000000000005
v -0.066 5.2225 2.7700000000000005
v -0.14600000000000002 5.2225 2.7700000000000005
f 3879 3880 3881
f 3879 3881 3882
usemtl c_31_51_61
v -0.1225 6.84 2.2
v -0.1225 6.84 2.7700000000000005
v -0.1225 8.26 2.7700000000000005
v -0.1225 8.26 2.2
f 3883 3884 3885
f 3883 3885 3886
v -0.07750000000000001 6.84 2.2
v -0.07750000000000001 8.26 2.2
v -0.07750000000000001 8.26 2.7700000000000005
v -0.07750000000000001 6.84 2.7700000000000005
f 3887 3888 3889
f 3887 3889 3890
v -0.1225 6.84 2.2
v -0.07750000000000001 6.84 2.2
v -0.07750000000000001 6.84 2.7700000000000005
v -0.1225 6.84 2.7700000000000005
f 3891 3892 3893
f 3891 3893 3894
v -0.1225 8.26 2.2
v -0.1225 8.26 2.7700000000000005
v -0.07750000000000001 8.26 2.7700000000000005
v -0.07750000000000001 8.26 2.2
f 3895 3896 3897
f 3895 3897 3898
v -0.1225 6.84 2.2
v -0.1225 8.26 2.2
v -0.07750000000000001 8.26 2.2
v -0.07750000000000001 6.84 2.2
f 3899 3900 3901
f 3899 3901 3902
v -0.1225 6.84 2.7700000000000005
v -0.07750000000000001 6.84 2.7700000000000005
v -0.07750000000000001 8.26 2.7700000000000005
v -0.1225 8.26 2.7700000000000005
f 3903 3904 3905
f 3903 3905 3906
usemtl c_16_18_20
v -0.1405 6.77 2.13
v -0.1405 6.77 2.2
v -0.1405 8.33 2.2
v -0.1405 8.33 2.13
f 3907 3908 3909
f 3907 3909 3910
v -0.0655 6.77 2.13
v -0.0655 8.33 2.13
v -0.0655 8.33 2.2
v -0.0655 6.77 2.2
f 3911 3912 3913
f 3911 3913 3914
v -0.1405 6.77 2.13
v -0.0655 6.77 2.13
v -0.0655 6.77 2.2
v -0.1405 6.77 2.2
f 3915 3916 3917
f 3915 3917 3918
v -0.1405 8.33 2.13
v -0.1405 8.33 2.2
v -0.0655 8.33 2.2
v -0.0655 8.33 2.13
f 3919 3920 3921
f 3919 3921 3922
v -0.1405 6.77 2.13
v -0.1405 8.33 2.13
v -0.0655 8.33 2.13
v -0.0655 6.77 2.13
f 3923 3924 3925
f 3923 3925 3926
v -0.1405 6.77 2.2
v -0.0655 6.77 2.2
v -0.0655 8.33 2.2
v -0.1405 8.33 2.2
f 3927 3928 3929
f 3927 3929 3930
usemtl c_16_18_20
v -0.1405 6.77 2.77
v -0.1405 6.77 2.8400000000000003
v -0.1405 8.33 2.8400000000000003
v -0.1405 8.33 2.77
f 3931 3932 3933
f 3931 3933 3934
v -0.0655 6.77 2.77
v -0.0655 8.33 2.77
v -0.0655 8.33 2.8400000000000003
v -0.0655 6.77 2.8400000000000003
f 3935 3936 3937
f 3935 3937 3938
v -0.1405 6.77 2.77
v -0.0655 6.77 2.77
v -0.0655 6.77 2.8400000000000003
v -0.1405 6.77 2.8400000000000003
f 3939 3940 3941
f 3939 3941 3942
v -0.1405 8.33 2.77
v -0.1405 8.33 2.8400000000000003
v -0.0655 8.33 2.8400000000000003
v -0.0655 8.33 2.77
f 3943 3944 3945
f 3943 3945 3946
v -0.1405 6.77 2.77
v -0.1405 8.33 2.77
v -0.0655 8.33 2.77
v -0.0655 6.77 2.77
f 3947 3948 3949
f 3947 3949 3950
v -0.1405 6.77 2.8400000000000003
v -0.0655 6.77 2.8400000000000003
v -0.0655 8.33 2.8400000000000003
v -0.1405 8.33 2.8400000000000003
f 3951 3952 3953
f 3951 3953 3954
usemtl c_16_18_20
v -0.1405 6.77 2.2
v -0.1405 6.77 2.7700000000000005
v -0.1405 6.84 2.7700000000000005
v -0.1405 6.84 2.2
f 3955 3956 3957
f 3955 3957 3958
v -0.0655 6.77 2.2
v -0.0655 6.84 2.2
v -0.0655 6.84 2.7700000000000005
v -0.0655 6.77 2.7700000000000005
f 3959 3960 3961
f 3959 3961 3962
v -0.1405 6.77 2.2
v -0.0655 6.77 2.2
v -0.0655 6.77 2.7700000000000005
v -0.1405 6.77 2.7700000000000005
f 3963 3964 3965
f 3963 3965 3966
v -0.1405 6.84 2.2
v -0.1405 6.84 2.7700000000000005
v -0.0655 6.84 2.7700000000000005
v -0.0655 6.84 2.2
f 3967 3968 3969
f 3967 3969 3970
v -0.1405 6.77 2.2
v -0.1405 6.84 2.2
v -0.0655 6.84 2.2
v -0.0655 6.77 2.2
f 3971 3972 3973
f 3971 3973 3974
v -0.1405 6.77 2.7700000000000005
v -0.0655 6.77 2.7700000000000005
v -0.0655 6.84 2.7700000000000005
v -0.1405 6.84 2.7700000000000005
f 3975 3976 3977
f 3975 3977 3978
usemtl c_16_18_20
v -0.1405 8.26 2.2
v -0.1405 8.26 2.7700000000000005
v -0.1405 8.33 2.7700000000000005
v -0.1405 8.33 2.2
f 3979 3980 3981
f 3979 3981 3982
v -0.0655 8.26 2.2
v -0.0655 8.33 2.2
v -0.0655 8.33 2.7700000000000005
v -0.0655 8.26 2.7700000000000005
f 3983 3984 3985
f 3983 3985 3986
v -0.1405 8.26 2.2
v -0.0655 8.26 2.2
v -0.0655 8.26 2.7700000000000005
v -0.1405 8.26 2.7700000000000005
f 3987 3988 3989
f 3987 3989 3990
v -0.1405 8.33 2.2
v -0.1405 8.33 2.7700000000000005
v -0.0655 8.33 2.7700000000000005
v -0.0655 8.33 2.2
f 3991 3992 3993
f 3991 3993 3994
v -0.1405 8.26 2.2
v -0.1405 8.33 2.2
v -0.0655 8.33 2.2
v -0.0655 8.26 2.2
f 3995 3996 3997
f 3995 3997 3998
v -0.1405 8.26 2.7700000000000005
v -0.0655 8.26 2.7700000000000005
v -0.0655 8.33 2.7700000000000005
v -0.1405 8.33 2.7700000000000005
f 3999 4000 4001
f 3999 4001 4002
usemtl c_16_18_20
v -0.14600000000000002 7.5275 2.2
v -0.14600000000000002 7.5275 2.7700000000000005
v -0.14600000000000002 7.5725 2.7700000000000005
v -0.14600000000000002 7.5725 2.2
f 4003 4004 4005
f 4003 4005 4006
v -0.066 7.5275 2.2
v -0.066 7.5725 2.2
v -0.066 7.5725 2.7700000000000005
v -0.066 7.5275 2.7700000000000005
f 4007 4008 4009
f 4007 4009 4010
v -0.14600000000000002 7.5275 2.2
v -0.066 7.5275 2.2
v -0.066 7.5275 2.7700000000000005
v -0.14600000000000002 7.5275 2.7700000000000005
f 4011 4012 4013
f 4011 4013 4014
v -0.14600000000000002 7.5725 2.2
v -0.14600000000000002 7.5725 2.7700000000000005
v -0.066 7.5725 2.7700000000000005
v -0.066 7.5725 2.2
f 4015 4016 4017
f 4015 4017 4018
v -0.14600000000000002 7.5275 2.2
v -0.14600000000000002 7.5725 2.2
v -0.066 7.5725 2.2
v -0.066 7.5275 2.2
f 4019 4020 4021
f 4019 4021 4022
v -0.14600000000000002 7.5275 2.7700000000000005
v -0.066 7.5275 2.7700000000000005
v -0.066 7.5725 2.7700000000000005
v -0.14600000000000002 7.5725 2.7700000000000005
f 4023 4024 4025
f 4023 4025 4026
usemtl c_31_51_61
v -0.1225 1.095 5.08
v -0.1225 1.095 6.6
v -0.1225 2.005 6.6
v -0.1225 2.005 5.08
f 4027 4028 4029
f 4027 4029 4030
v -0.07750000000000001 1.095 5.08
v -0.07750000000000001 2.005 5.08
v -0.07750000000000001 2.005 6.6
v -0.07750000000000001 1.095 6.6
f 4031 4032 4033
f 4031 4033 4034
v -0.1225 1.095 5.08
v -0.07750000000000001 1.095 5.08
v -0.07750000000000001 1.095 6.6
v -0.1225 1.095 6.6
f 4035 4036 4037
f 4035 4037 4038
v -0.1225 2.005 5.08
v -0.1225 2.005 6.6
v -0.07750000000000001 2.005 6.6
v -0.07750000000000001 2.005 5.08
f 4039 4040 4041
f 4039 4041 4042
v -0.1225 1.095 5.08
v -0.1225 2.005 5.08
v -0.07750000000000001 2.005 5.08
v -0.07750000000000001 1.095 5.08
f 4043 4044 4045
f 4043 4045 4046
v -0.1225 1.095 6.6
v -0.07750000000000001 1.095 6.6
v -0.07750000000000001 2.005 6.6
v -0.1225 2.005 6.6
f 4047 4048 4049
f 4047 4049 4050
usemtl c_16_18_20
v -0.1405 1.025 5.01
v -0.1405 1.025 5.08
v -0.1405 2.075 5.08
v -0.1405 2.075 5.01
f 4051 4052 4053
f 4051 4053 4054
v -0.0655 1.025 5.01
v -0.0655 2.075 5.01
v -0.0655 2.075 5.08
v -0.0655 1.025 5.08
f 4055 4056 4057
f 4055 4057 4058
v -0.1405 1.025 5.01
v -0.0655 1.025 5.01
v -0.0655 1.025 5.08
v -0.1405 1.025 5.08
f 4059 4060 4061
f 4059 4061 4062
v -0.1405 2.075 5.01
v -0.1405 2.075 5.08
v -0.0655 2.075 5.08
v -0.0655 2.075 5.01
f 4063 4064 4065
f 4063 4065 4066
v -0.1405 1.025 5.01
v -0.1405 2.075 5.01
v -0.0655 2.075 5.01
v -0.0655 1.025 5.01
f 4067 4068 4069
f 4067 4069 4070
v -0.1405 1.025 5.08
v -0.0655 1.025 5.08
v -0.0655 2.075 5.08
v -0.1405 2.075 5.08
f 4071 4072 4073
f 4071 4073 4074
usemtl c_16_18_20
v -0.1405 1.025 6.6
v -0.1405 1.025 6.67
v -0.1405 2.075 6.67
v -0.1405 2.075 6.6
f 4075 4076 4077
f 4075 4077 4078
v -0.0655 1.025 6.6
v -0.0655 2.075 6.6
v -0.0655 2.075 6.67
v -0.0655 1.025 6.67
f 4079 4080 4081
f 4079 4081 4082
v -0.1405 1.025 6.6
v -0.0655 1.025 6.6
v -0.0655 1.025 6.67
v -0.1405 1.025 6.67
f 4083 4084 4085
f 4083 4085 4086
v -0.1405 2.075 6.6
v -0.1405 2.075 6.67
v -0.0655 2.075 6.67
v -0.0655 2.075 6.6
f 4087 4088 4089
f 4087 4089 4090
v -0.1405 1.025 6.6
v -0.1405 2.075 6.6
v -0.0655 2.075 6.6
v -0.0655 1.025 6.6
f 4091 4092 4093
f 4091 4093 4094
v -0.1405 1.025 6.67
v -0.0655 1.025 6.67
v -0.0655 2.075 6.67
v -0.1405 2.075 6.67
f 4095 4096 4097
f 4095 4097 4098
usemtl c_16_18_20
v -0.1405 1.0250000000000001 5.08
v -0.1405 1.0250000000000001 6.6
v -0.1405 1.095 6.6
v -0.1405 1.095 5.08
f 4099 4100 4101
f 4099 4101 4102
v -0.0655 1.0250000000000001 5.08
v -0.0655 1.095 5.08
v -0.0655 1.095 6.6
v -0.0655 1.0250000000000001 6.6
f 4103 4104 4105
f 4103 4105 4106
v -0.1405 1.0250000000000001 5.08
v -0.0655 1.0250000000000001 5.08
v -0.0655 1.0250000000000001 6.6
v -0.1405 1.0250000000000001 6.6
f 4107 4108 4109
f 4107 4109 4110
v -0.1405 1.095 5.08
v -0.1405 1.095 6.6
v -0.0655 1.095 6.6
v -0.0655 1.095 5.08
f 4111 4112 4113
f 4111 4113 4114
v -0.1405 1.0250000000000001 5.08
v -0.1405 1.095 5.08
v -0.0655 1.095 5.08
v -0.0655 1.0250000000000001 5.08
f 4115 4116 4117
f 4115 4117 4118
v -0.1405 1.0250000000000001 6.6
v -0.0655 1.0250000000000001 6.6
v -0.0655 1.095 6.6
v -0.1405 1.095 6.6
f 4119 4120 4121
f 4119 4121 4122
usemtl c_16_18_20
v -0.1405 2.005 5.08
v -0.1405 2.005 6.6
v -0.1405 2.075 6.6
v -0.1405 2.075 5.08
f 4123 4124 4125
f 4123 4125 4126
v -0.0655 2.005 5.08
v -0.0655 2.075 5.08
v -0.0655 2.075 6.6
v -0.0655 2.005 6.6
f 4127 4128 4129
f 4127 4129 4130
v -0.1405 2.005 5.08
v -0.0655 2.005 5.08
v -0.0655 2.005 6.6
v -0.1405 2.005 6.6
f 4131 4132 4133
f 4131 4133 4134
v -0.1405 2.075 5.08
v -0.1405 2.075 6.6
v -0.0655 2.075 6.6
v -0.0655 2.075 5.08
f 4135 4136 4137
f 4135 4137 4138
v -0.1405 2.005 5.08
v -0.1405 2.075 5.08
v -0.0655 2.075 5.08
v -0.0655 2.005 5.08
f 4139 4140 4141
f 4139 4141 4142
v -0.1405 2.005 6.6
v -0.0655 2.005 6.6
v -0.0655 2.075 6.6
v -0.1405 2.075 6.6
f 4143 4144 4145
f 4143 4145 4146
usemtl c_16_18_20
v -0.14600000000000002 1.095 5.8175
v -0.14600000000000002 1.095 5.8625
v -0.14600000000000002 2.005 5.8625
v -0.14600000000000002 2.005 5.8175
f 4147 4148 4149
f 4147 4149 4150
v -0.066 1.095 5.8175
v -0.066 2.005 5.8175
v -0.066 2.005 5.8625
v -0.066 1.095 5.8625
f 4151 4152 4153
f 4151 4153 4154
v -0.14600000000000002 1.095 5.8175
v -0.066 1.095 5.8175
v -0.066 1.095 5.8625
v -0.14600000000000002 1.095 5.8625
f 4155 4156 4157
f 4155 4157 4158
v -0.14600000000000002 2.005 5.8175
v -0.14600000000000002 2.005 5.8625
v -0.066 2.005 5.8625
v -0.066 2.005 5.8175
f 4159 4160 4161
f 4159 4161 4162
v -0.14600000000000002 1.095 5.8175
v -0.14600000000000002 2.005 5.8175
v -0.066 2.005 5.8175
v -0.066 1.095 5.8175
f 4163 4164 4165
f 4163 4165 4166
v -0.14600000000000002 1.095 5.8625
v -0.066 1.095 5.8625
v -0.066 2.005 5.8625
v -0.14600000000000002 2.005 5.8625
f 4167 4168 4169
f 4167 4169 4170
usemtl c_31_51_61
v -0.1225 5.58 5.22
v -0.1225 5.58 6.44
v -0.1225 6.800000000000001 6.44
v -0.1225 6.800000000000001 5.22
f 4171 4172 4173
f 4171 4173 4174
v -0.07750000000000001 5.58 5.22
v -0.07750000000000001 6.800000000000001 5.22
v -0.07750000000000001 6.800000000000001 6.44
v -0.07750000000000001 5.58 6.44
f 4175 4176 4177
f 4175 4177 4178
v -0.1225 5.58 5.22
v -0.07750000000000001 5.58 5.22
v -0.07750000000000001 5.58 6.44
v -0.1225 5.58 6.44
f 4179 4180 4181
f 4179 4181 4182
v -0.1225 6.800000000000001 5.22
v -0.1225 6.800000000000001 6.44
v -0.07750000000000001 6.800000000000001 6.44
v -0.07750000000000001 6.800000000000001 5.22
f 4183 4184 4185
f 4183 4185 4186
v -0.1225 5.58 5.22
v -0.1225 6.800000000000001 5.22
v -0.07750000000000001 6.800000000000001 5.22
v -0.07750000000000001 5.58 5.22
f 4187 4188 4189
f 4187 4189 4190
v -0.1225 5.58 6.44
v -0.07750000000000001 5.58 6.44
v -0.07750000000000001 6.800000000000001 6.44
v -0.1225 6.800000000000001 6.44
f 4191 4192 4193
f 4191 4193 4194
usemtl c_16_18_20
v -0.1405 5.510000000000001 5.1499999999999995
v -0.1405 5.510000000000001 5.22
v -0.1405 6.87 5.22
v -0.1405 6.87 5.1499999999999995
f 4195 4196 4197
f 4195 4197 4198
v -0.0655 5.510000000000001 5.1499999999999995
v -0.0655 6.87 5.1499999999999995
v -0.0655 6.87 5.22
v -0.0655 5.510000000000001 5.22
f 4199 4200 4201
f 4199 4201 4202
v -0.1405 5.510000000000001 5.1499999999999995
v -0.0655 5.510000000000001 5.1499999999999995
v -0.0655 5.510000000000001 5.22
v -0.1405 5.510000000000001 5.22
f 4203 4204 4205
f 4203 4205 4206
v -0.1405 6.87 5.1499999999999995
v -0.1405 6.87 5.22
v -0.0655 6.87 5.22
v -0.0655 6.87 5.1499999999999995
f 4207 4208 4209
f 4207 4209 4210
v -0.1405 5.510000000000001 5.1499999999999995
v -0.1405 6.87 5.1499999999999995
v -0.0655 6.87 5.1499999999999995
v -0.0655 5.510000000000001 5.1499999999999995
f 4211 4212 4213
f 4211 4213 4214
v -0.1405 5.510000000000001 5.22
v -0.0655 5.510000000000001 5.22
v -0.0655 6.87 5.22
v -0.1405 6.87 5.22
f 4215 4216 4217
f 4215 4217 4218
usemtl c_16_18_20
v -0.1405 5.510000000000001 6.4399999999999995
v -0.1405 5.510000000000001 6.51
v -0.1405 6.87 6.51
v -0.1405 6.87 6.4399999999999995
f 4219 4220 4221
f 4219 4221 4222
v -0.0655 5.510000000000001 6.4399999999999995
v -0.0655 6.87 6.4399999999999995
v -0.0655 6.87 6.51
v -0.0655 5.510000000000001 6.51
f 4223 4224 4225
f 4223 4225 4226
v -0.1405 5.510000000000001 6.4399999999999995
v -0.0655 5.510000000000001 6.4399999999999995
v -0.0655 5.510000000000001 6.51
v -0.1405 5.510000000000001 6.51
f 4227 4228 4229
f 4227 4229 4230
v -0.1405 6.87 6.4399999999999995
v -0.1405 6.87 6.51
v -0.0655 6.87 6.51
v -0.0655 6.87 6.4399999999999995
f 4231 4232 4233
f 4231 4233 4234
v -0.1405 5.510000000000001 6.4399999999999995
v -0.1405 6.87 6.4399999999999995
v -0.0655 6.87 6.4399999999999995
v -0.0655 5.510000000000001 6.4399999999999995
f 4235 4236 4237
f 4235 4237 4238
v -0.1405 5.510000000000001 6.51
v -0.0655 5.510000000000001 6.51
v -0.0655 6.87 6.51
v -0.1405 6.87 6.51
f 4239 4240 4241
f 4239 4241 4242
usemtl c_16_18_20
v -0.1405 5.51 5.22
v -0.1405 5.51 6.44
v -0.1405 5.58 6.44
v -0.1405 5.58 5.22
f 4243 4244 4245
f 4243 4245 4246
v -0.0655 5.51 5.22
v -0.0655 5.58 5.22
v -0.0655 5.58 6.44
v -0.0655 5.51 6.44
f 4247 4248 4249
f 4247 4249 4250
v -0.1405 5.51 5.22
v -0.0655 5.51 5.22
v -0.0655 5.51 6.44
v -0.1405 5.51 6.44
f 4251 4252 4253
f 4251 4253 4254
v -0.1405 5.58 5.22
v -0.1405 5.58 6.44
v -0.0655 5.58 6.44
v -0.0655 5.58 5.22
f 4255 4256 4257
f 4255 4257 4258
v -0.1405 5.51 5.22
v -0.1405 5.58 5.22
v -0.0655 5.58 5.22
v -0.0655 5.51 5.22
f 4259 4260 4261
f 4259 4261 4262
v -0.1405 5.51 6.44
v -0.0655 5.51 6.44
v -0.0655 5.58 6.44
v -0.1405 5.58 6.44
f 4263 4264 4265
f 4263 4265 4266
usemtl c_16_18_20
v -0.1405 6.800000000000001 5.22
v -0.1405 6.800000000000001 6.44
v -0.1405 6.870000000000001 6.44
v -0.1405 6.870000000000001 5.22
f 4267 4268 4269
f 4267 4269 4270
v -0.0655 6.800000000000001 5.22
v -0.0655 6.870000000000001 5.22
v -0.0655 6.870000000000001 6.44
v -0.0655 6.800000000000001 6.44
f 4271 4272 4273
f 4271 4273 4274
v -0.1405 6.800000000000001 5.22
v -0.0655 6.800000000000001 5.22
v -0.0655 6.800000000000001 6.44
v -0.1405 6.800000000000001 6.44
f 4275 4276 4277
f 4275 4277 4278
v -0.1405 6.870000000000001 5.22
v -0.1405 6.870000000000001 6.44
v -0.0655 6.870000000000001 6.44
v -0.0655 6.870000000000001 5.22
f 4279 4280 4281
f 4279 4281 4282
v -0.1405 6.800000000000001 5.22
v -0.1405 6.870000000000001 5.22
v -0.0655 6.870000000000001 5.22
v -0.0655 6.800000000000001 5.22
f 4283 4284 4285
f 4283 4285 4286
v -0.1405 6.800000000000001 6.44
v -0.0655 6.800000000000001 6.44
v -0.0655 6.870000000000001 6.44
v -0.1405 6.870000000000001 6.44
f 4287 4288 4289
f 4287 4289 4290
usemtl c_16_18_20
v -0.14600000000000002 5.58 5.8075
v -0.14600000000000002 5.58 5.8525
v -0.14600000000000002 6.800000000000001 5.8525
v -0.14600000000000002 6.800000000000001 5.8075
f 4291 4292 4293
f 4291 4293 4294
v -0.066 5.58 5.8075
v -0.066 6.800000000000001 5.8075
v -0.066 6.800000000000001 5.8525
v -0.066 5.58 5.8525
f 4295 4296 4297
f 4295 4297 4298
v -0.14600000000000002 5.58 5.8075
v -0.066 5.58 5.8075
v -0.066 5.58 5.8525
v -0.14600000000000002 5.58 5.8525
f 4299 4300 4301
f 4299 4301 4302
v -0.14600000000000002 6.800000000000001 5.8075
v -0.14600000000000002 6.800000000000001 5.8525
v -0.066 6.800000000000001 5.8525
v -0.066 6.800000000000001 5.8075
f 4303 4304 4305
f 4303 4305 4306
v -0.14600000000000002 5.58 5.8075
v -0.14600000000000002 6.800000000000001 5.8075
v -0.066 6.800000000000001 5.8075
v -0.066 5.58 5.8075
f 4307 4308 4309
f 4307 4309 4310
v -0.14600000000000002 5.58 5.8525
v -0.066 5.58 5.8525
v -0.066 6.800000000000001 5.8525
v -0.14600000000000002 6.800000000000001 5.8525
f 4311 4312 4313
f 4311 4313 4314
usemtl c_31_51_61
v -0.1225 9.575000000000001 5.08
v -0.1225 9.575000000000001 6.6
v -0.1225 10.485000000000001 6.6
v -0.1225 10.485000000000001 5.08
f 4315 4316 4317
f 4315 4317 4318
v -0.07750000000000001 9.575000000000001 5.08
v -0.07750000000000001 10.485000000000001 5.08
v -0.07750000000000001 10.485000000000001 6.6
v -0.07750000000000001 9.575000000000001 6.6
f 4319 4320 4321
f 4319 4321 4322
v -0.1225 9.575000000000001 5.08
v -0.07750000000000001 9.575000000000001 5.08
v -0.07750000000000001 9.575000000000001 6.6
v -0.1225 9.575000000000001 6.6
f 4323 4324 4325
f 4323 4325 4326
v -0.1225 10.485000000000001 5.08
v -0.1225 10.485000000000001 6.6
v -0.07750000000000001 10.485000000000001 6.6
v -0.07750000000000001 10.485000000000001 5.08
f 4327 4328 4329
f 4327 4329 4330
v -0.1225 9.575000000000001 5.08
v -0.1225 10.485000000000001 5.08
v -0.07750000000000001 10.485000000000001 5.08
v -0.07750000000000001 9.575000000000001 5.08
f 4331 4332 4333
f 4331 4333 4334
v -0.1225 9.575000000000001 6.6
v -0.07750000000000001 9.575000000000001 6.6
v -0.07750000000000001 10.485000000000001 6.6
v -0.1225 10.485000000000001 6.6
f 4335 4336 4337
f 4335 4337 4338
usemtl c_16_18_20
v -0.1405 9.505 5.01
v -0.1405 9.505 5.08
v -0.1405 10.555000000000001 5.08
v -0.1405 10.555000000000001 5.01
f 4339 4340 4341
f 4339 4341 4342
v -0.0655 9.505 5.01
v -0.0655 10.555000000000001 5.01
v -0.0655 10.555000000000001 5.08
v -0.0655 9.505 5.08
f 4343 4344 4345
f 4343 4345 4346
v -0.1405 9.505 5.01
v -0.0655 9.505 5.01
v -0.0655 9.505 5.08
v -0.1405 9.505 5.08
f 4347 4348 4349
f 4347 4349 4350
v -0.1405 10.555000000000001 5.01
v -0.1405 10.555000000000001 5.08
v -0.0655 10.555000000000001 5.08
v -0.0655 10.555000000000001 5.01
f 4351 4352 4353
f 4351 4353 4354
v -0.1405 9.505 5.01
v -0.1405 10.555000000000001 5.01
v -0.0655 10.555000000000001 5.01
v -0.0655 9.505 5.01
f 4355 4356 4357
f 4355 4357 4358
v -0.1405 9.505 5.08
v -0.0655 9.505 5.08
v -0.0655 10.555000000000001 5.08
v -0.1405 10.555000000000001 5.08
f 4359 4360 4361
f 4359 4361 4362
usemtl c_16_18_20
v -0.1405 9.505 6.6
v -0.1405 9.505 6.67
v -0.1405 10.555000000000001 6.67
v -0.1405 10.555000000000001 6.6
f 4363 4364 4365
f 4363 4365 4366
v -0.0655 9.505 6.6
v -0.0655 10.555000000000001 6.6
v -0.0655 10.555000000000001 6.67
v -0.0655 9.505 6.67
f 4367 4368 4369
f 4367 4369 4370
v -0.1405 9.505 6.6
v -0.0655 9.505 6.6
v -0.0655 9.505 6.67
v -0.1405 9.505 6.67
f 4371 4372 4373
f 4371 4373 4374
v -0.1405 10.555000000000001 6.6
v -0.1405 10.555000000000001 6.67
v -0.0655 10.555000000000001 6.67
v -0.0655 10.555000000000001 6.6
f 4375 4376 4377
f 4375 4377 4378
v -0.1405 9.505 6.6
v -0.1405 10.555000000000001 6.6
v -0.0655 10.555000000000001 6.6
v -0.0655 9.505 6.6
f 4379 4380 4381
f 4379 4381 4382
v -0.1405 9.505 6.67
v -0.0655 9.505 6.67
v -0.0655 10.555000000000001 6.67
v -0.1405 10.555000000000001 6.67
f 4383 4384 4385
f 4383 4385 4386
usemtl c_16_18_20
v -0.1405 9.505 5.08
v -0.1405 9.505 6.6
v -0.1405 9.575000000000001 6.6
v -0.1405 9.575000000000001 5.08
f 4387 4388 4389
f 4387 4389 4390
v -0.0655 9.505 5.08
v -0.0655 9.575000000000001 5.08
v -0.0655 9.575000000000001 6.6
v -0.0655 9.505 6.6
f 4391 4392 4393
f 4391 4393 4394
v -0.1405 9.505 5.08
v -0.0655 9.505 5.08
v -0.0655 9.505 6.6
v -0.1405 9.505 6.6
f 4395 4396 4397
f 4395 4397 4398
v -0.1405 9.575000000000001 5.08
v -0.1405 9.575000000000001 6.6
v -0.0655 9.575000000000001 6.6
v -0.0655 9.575000000000001 5.08
f 4399 4400 4401
f 4399 4401 4402
v -0.1405 9.505 5.08
v -0.1405 9.575000000000001 5.08
v -0.0655 9.575000000000001 5.08
v -0.0655 9.505 5.08
f 4403 4404 4405
f 4403 4405 4406
v -0.1405 9.505 6.6
v -0.0655 9.505 6.6
v -0.0655 9.575000000000001 6.6
v -0.1405 9.575000000000001 6.6
f 4407 4408 4409
f 4407 4409 4410
usemtl c_16_18_20
v -0.1405 10.485000000000001 5.08
v -0.1405 10.485000000000001 6.6
v -0.1405 10.555000000000001 6.6
v -0.1405 10.555000000000001 5.08
f 4411 4412 4413
f 4411 4413 4414
v -0.0655 10.485000000000001 5.08
v -0.0655 10.555000000000001 5.08
v -0.0655 10.555000000000001 6.6
v -0.0655 10.485000000000001 6.6
f 4415 4416 4417
f 4415 4417 4418
v -0.1405 10.485000000000001 5.08
v -0.0655 10.485000000000001 5.08
v -0.0655 10.485000000000001 6.6
v -0.1405 10.485000000000001 6.6
f 4419 4420 4421
f 4419 4421 4422
v -0.1405 10.555000000000001 5.08
v -0.1405 10.555000000000001 6.6
v -0.0655 10.555000000000001 6.6
v -0.0655 10.555000000000001 5.08
f 4423 4424 4425
f 4423 4425 4426
v -0.1405 10.485000000000001 5.08
v -0.1405 10.555000000000001 5.08
v -0.0655 10.555000000000001 5.08
v -0.0655 10.485000000000001 5.08
f 4427 4428 4429
f 4427 4429 4430
v -0.1405 10.485000000000001 6.6
v -0.0655 10.485000000000001 6.6
v -0.0655 10.555000000000001 6.6
v -0.1405 10.555000000000001 6.6
f 4431 4432 4433
f 4431 4433 4434
usemtl c_16_18_20
v -0.14600000000000002 9.575000000000001 5.8175
v -0.14600000000000002 9.575000000000001 5.8625
v -0.14600000000000002 10.485000000000001 5.8625
v -0.14600000000000002 10.485000000000001 5.8175
f 4435 4436 4437
f 4435 4437 4438
v -0.066 9.575000000000001 5.8175
v -0.066 10.485000000000001 5.8175
v -0.066 10.485000000000001 5.8625
v -0.066 9.575000000000001 5.8625
f 4439 4440 4441
f 4439 4441 4442
v -0.14600000000000002 9.575000000000001 5.8175
v -0.066 9.575000000000001 5.8175
v -0.066 9.575000000000001 5.8625
v -0.14600000000000002 9.575000000000001 5.8625
f 4443 4444 4445
f 4443 4445 4446
v -0.14600000000000002 10.485000000000001 5.8175
v -0.14600000000000002 10.485000000000001 5.8625
v -0.066 10.485000000000001 5.8625
v -0.066 10.485000000000001 5.8175
f 4447 4448 4449
f 4447 4449 4450
v -0.14600000000000002 9.575000000000001 5.8175
v -0.14600000000000002 10.485000000000001 5.8175
v -0.066 10.485000000000001 5.8175
v -0.066 9.575000000000001 5.8175
f 4451 4452 4453
f 4451 4453 4454
v -0.14600000000000002 9.575000000000001 5.8625
v -0.066 9.575000000000001 5.8625
v -0.066 10.485000000000001 5.8625
v -0.14600000000000002 10.485000000000001 5.8625
f 4455 4456 4457
f 4455 4457 4458
usemtl c_31_51_61
v 15.497499999999999 4.39 2.2
v 15.497499999999999 4.39 2.7700000000000005
v 15.497499999999999 5.81 2.7700000000000005
v 15.497499999999999 5.81 2.2
f 4459 4460 4461
f 4459 4461 4462
v 15.5425 4.39 2.2
v 15.5425 5.81 2.2
v 15.5425 5.81 2.7700000000000005
v 15.5425 4.39 2.7700000000000005
f 4463 4464 4465
f 4463 4465 4466
v 15.497499999999999 4.39 2.2
v 15.5425 4.39 2.2
v 15.5425 4.39 2.7700000000000005
v 15.497499999999999 4.39 2.7700000000000005
f 4467 4468 4469
f 4467 4469 4470
v 15.497499999999999 5.81 2.2
v 15.497499999999999 5.81 2.7700000000000005
v 15.5425 5.81 2.7700000000000005
v 15.5425 5.81 2.2
f 4471 4472 4473
f 4471 4473 4474
v 15.497499999999999 4.39 2.2
v 15.497499999999999 5.81 2.2
v 15.5425 5.81 2.2
v 15.5425 4.39 2.2
f 4475 4476 4477
f 4475 4477 4478
v 15.497499999999999 4.39 2.7700000000000005
v 15.5425 4.39 2.7700000000000005
v 15.5425 5.81 2.7700000000000005
v 15.497499999999999 5.81 2.7700000000000005
f 4479 4480 4481
f 4479 4481 4482
usemtl c_16_18_20
v 15.4795 4.319999999999999 2.13
v 15.4795 4.319999999999999 2.2
v 15.4795 5.88 2.2
v 15.4795 5.88 2.13
f 4483 4484 4485
f 4483 4485 4486
v 15.554499999999999 4.319999999999999 2.13
v 15.554499999999999 5.88 2.13
v 15.554499999999999 5.88 2.2
v 15.554499999999999 4.319999999999999 2.2
f 4487 4488 4489
f 4487 4489 4490
v 15.4795 4.319999999999999 2.13
v 15.554499999999999 4.319999999999999 2.13
v 15.554499999999999 4.319999999999999 2.2
v 15.4795 4.319999999999999 2.2
f 4491 4492 4493
f 4491 4493 4494
v 15.4795 5.88 2.13
v 15.4795 5.88 2.2
v 15.554499999999999 5.88 2.2
v 15.554499999999999 5.88 2.13
f 4495 4496 4497
f 4495 4497 4498
v 15.4795 4.319999999999999 2.13
v 15.4795 5.88 2.13
v 15.554499999999999 5.88 2.13
v 15.554499999999999 4.319999999999999 2.13
f 4499 4500 4501
f 4499 4501 4502
v 15.4795 4.319999999999999 2.2
v 15.554499999999999 4.319999999999999 2.2
v 15.554499999999999 5.88 2.2
v 15.4795 5.88 2.2
f 4503 4504 4505
f 4503 4505 4506
usemtl c_16_18_20
v 15.4795 4.319999999999999 2.77
v 15.4795 4.319999999999999 2.8400000000000003
v 15.4795 5.88 2.8400000000000003
v 15.4795 5.88 2.77
f 4507 4508 4509
f 4507 4509 4510
v 15.554499999999999 4.319999999999999 2.77
v 15.554499999999999 5.88 2.77
v 15.554499999999999 5.88 2.8400000000000003
v 15.554499999999999 4.319999999999999 2.8400000000000003
f 4511 4512 4513
f 4511 4513 4514
v 15.4795 4.319999999999999 2.77
v 15.554499999999999 4.319999999999999 2.77
v 15.554499999999999 4.319999999999999 2.8400000000000003
v 15.4795 4.319999999999999 2.8400000000000003
f 4515 4516 4517
f 4515 4517 4518
v 15.4795 5.88 2.77
v 15.4795 5.88 2.8400000000000003
v 15.554499999999999 5.88 2.8400000000000003
v 15.554499999999999 5.88 2.77
f 4519 4520 4521
f 4519 4521 4522
v 15.4795 4.319999999999999 2.77
v 15.4795 5.88 2.77
v 15.554499999999999 5.88 2.77
v 15.554499999999999 4.319999999999999 2.77
f 4523 4524 4525
f 4523 4525 4526
v 15.4795 4.319999999999999 2.8400000000000003
v 15.554499999999999 4.319999999999999 2.8400000000000003
v 15.554499999999999 5.88 2.8400000000000003
v 15.4795 5.88 2.8400000000000003
f 4527 4528 4529
f 4527 4529 4530
usemtl c_16_18_20
v 15.4795 4.319999999999999 2.2
v 15.4795 4.319999999999999 2.7700000000000005
v 15.4795 4.39 2.7700000000000005
v 15.4795 4.39 2.2
f 4531 4532 4533
f 4531 4533 4534
v 15.554499999999999 4.319999999999999 2.2
v 15.554499999999999 4.39 2.2
v 15.554499999999999 4.39 2.7700000000000005
v 15.554499999999999 4.319999999999999 2.7700000000000005
f 4535 4536 4537
f 4535 4537 4538
v 15.4795 4.319999999999999 2.2
v 15.554499999999999 4.319999999999999 2.2
v 15.554499999999999 4.319999999999999 2.7700000000000005
v 15.4795 4.319999999999999 2.7700000000000005
f 4539 4540 4541
f 4539 4541 4542
v 15.4795 4.39 2.2
v 15.4795 4.39 2.7700000000000005
v 15.554499999999999 4.39 2.7700000000000005
v 15.554499999999999 4.39 2.2
f 4543 4544 4545
f 4543 4545 4546
v 15.4795 4.319999999999999 2.2
v 15.4795 4.39 2.2
v 15.554499999999999 4.39 2.2
v 15.554499999999999 4.319999999999999 2.2
f 4547 4548 4549
f 4547 4549 4550
v 15.4795 4.319999999999999 2.7700000000000005
v 15.554499999999999 4.319999999999999 2.7700000000000005
v 15.554499999999999 4.39 2.7700000000000005
v 15.4795 4.39 2.7700000000000005
f 4551 4552 4553
f 4551 4553 4554
usemtl c_16_18_20
v 15.4795 5.81 2.2
v 15.4795 5.81 2.7700000000000005
v 15.4795 5.88 2.7700000000000005
v 15.4795 5.88 2.2
f 4555 4556 4557
f 4555 4557 4558
v 15.554499999999999 5.81 2.2
v 15.554499999999999 5.88 2.2
v 15.554499999999999 5.88 2.7700000000000005
v 15.554499999999999 5.81 2.7700000000000005
f 4559 4560 4561
f 4559 4561 4562
v 15.4795 5.81 2.2
v 15.554499999999999 5.81 2.2
v 15.554499999999999 5.81 2.7700000000000005
v 15.4795 5.81 2.7700000000000005
f 4563 4564 4565
f 4563 4565 4566
v 15.4795 5.88 2.2
v 15.4795 5.88 2.7700000000000005
v 15.554499999999999 5.88 2.7700000000000005
v 15.554499999999999 5.88 2.2
f 4567 4568 4569
f 4567 4569 4570
v 15.4795 5.81 2.2
v 15.4795 5.88 2.2
v 15.554499999999999 5.88 2.2
v 15.554499999999999 5.81 2.2
f 4571 4572 4573
f 4571 4573 4574
v 15.4795 5.81 2.7700000000000005
v 15.554499999999999 5.81 2.7700000000000005
v 15.554499999999999 5.88 2.7700000000000005
v 15.4795 5.88 2.7700000000000005
f 4575 4576 4577
f 4575 4577 4578
usemtl c_16_18_20
v 15.474 5.0775 2.2
v 15.474 5.0775 2.7700000000000005
v 15.474 5.1225 2.7700000000000005
v 15.474 5.1225 2.2
f 4579 4580 4581
f 4579 4581 4582
v 15.553999999999998 5.0775 2.2
v 15.553999999999998 5.1225 2.2
v 15.553999999999998 5.1225 2.7700000000000005
v 15.553999999999998 5.0775 2.7700000000000005
f 4583 4584 4585
f 4583 4585 4586
v 15.474 5.0775 2.2
v 15.553999999999998 5.0775 2.2
v 15.553999999999998 5.0775 2.7700000000000005
v 15.474 5.0775 2.7700000000000005
f 4587 4588 4589
f 4587 4589 4590
v 15.474 5.1225 2.2
v 15.474 5.1225 2.7700000000000005
v 15.553999999999998 5.1225 2.7700000000000005
v 15.553999999999998 5.1225 2.2
f 4591 4592 4593
f 4591 4593 4594
v 15.474 5.0775 2.2
v 15.474 5.1225 2.2
v 15.553999999999998 5.1225 2.2
v 15.553999999999998 5.0775 2.2
f 4595 4596 4597
f 4595 4597 4598
v 15.474 5.0775 2.7700000000000005
v 15.553999999999998 5.0775 2.7700000000000005
v 15.553999999999998 5.1225 2.7700000000000005
v 15.474 5.1225 2.7700000000000005
f 4599 4600 4601
f 4599 4601 4602
usemtl c_31_51_61
v 15.497499999999999 6.69 2.2
v 15.497499999999999 6.69 2.7700000000000005
v 15.497499999999999 8.11 2.7700000000000005
v 15.497499999999999 8.11 2.2
f 4603 4604 4605
f 4603 4605 4606
v 15.5425 6.69 2.2
v 15.5425 8.11 2.2
v 15.5425 8.11 2.7700000000000005
v 15.5425 6.69 2.7700000000000005
f 4607 4608 4609
f 4607 4609 4610
v 15.497499999999999 6.69 2.2
v 15.5425 6.69 2.2
v 15.5425 6.69 2.7700000000000005
v 15.497499999999999 6.69 2.7700000000000005
f 4611 4612 4613
f 4611 4613 4614
v 15.497499999999999 8.11 2.2
v 15.497499999999999 8.11 2.7700000000000005
v 15.5425 8.11 2.7700000000000005
v 15.5425 8.11 2.2
f 4615 4616 4617
f 4615 4617 4618
v 15.497499999999999 6.69 2.2
v 15.497499999999999 8.11 2.2
v 15.5425 8.11 2.2
v 15.5425 6.69 2.2
f 4619 4620 4621
f 4619 4621 4622
v 15.497499999999999 6.69 2.7700000000000005
v 15.5425 6.69 2.7700000000000005
v 15.5425 8.11 2.7700000000000005
v 15.497499999999999 8.11 2.7700000000000005
f 4623 4624 4625
f 4623 4625 4626
usemtl c_16_18_20
v 15.4795 6.62 2.13
v 15.4795 6.62 2.2
v 15.4795 8.18 2.2
v 15.4795 8.18 2.13
f 4627 4628 4629
f 4627 4629 4630
v 15.554499999999999 6.62 2.13
v 15.554499999999999 8.18 2.13
v 15.554499999999999 8.18 2.2
v 15.554499999999999 6.62 2.2
f 4631 4632 4633
f 4631 4633 4634
v 15.4795 6.62 2.13
v 15.554499999999999 6.62 2.13
v 15.554499999999999 6.62 2.2
v 15.4795 6.62 2.2
f 4635 4636 4637
f 4635 4637 4638
v 15.4795 8.18 2.13
v 15.4795 8.18 2.2
v 15.554499999999999 8.18 2.2
v 15.554499999999999 8.18 2.13
f 4639 4640 4641
f 4639 4641 4642
v 15.4795 6.62 2.13
v 15.4795 8.18 2.13
v 15.554499999999999 8.18 2.13
v 15.554499999999999 6.62 2.13
f 4643 4644 4645
f 4643 4645 4646
v 15.4795 6.62 2.2
v 15.554499999999999 6.62 2.2
v 15.554499999999999 8.18 2.2
v 15.4795 8.18 2.2
f 4647 4648 4649
f 4647 4649 4650
usemtl c_16_18_20
v 15.4795 6.62 2.77
v 15.4795 6.62 2.8400000000000003
v 15.4795 8.18 2.8400000000000003
v 15.4795 8.18 2.77
f 4651 4652 4653
f 4651 4653 4654
v 15.554499999999999 6.62 2.77
v 15.554499999999999 8.18 2.77
v 15.554499999999999 8.18 2.8400000000000003
v 15.554499999999999 6.62 2.8400000000000003
f 4655 4656 4657
f 4655 4657 4658
v 15.4795 6.62 2.77
v 15.554499999999999 6.62 2.77
v 15.554499999999999 6.62 2.8400000000000003
v 15.4795 6.62 2.8400000000000003
f 4659 4660 4661
f 4659 4661 4662
v 15.4795 8.18 2.77
v 15.4795 8.18 2.8400000000000003
v 15.554499999999999 8.18 2.8400000000000003
v 15.554499999999999 8.18 2.77
f 4663 4664 4665
f 4663 4665 4666
v 15.4795 6.62 2.77
v 15.4795 8.18 2.77
v 15.554499999999999 8.18 2.77
v 15.554499999999999 6.62 2.77
f 4667 4668 4669
f 4667 4669 4670
v 15.4795 6.62 2.8400000000000003
v 15.554499999999999 6.62 2.8400000000000003
v 15.554499999999999 8.18 2.8400000000000003
v 15.4795 8.18 2.8400000000000003
f 4671 4672 4673
f 4671 4673 4674
usemtl c_16_18_20
v 15.4795 6.62 2.2
v 15.4795 6.62 2.7700000000000005
v 15.4795 6.69 2.7700000000000005
v 15.4795 6.69 2.2
f 4675 4676 4677
f 4675 4677 4678
v 15.554499999999999 6.62 2.2
v 15.554499999999999 6.69 2.2
v 15.554499999999999 6.69 2.7700000000000005
v 15.554499999999999 6.62 2.7700000000000005
f 4679 4680 4681
f 4679 4681 4682
v 15.4795 6.62 2.2
v 15.554499999999999 6.62 2.2
v 15.554499999999999 6.62 2.7700000000000005
v 15.4795 6.62 2.7700000000000005
f 4683 4684 4685
f 4683 4685 4686
v 15.4795 6.69 2.2
v 15.4795 6.69 2.7700000000000005
v 15.554499999999999 6.69 2.7700000000000005
v 15.554499999999999 6.69 2.2
f 4687 4688 4689
f 4687 4689 4690
v 15.4795 6.62 2.2
v 15.4795 6.69 2.2
v 15.554499999999999 6.69 2.2
v 15.554499999999999 6.62 2.2
f 4691 4692 4693
f 4691 4693 4694
v 15.4795 6.62 2.7700000000000005
v 15.554499999999999 6.62 2.7700000000000005
v 15.554499999999999 6.69 2.7700000000000005
v 15.4795 6.69 2.7700000000000005
f 4695 4696 4697
f 4695 4697 4698
usemtl c_16_18_20
v 15.4795 8.11 2.2
v 15.4795 8.11 2.7700000000000005
v 15.4795 8.18 2.7700000000000005
v 15.4795 8.18 2.2
f 4699 4700 4701
f 4699 4701 4702
v 15.554499999999999 8.11 2.2
v 15.554499999999999 8.18 2.2
v 15.554499999999999 8.18 2.7700000000000005
v 15.554499999999999 8.11 2.7700000000000005
f 4703 4704 4705
f 4703 4705 4706
v 15.4795 8.11 2.2
v 15.554499999999999 8.11 2.2
v 15.554499999999999 8.11 2.7700000000000005
v 15.4795 8.11 2.7700000000000005
f 4707 4708 4709
f 4707 4709 4710
v 15.4795 8.18 2.2
v 15.4795 8.18 2.7700000000000005
v 15.554499999999999 8.18 2.7700000000000005
v 15.554499999999999 8.18 2.2
f 4711 4712 4713
f 4711 4713 4714
v 15.4795 8.11 2.2
v 15.4795 8.18 2.2
v 15.554499999999999 8.18 2.2
v 15.554499999999999 8.11 2.2
f 4715 4716 4717
f 4715 4717 4718
v 15.4795 8.11 2.7700000000000005
v 15.554499999999999 8.11 2.7700000000000005
v 15.554499999999999 8.18 2.7700000000000005
v 15.4795 8.18 2.7700000000000005
f 4719 4720 4721
f 4719 4721 4722
usemtl c_16_18_20
v 15.474 7.3775 2.2
v 15.474 7.3775 2.7700000000000005
v 15.474 7.4225 2.7700000000000005
v 15.474 7.4225 2.2
f 4723 4724 4725
f 4723 4725 4726
v 15.553999999999998 7.3775 2.2
v 15.553999999999998 7.4225 2.2
v 15.553999999999998 7.4225 2.7700000000000005
v 15.553999999999998 7.3775 2.7700000000000005
f 4727 4728 4729
f 4727 4729 4730
v 15.474 7.3775 2.2
v 15.553999999999998 7.3775 2.2
v 15.553999999999998 7.3775 2.7700000000000005
v 15.474 7.3775 2.7700000000000005
f 4731 4732 4733
f 4731 4733 4734
v 15.474 7.4225 2.2
v 15.474 7.4225 2.7700000000000005
v 15.553999999999998 7.4225 2.7700000000000005
v 15.553999999999998 7.4225 2.2
f 4735 4736 4737
f 4735 4737 4738
v 15.474 7.3775 2.2
v 15.474 7.4225 2.2
v 15.553999999999998 7.4225 2.2
v 15.553999999999998 7.3775 2.2
f 4739 4740 4741
f 4739 4741 4742
v 15.474 7.3775 2.7700000000000005
v 15.553999999999998 7.3775 2.7700000000000005
v 15.553999999999998 7.4225 2.7700000000000005
v 15.474 7.4225 2.7700000000000005
f 4743 4744 4745
f 4743 4745 4746
usemtl c_31_51_61
v 15.497499999999999 1.095 5.08
v 15.497499999999999 1.095 6.6
v 15.497499999999999 2.005 6.6
v 15.497499999999999 2.005 5.08
f 4747 4748 4749
f 4747 4749 4750
v 15.5425 1.095 5.08
v 15.5425 2.005 5.08
v 15.5425 2.005 6.6
v 15.5425 1.095 6.6
f 4751 4752 4753
f 4751 4753 4754
v 15.497499999999999 1.095 5.08
v 15.5425 1.095 5.08
v 15.5425 1.095 6.6
v 15.497499999999999 1.095 6.6
f 4755 4756 4757
f 4755 4757 4758
v 15.497499999999999 2.005 5.08
v 15.497499999999999 2.005 6.6
v 15.5425 2.005 6.6
v 15.5425 2.005 5.08
f 4759 4760 4761
f 4759 4761 4762
v 15.497499999999999 1.095 5.08
v 15.497499999999999 2.005 5.08
v 15.5425 2.005 5.08
v 15.5425 1.095 5.08
f 4763 4764 4765
f 4763 4765 4766
v 15.497499999999999 1.095 6.6
v 15.5425 1.095 6.6
v 15.5425 2.005 6.6
v 15.497499999999999 2.005 6.6
f 4767 4768 4769
f 4767 4769 4770
usemtl c_16_18_20
v 15.4795 1.025 5.01
v 15.4795 1.025 5.08
v 15.4795 2.075 5.08
v 15.4795 2.075 5.01
f 4771 4772 4773
f 4771 4773 4774
v 15.554499999999999 1.025 5.01
v 15.554499999999999 2.075 5.01
v 15.554499999999999 2.075 5.08
v 15.554499999999999 1.025 5.08
f 4775 4776 4777
f 4775 4777 4778
v 15.4795 1.025 5.01
v 15.554499999999999 1.025 5.01
v 15.554499999999999 1.025 5.08
v 15.4795 1.025 5.08
f 4779 4780 4781
f 4779 4781 4782
v 15.4795 2.075 5.01
v 15.4795 2.075 5.08
v 15.554499999999999 2.075 5.08
v 15.554499999999999 2.075 5.01
f 4783 4784 4785
f 4783 4785 4786
v 15.4795 1.025 5.01
v 15.4795 2.075 5.01
v 15.554499999999999 2.075 5.01
v 15.554499999999999 1.025 5.01
f 4787 4788 4789
f 4787 4789 4790
v 15.4795 1.025 5.08
v 15.554499999999999 1.025 5.08
v 15.554499999999999 2.075 5.08
v 15.4795 2.075 5.08
f 4791 4792 4793
f 4791 4793 4794
usemtl c_16_18_20
v 15.4795 1.025 6.6
v 15.4795 1.025 6.67
v 15.4795 2.075 6.67
v 15.4795 2.075 6.6
f 4795 4796 4797
f 4795 4797 4798
v 15.554499999999999 1.025 6.6
v 15.554499999999999 2.075 6.6
v 15.554499999999999 2.075 6.67
v 15.554499999999999 1.025 6.67
f 4799 4800 4801
f 4799 4801 4802
v 15.4795 1.025 6.6
v 15.554499999999999 1.025 6.6
v 15.554499999999999 1.025 6.67
v 15.4795 1.025 6.67
f 4803 4804 4805
f 4803 4805 4806
v 15.4795 2.075 6.6
v 15.4795 2.075 6.67
v 15.554499999999999 2.075 6.67
v 15.554499999999999 2.075 6.6
f 4807 4808 4809
f 4807 4809 4810
v 15.4795 1.025 6.6
v 15.4795 2.075 6.6
v 15.554499999999999 2.075 6.6
v 15.554499999999999 1.025 6.6
f 4811 4812 4813
f 4811 4813 4814
v 15.4795 1.025 6.67
v 15.554499999999999 1.025 6.67
v 15.554499999999999 2.075 6.67
v 15.4795 2.075 6.67
f 4815 4816 4817
f 4815 4817 4818
usemtl c_16_18_20
v 15.4795 1.0250000000000001 5.08
v 15.4795 1.0250000000000001 6.6
v 15.4795 1.095 6.6
v 15.4795 1.095 5.08
f 4819 4820 4821
f 4819 4821 4822
v 15.554499999999999 1.0250000000000001 5.08
v 15.554499999999999 1.095 5.08
v 15.554499999999999 1.095 6.6
v 15.554499999999999 1.0250000000000001 6.6
f 4823 4824 4825
f 4823 4825 4826
v 15.4795 1.0250000000000001 5.08
v 15.554499999999999 1.0250000000000001 5.08
v 15.554499999999999 1.0250000000000001 6.6
v 15.4795 1.0250000000000001 6.6
f 4827 4828 4829
f 4827 4829 4830
v 15.4795 1.095 5.08
v 15.4795 1.095 6.6
v 15.554499999999999 1.095 6.6
v 15.554499999999999 1.095 5.08
f 4831 4832 4833
f 4831 4833 4834
v 15.4795 1.0250000000000001 5.08
v 15.4795 1.095 5.08
v 15.554499999999999 1.095 5.08
v 15.554499999999999 1.0250000000000001 5.08
f 4835 4836 4837
f 4835 4837 4838
v 15.4795 1.0250000000000001 6.6
v 15.554499999999999 1.0250000000000001 6.6
v 15.554499999999999 1.095 6.6
v 15.4795 1.095 6.6
f 4839 4840 4841
f 4839 4841 4842
usemtl c_16_18_20
v 15.4795 2.005 5.08
v 15.4795 2.005 6.6
v 15.4795 2.075 6.6
v 15.4795 2.075 5.08
f 4843 4844 4845
f 4843 4845 4846
v 15.554499999999999 2.005 5.08
v 15.554499999999999 2.075 5.08
v 15.554499999999999 2.075 6.6
v 15.554499999999999 2.005 6.6
f 4847 4848 4849
f 4847 4849 4850
v 15.4795 2.005 5.08
v 15.554499999999999 2.005 5.08
v 15.554499999999999 2.005 6.6
v 15.4795 2.005 6.6
f 4851 4852 4853
f 4851 4853 4854
v 15.4795 2.075 5.08
v 15.4795 2.075 6.6
v 15.554499999999999 2.075 6.6
v 15.554499999999999 2.075 5.08
f 4855 4856 4857
f 4855 4857 4858
v 15.4795 2.005 5.08
v 15.4795 2.075 5.08
v 15.554499999999999 2.075 5.08
v 15.554499999999999 2.005 5.08
f 4859 4860 4861
f 4859 4861 4862
v 15.4795 2.005 6.6
v 15.554499999999999 2.005 6.6
v 15.554499999999999 2.075 6.6
v 15.4795 2.075 6.6
f 4863 4864 4865
f 4863 4865 4866
usemtl c_16_18_20
v 15.474 1.095 5.8175
v 15.474 1.095 5.8625
v 15.474 2.005 5.8625
v 15.474 2.005 5.8175
f 4867 4868 4869
f 4867 4869 4870
v 15.553999999999998 1.095 5.8175
v 15.553999999999998 2.005 5.8175
v 15.553999999999998 2.005 5.8625
v 15.553999999999998 1.095 5.8625
f 4871 4872 4873
f 4871 4873 4874
v 15.474 1.095 5.8175
v 15.553999999999998 1.095 5.8175
v 15.553999999999998 1.095 5.8625
v 15.474 1.095 5.8625
f 4875 4876 4877
f 4875 4877 4878
v 15.474 2.005 5.8175
v 15.474 2.005 5.8625
v 15.553999999999998 2.005 5.8625
v 15.553999999999998 2.005 5.8175
f 4879 4880 4881
f 4879 4881 4882
v 15.474 1.095 5.8175
v 15.474 2.005 5.8175
v 15.553999999999998 2.005 5.8175
v 15.553999999999998 1.095 5.8175
f 4883 4884 4885
f 4883 4885 4886
v 15.474 1.095 5.8625
v 15.553999999999998 1.095 5.8625
v 15.553999999999998 2.005 5.8625
v 15.474 2.005 5.8625
f 4887 4888 4889
f 4887 4889 4890
usemtl c_31_51_61
v 15.497499999999999 10.375 5.08
v 15.497499999999999 10.375 6.6
v 15.497499999999999 11.285 6.6
v 15.497499999999999 11.285 5.08
f 4891 4892 4893
f 4891 4893 4894
v 15.5425 10.375 5.08
v 15.5425 11.285 5.08
v 15.5425 11.285 6.6
v 15.5425 10.375 6.6
f 4895 4896 4897
f 4895 4897 4898
v 15.497499999999999 10.375 5.08
v 15.5425 10.375 5.08
v 15.5425 10.375 6.6
v 15.497499999999999 10.375 6.6
f 4899 4900 4901
f 4899 4901 4902
v 15.497499999999999 11.285 5.08
v 15.497499999999999 11.285 6.6
v 15.5425 11.285 6.6
v 15.5425 11.285 5.08
f 4903 4904 4905
f 4903 4905 4906
v 15.497499999999999 10.375 5.08
v 15.497499999999999 11.285 5.08
v 15.5425 11.285 5.08
v 15.5425 10.375 5.08
f 4907 4908 4909
f 4907 4909 4910
v 15.497499999999999 10.375 6.6
v 15.5425 10.375 6.6
v 15.5425 11.285 6.6
v 15.497499999999999 11.285 6.6
f 4911 4912 4913
f 4911 4913 4914
usemtl c_16_18_20
v 15.4795 10.305 5.01
v 15.4795 10.305 5.08
v 15.4795 11.355 5.08
v 15.4795 11.355 5.01
f 4915 4916 4917
f 4915 4917 4918
v 15.554499999999999 10.305 5.01
v 15.554499999999999 11.355 5.01
v 15.554499999999999 11.355 5.08
v 15.554499999999999 10.305 5.08
f 4919 4920 4921
f 4919 4921 4922
v 15.4795 10.305 5.01
v 15.554499999999999 10.305 5.01
v 15.554499999999999 10.305 5.08
v 15.4795 10.305 5.08
f 4923 4924 4925
f 4923 4925 4926
v 15.4795 11.355 5.01
v 15.4795 11.355 5.08
v 15.554499999999999 11.355 5.08
v 15.554499999999999 11.355 5.01
f 4927 4928 4929
f 4927 4929 4930
v 15.4795 10.305 5.01
v 15.4795 11.355 5.01
v 15.554499999999999 11.355 5.01
v 15.554499999999999 10.305 5.01
f 4931 4932 4933
f 4931 4933 4934
v 15.4795 10.305 5.08
v 15.554499999999999 10.305 5.08
v 15.554499999999999 11.355 5.08
v 15.4795 11.355 5.08
f 4935 4936 4937
f 4935 4937 4938
usemtl c_16_18_20
v 15.4795 10.305 6.6
v 15.4795 10.305 6.67
v 15.4795 11.355 6.67
v 15.4795 11.355 6.6
f 4939 4940 4941
f 4939 4941 4942
v 15.554499999999999 10.305 6.6
v 15.554499999999999 11.355 6.6
v 15.554499999999999 11.355 6.67
v 15.554499999999999 10.305 6.67
f 4943 4944 4945
f 4943 4945 4946
v 15.4795 10.305 6.6
v 15.554499999999999 10.305 6.6
v 15.554499999999999 10.305 6.67
v 15.4795 10.305 6.67
f 4947 4948 4949
f 4947 4949 4950
v 15.4795 11.355 6.6
v 15.4795 11.355 6.67
v 15.554499999999999 11.355 6.67
v 15.554499999999999 11.355 6.6
f 4951 4952 4953
f 4951 4953 4954
v 15.4795 10.305 6.6
v 15.4795 11.355 6.6
v 15.554499999999999 11.355 6.6
v 15.554499999999999 10.305 6.6
f 4955 4956 4957
f 4955 4957 4958
v 15.4795 10.305 6.67
v 15.554499999999999 10.305 6.67
v 15.554499999999999 11.355 6.67
v 15.4795 11.355 6.67
f 4959 4960 4961
f 4959 4961 4962
usemtl c_16_18_20
v 15.4795 10.305 5.08
v 15.4795 10.305 6.6
v 15.4795 10.375 6.6
v 15.4795 10.375 5.08
f 4963 4964 4965
f 4963 4965 4966
v 15.554499999999999 10.305 5.08
v 15.554499999999999 10.375 5.08
v 15.554499999999999 10.375 6.6
v 15.554499999999999 10.305 6.6
f 4967 4968 4969
f 4967 4969 4970
v 15.4795 10.305 5.08
v 15.554499999999999 10.305 5.08
v 15.554499999999999 10.305 6.6
v 15.4795 10.305 6.6
f 4971 4972 4973
f 4971 4973 4974
v 15.4795 10.375 5.08
v 15.4795 10.375 6.6
v 15.554499999999999 10.375 6.6
v 15.554499999999999 10.375 5.08
f 4975 4976 4977
f 4975 4977 4978
v 15.4795 10.305 5.08
v 15.4795 10.375 5.08
v 15.554499999999999 10.375 5.08
v 15.554499999999999 10.305 5.08
f 4979 4980 4981
f 4979 4981 4982
v 15.4795 10.305 6.6
v 15.554499999999999 10.305 6.6
v 15.554499999999999 10.375 6.6
v 15.4795 10.375 6.6
f 4983 4984 4985
f 4983 4985 4986
usemtl c_16_18_20
v 15.4795 11.285 5.08
v 15.4795 11.285 6.6
v 15.4795 11.355 6.6
v 15.4795 11.355 5.08
f 4987 4988 4989
f 4987 4989 4990
v 15.554499999999999 11.285 5.08
v 15.554499999999999 11.355 5.08
v 15.554499999999999 11.355 6.6
v 15.554499999999999 11.285 6.6
f 4991 4992 4993
f 4991 4993 4994
v 15.4795 11.285 5.08
v 15.554499999999999 11.285 5.08
v 15.554499999999999 11.285 6.6
v 15.4795 11.285 6.6
f 4995 4996 4997
f 4995 4997 4998
v 15.4795 11.355 5.08
v 15.4795 11.355 6.6
v 15.554499999999999 11.355 6.6
v 15.554499999999999 11.355 5.08
f 4999 5000 5001
f 4999 5001 5002
v 15.4795 11.285 5.08
v 15.4795 11.355 5.08
v 15.554499999999999 11.355 5.08
v 15.554499999999999 11.285 5.08
f 5003 5004 5005
f 5003 5005 5006
v 15.4795 11.285 6.6
v 15.554499999999999 11.285 6.6
v 15.554499999999999 11.355 6.6
v 15.4795 11.355 6.6
f 5007 5008 5009
f 5007 5009 5010
usemtl c_16_18_20
v 15.474 10.375 5.8175
v 15.474 10.375 5.8625
v 15.474 11.285 5.8625
v 15.474 11.285 5.8175
f 5011 5012 5013
f 5011 5013 5014
v 15.553999999999998 10.375 5.8175
v 15.553999999999998 11.285 5.8175
v 15.553999999999998 11.285 5.8625
v 15.553999999999998 10.375 5.8625
f 5015 5016 5017
f 5015 5017 5018
v 15.474 10.375 5.8175
v 15.553999999999998 10.375 5.8175
v 15.553999999999998 10.375 5.8625
v 15.474 10.375 5.8625
f 5019 5020 5021
f 5019 5021 5022
v 15.474 11.285 5.8175
v 15.474 11.285 5.8625
v 15.553999999999998 11.285 5.8625
v 15.553999999999998 11.285 5.8175
f 5023 5024 5025
f 5023 5025 5026
v 15.474 10.375 5.8175
v 15.474 11.285 5.8175
v 15.553999999999998 11.285 5.8175
v 15.553999999999998 10.375 5.8175
f 5027 5028 5029
f 5027 5029 5030
v 15.474 10.375 5.8625
v 15.553999999999998 10.375 5.8625
v 15.553999999999998 11.285 5.8625
v 15.474 11.285 5.8625
f 5031 5032 5033
f 5031 5033 5034
usemtl c_36_40_46
v 0.3655 -0.104 4.26
v 0.3655 -0.104 7.01
v 0.3655 -0.072 7.01
v 0.3655 -0.072 4.26
f 5035 5036 5037
f 5035 5037 5038
v 0.4055 -0.104 4.26
v 0.4055 -0.072 4.26
v 0.4055 -0.072 7.01
v 0.4055 -0.104 7.01
f 5039 5040 5041
f 5039 5041 5042
v 0.3655 -0.104 4.26
v 0.4055 -0.104 4.26
v 0.4055 -0.104 7.01
v 0.3655 -0.104 7.01
f 5043 5044 5045
f 5043 5045 5046
v 0.3655 -0.072 4.26
v 0.3655 -0.072 7.01
v 0.4055 -0.072 7.01
v 0.4055 -0.072 4.26
f 5047 5048 5049
f 5047 5049 5050
v 0.3655 -0.104 4.26
v 0.3655 -0.072 4.26
v 0.4055 -0.072 4.26
v 0.4055 -0.104 4.26
f 5051 5052 5053
f 5051 5053 5054
v 0.3655 -0.104 7.01
v 0.4055 -0.104 7.01
v 0.4055 -0.072 7.01
v 0.3655 -0.072 7.01
f 5055 5056 5057
f 5055 5057 5058
usemtl c_36_40_46
v 0.751 -0.104 4.26
v 0.751 -0.104 7.01
v 0.751 -0.072 7.01
v 0.751 -0.072 4.26
f 5059 5060 5061
f 5059 5061 5062
v 0.791 -0.104 4.26
v 0.791 -0.072 4.26
v 0.791 -0.072 7.01
v 0.791 -0.104 7.01
f 5063 5064 5065
f 5063 5065 5066
v 0.751 -0.104 4.26
v 0.791 -0.104 4.26
v 0.791 -0.104 7.01
v 0.751 -0.104 7.01
f 5067 5068 5069
f 5067 5069 5070
v 0.751 -0.072 4.26
v 0.751 -0.072 7.01
v 0.791 -0.072 7.01
v 0.791 -0.072 4.26
f 5071 5072 5073
f 5071 5073 5074
v 0.751 -0.104 4.26
v 0.751 -0.072 4.26
v 0.791 -0.072 4.26
v 0.791 -0.104 4.26
f 5075 5076 5077
f 5075 5077 5078
v 0.751 -0.104 7.01
v 0.791 -0.104 7.01
v 0.791 -0.072 7.01
v 0.751 -0.072 7.01
f 5079 5080 5081
f 5079 5081 5082
usemtl c_36_40_46
v 1.1364999999999998 -0.104 4.26
v 1.1364999999999998 -0.104 7.01
v 1.1364999999999998 -0.072 7.01
v 1.1364999999999998 -0.072 4.26
f 5083 5084 5085
f 5083 5085 5086
v 1.1764999999999999 -0.104 4.26
v 1.1764999999999999 -0.072 4.26
v 1.1764999999999999 -0.072 7.01
v 1.1764999999999999 -0.104 7.01
f 5087 5088 5089
f 5087 5089 5090
v 1.1364999999999998 -0.104 4.26
v 1.1764999999999999 -0.104 4.26
v 1.1764999999999999 -0.104 7.01
v 1.1364999999999998 -0.104 7.01
f 5091 5092 5093
f 5091 5093 5094
v 1.1364999999999998 -0.072 4.26
v 1.1364999999999998 -0.072 7.01
v 1.1764999999999999 -0.072 7.01
v 1.1764999999999999 -0.072 4.26
f 5095 5096 5097
f 5095 5097 5098
v 1.1364999999999998 -0.104 4.26
v 1.1364999999999998 -0.072 4.26
v 1.1764999999999999 -0.072 4.26
v 1.1764999999999999 -0.104 4.26
f 5099 5100 5101
f 5099 5101 5102
v 1.1364999999999998 -0.104 7.01
v 1.1764999999999999 -0.104 7.01
v 1.1764999999999999 -0.072 7.01
v 1.1364999999999998 -0.072 7.01
f 5103 5104 5105
f 5103 5105 5106
usemtl c_36_40_46
v 1.522 -0.104 4.26
v 1.522 -0.104 7.01
v 1.522 -0.072 7.01
v 1.522 -0.072 4.26
f 5107 5108 5109
f 5107 5109 5110
v 1.562 -0.104 4.26
v 1.562 -0.072 4.26
v 1.562 -0.072 7.01
v 1.562 -0.104 7.01
f 5111 5112 5113
f 5111 5113 5114
v 1.522 -0.104 4.26
v 1.562 -0.104 4.26
v 1.562 -0.104 7.01
v 1.522 -0.104 7.01
f 5115 5116 5117
f 5115 5117 5118
v 1.522 -0.072 4.26
v 1.522 -0.072 7.01
v 1.562 -0.072 7.01
v 1.562 -0.072 4.26
f 5119 5120 5121
f 5119 5121 5122
v 1.522 -0.104 4.26
v 1.522 -0.072 4.26
v 1.562 -0.072 4.26
v 1.562 -0.104 4.26
f 5123 5124 5125
f 5123 5125 5126
v 1.522 -0.104 7.01
v 1.562 -0.104 7.01
v 1.562 -0.072 7.01
v 1.522 -0.072 7.01
f 5127 5128 5129
f 5127 5129 5130
usemtl c_36_40_46
v 1.9074999999999998 -0.104 4.26
v 1.9074999999999998 -0.104 7.01
v 1.9074999999999998 -0.072 7.01
v 1.9074999999999998 -0.072 4.26
f 5131 5132 5133
f 5131 5133 5134
v 1.9474999999999998 -0.104 4.26
v 1.9474999999999998 -0.072 4.26
v 1.9474999999999998 -0.072 7.01
v 1.9474999999999998 -0.104 7.01
f 5135 5136 5137
f 5135 5137 5138
v 1.9074999999999998 -0.104 4.26
v 1.9474999999999998 -0.104 4.26
v 1.9474999999999998 -0.104 7.01
v 1.9074999999999998 -0.104 7.01
f 5139 5140 5141
f 5139 5141 5142
v 1.9074999999999998 -0.072 4.26
v 1.9074999999999998 -0.072 7.01
v 1.9474999999999998 -0.072 7.01
v 1.9474999999999998 -0.072 4.26
f 5143 5144 5145
f 5143 5145 5146
v 1.9074999999999998 -0.104 4.26
v 1.9074999999999998 -0.072 4.26
v 1.9474999999999998 -0.072 4.26
v 1.9474999999999998 -0.104 4.26
f 5147 5148 5149
f 5147 5149 5150
v 1.9074999999999998 -0.104 7.01
v 1.9474999999999998 -0.104 7.01
v 1.9474999999999998 -0.072 7.01
v 1.9074999999999998 -0.072 7.01
f 5151 5152 5153
f 5151 5153 5154
usemtl c_36_40_46
v 2.2929999999999997 -0.104 4.26
v 2.2929999999999997 -0.104 7.01
v 2.2929999999999997 -0.072 7.01
v 2.2929999999999997 -0.072 4.26
f 5155 5156 5157
f 5155 5157 5158
v 2.3329999999999997 -0.104 4.26
v 2.3329999999999997 -0.072 4.26
v 2.3329999999999997 -0.072 7.01
v 2.3329999999999997 -0.104 7.01
f 5159 5160 5161
f 5159 5161 5162
v 2.2929999999999997 -0.104 4.26
v 2.3329999999999997 -0.104 4.26
v 2.3329999999999997 -0.104 7.01
v 2.2929999999999997 -0.104 7.01
f 5163 5164 5165
f 5163 5165 5166
v 2.2929999999999997 -0.072 4.26
v 2.2929999999999997 -0.072 7.01
v 2.3329999999999997 -0.072 7.01
v 2.3329999999999997 -0.072 4.26
f 5167 5168 5169
f 5167 5169 5170
v 2.2929999999999997 -0.104 4.26
v 2.2929999999999997 -0.072 4.26
v 2.3329999999999997 -0.072 4.26
v 2.3329999999999997 -0.104 4.26
f 5171 5172 5173
f 5171 5173 5174
v 2.2929999999999997 -0.104 7.01
v 2.3329999999999997 -0.104 7.01
v 2.3329999999999997 -0.072 7.01
v 2.2929999999999997 -0.072 7.01
f 5175 5176 5177
f 5175 5177 5178
usemtl c_36_40_46
v 2.6785 -0.104 4.26
v 2.6785 -0.104 7.01
v 2.6785 -0.072 7.01
v 2.6785 -0.072 4.26
f 5179 5180 5181
f 5179 5181 5182
v 2.7185 -0.104 4.26
v 2.7185 -0.072 4.26
v 2.7185 -0.072 7.01
v 2.7185 -0.104 7.01
f 5183 5184 5185
f 5183 5185 5186
v 2.6785 -0.104 4.26
v 2.7185 -0.104 4.26
v 2.7185 -0.104 7.01
v 2.6785 -0.104 7.01
f 5187 5188 5189
f 5187 5189 5190
v 2.6785 -0.072 4.26
v 2.6785 -0.072 7.01
v 2.7185 -0.072 7.01
v 2.7185 -0.072 4.26
f 5191 5192 5193
f 5191 5193 5194
v 2.6785 -0.104 4.26
v 2.6785 -0.072 4.26
v 2.7185 -0.072 4.26
v 2.7185 -0.104 4.26
f 5195 5196 5197
f 5195 5197 5198
v 2.6785 -0.104 7.01
v 2.7185 -0.104 7.01
v 2.7185 -0.072 7.01
v 2.6785 -0.072 7.01
f 5199 5200 5201
f 5199 5201 5202
usemtl c_36_40_46
v 3.064 -0.104 4.26
v 3.064 -0.104 7.01
v 3.064 -0.072 7.01
v 3.064 -0.072 4.26
f 5203 5204 5205
f 5203 5205 5206
v 3.104 -0.104 4.26
v 3.104 -0.072 4.26
v 3.104 -0.072 7.01
v 3.104 -0.104 7.01
f 5207 5208 5209
f 5207 5209 5210
v 3.064 -0.104 4.26
v 3.104 -0.104 4.26
v 3.104 -0.104 7.01
v 3.064 -0.104 7.01
f 5211 5212 5213
f 5211 5213 5214
v 3.064 -0.072 4.26
v 3.064 -0.072 7.01
v 3.104 -0.072 7.01
v 3.104 -0.072 4.26
f 5215 5216 5217
f 5215 5217 5218
v 3.064 -0.104 4.26
v 3.064 -0.072 4.26
v 3.104 -0.072 4.26
v 3.104 -0.104 4.26
f 5219 5220 5221
f 5219 5221 5222
v 3.064 -0.104 7.01
v 3.104 -0.104 7.01
v 3.104 -0.072 7.01
v 3.064 -0.072 7.01
f 5223 5224 5225
f 5223 5225 5226
usemtl c_36_40_46
v 3.4495 -0.104 4.26
v 3.4495 -0.104 7.01
v 3.4495 -0.072 7.01
v 3.4495 -0.072 4.26
f 5227 5228 5229
f 5227 5229 5230
v 3.4895 -0.104 4.26
v 3.4895 -0.072 4.26
v 3.4895 -0.072 7.01
v 3.4895 -0.104 7.01
f 5231 5232 5233
f 5231 5233 5234
v 3.4495 -0.104 4.26
v 3.4895 -0.104 4.26
v 3.4895 -0.104 7.01
v 3.4495 -0.104 7.01
f 5235 5236 5237
f 5235 5237 5238
v 3.4495 -0.072 4.26
v 3.4495 -0.072 7.01
v 3.4895 -0.072 7.01
v 3.4895 -0.072 4.26
f 5239 5240 5241
f 5239 5241 5242
v 3.4495 -0.104 4.26
v 3.4495 -0.072 4.26
v 3.4895 -0.072 4.26
v 3.4895 -0.104 4.26
f 5243 5244 5245
f 5243 5245 5246
v 3.4495 -0.104 7.01
v 3.4895 -0.104 7.01
v 3.4895 -0.072 7.01
v 3.4495 -0.072 7.01
f 5247 5248 5249
f 5247 5249 5250
usemtl c_36_40_46
v 3.8349999999999995 -0.104 4.26
v 3.8349999999999995 -0.104 7.01
v 3.8349999999999995 -0.072 7.01
v 3.8349999999999995 -0.072 4.26
f 5251 5252 5253
f 5251 5253 5254
v 3.8749999999999996 -0.104 4.26
v 3.8749999999999996 -0.072 4.26
v 3.8749999999999996 -0.072 7.01
v 3.8749999999999996 -0.104 7.01
f 5255 5256 5257
f 5255 5257 5258
v 3.8349999999999995 -0.104 4.26
v 3.8749999999999996 -0.104 4.26
v 3.8749999999999996 -0.104 7.01
v 3.8349999999999995 -0.104 7.01
f 5259 5260 5261
f 5259 5261 5262
v 3.8349999999999995 -0.072 4.26
v 3.8349999999999995 -0.072 7.01
v 3.8749999999999996 -0.072 7.01
v 3.8749999999999996 -0.072 4.26
f 5263 5264 5265
f 5263 5265 5266
v 3.8349999999999995 -0.104 4.26
v 3.8349999999999995 -0.072 4.26
v 3.8749999999999996 -0.072 4.26
v 3.8749999999999996 -0.104 4.26
f 5267 5268 5269
f 5267 5269 5270
v 3.8349999999999995 -0.104 7.01
v 3.8749999999999996 -0.104 7.01
v 3.8749999999999996 -0.072 7.01
v 3.8349999999999995 -0.072 7.01
f 5271 5272 5273
f 5271 5273 5274
usemtl c_36_40_46
v 4.2205 -0.104 4.26
v 4.2205 -0.104 7.01
v 4.2205 -0.072 7.01
v 4.2205 -0.072 4.26
f 5275 5276 5277
f 5275 5277 5278
v 4.2604999999999995 -0.104 4.26
v 4.2604999999999995 -0.072 4.26
v 4.2604999999999995 -0.072 7.01
v 4.2604999999999995 -0.104 7.01
f 5279 5280 5281
f 5279 5281 5282
v 4.2205 -0.104 4.26
v 4.2604999999999995 -0.104 4.26
v 4.2604999999999995 -0.104 7.01
v 4.2205 -0.104 7.01
f 5283 5284 5285
f 5283 5285 5286
v 4.2205 -0.072 4.26
v 4.2205 -0.072 7.01
v 4.2604999999999995 -0.072 7.01
v 4.2604999999999995 -0.072 4.26
f 5287 5288 5289
f 5287 5289 5290
v 4.2205 -0.104 4.26
v 4.2205 -0.072 4.26
v 4.2604999999999995 -0.072 4.26
v 4.2604999999999995 -0.104 4.26
f 5291 5292 5293
f 5291 5293 5294
v 4.2205 -0.104 7.01
v 4.2604999999999995 -0.104 7.01
v 4.2604999999999995 -0.072 7.01
v 4.2205 -0.072 7.01
f 5295 5296 5297
f 5295 5297 5298
usemtl c_36_40_46
v 4.606 -0.104 4.26
v 4.606 -0.104 7.01
v 4.606 -0.072 7.01
v 4.606 -0.072 4.26
f 5299 5300 5301
f 5299 5301 5302
v 4.645999999999999 -0.104 4.26
v 4.645999999999999 -0.072 4.26
v 4.645999999999999 -0.072 7.01
v 4.645999999999999 -0.104 7.01
f 5303 5304 5305
f 5303 5305 5306
v 4.606 -0.104 4.26
v 4.645999999999999 -0.104 4.26
v 4.645999999999999 -0.104 7.01
v 4.606 -0.104 7.01
f 5307 5308 5309
f 5307 5309 5310
v 4.606 -0.072 4.26
v 4.606 -0.072 7.01
v 4.645999999999999 -0.072 7.01
v 4.645999999999999 -0.072 4.26
f 5311 5312 5313
f 5311 5313 5314
v 4.606 -0.104 4.26
v 4.606 -0.072 4.26
v 4.645999999999999 -0.072 4.26
v 4.645999999999999 -0.104 4.26
f 5315 5316 5317
f 5315 5317 5318
v 4.606 -0.104 7.01
v 4.645999999999999 -0.104 7.01
v 4.645999999999999 -0.072 7.01
v 4.606 -0.072 7.01
f 5319 5320 5321
f 5319 5321 5322
usemtl c_36_40_46
v 4.9915 -0.104 4.26
v 4.9915 -0.104 7.01
v 4.9915 -0.072 7.01
v 4.9915 -0.072 4.26
f 5323 5324 5325
f 5323 5325 5326
v 5.031499999999999 -0.104 4.26
v 5.031499999999999 -0.072 4.26
v 5.031499999999999 -0.072 7.01
v 5.031499999999999 -0.104 7.01
f 5327 5328 5329
f 5327 5329 5330
v 4.9915 -0.104 4.26
v 5.031499999999999 -0.104 4.26
v 5.031499999999999 -0.104 7.01
v 4.9915 -0.104 7.01
f 5331 5332 5333
f 5331 5333 5334
v 4.9915 -0.072 4.26
v 4.9915 -0.072 7.01
v 5.031499999999999 -0.072 7.01
v 5.031499999999999 -0.072 4.26
f 5335 5336 5337
f 5335 5337 5338
v 4.9915 -0.104 4.26
v 4.9915 -0.072 4.26
v 5.031499999999999 -0.072 4.26
v 5.031499999999999 -0.104 4.26
f 5339 5340 5341
f 5339 5341 5342
v 4.9915 -0.104 7.01
v 5.031499999999999 -0.104 7.01
v 5.031499999999999 -0.072 7.01
v 4.9915 -0.072 7.01
f 5343 5344 5345
f 5343 5345 5346
usemtl c_36_40_46
v 5.377000000000001 -0.104 4.26
v 5.377000000000001 -0.104 7.01
v 5.377000000000001 -0.072 7.01
v 5.377000000000001 -0.072 4.26
f 5347 5348 5349
f 5347 5349 5350
v 5.417 -0.104 4.26
v 5.417 -0.072 4.26
v 5.417 -0.072 7.01
v 5.417 -0.104 7.01
f 5351 5352 5353
f 5351 5353 5354
v 5.377000000000001 -0.104 4.26
v 5.417 -0.104 4.26
v 5.417 -0.104 7.01
v 5.377000000000001 -0.104 7.01
f 5355 5356 5357
f 5355 5357 5358
v 5.377000000000001 -0.072 4.26
v 5.377000000000001 -0.072 7.01
v 5.417 -0.072 7.01
v 5.417 -0.072 4.26
f 5359 5360 5361
f 5359 5361 5362
v 5.377000000000001 -0.104 4.26
v 5.377000000000001 -0.072 4.26
v 5.417 -0.072 4.26
v 5.417 -0.104 4.26
f 5363 5364 5365
f 5363 5365 5366
v 5.377000000000001 -0.104 7.01
v 5.417 -0.104 7.01
v 5.417 -0.072 7.01
v 5.377000000000001 -0.072 7.01
f 5367 5368 5369
f 5367 5369 5370
usemtl c_36_40_46
v 5.762500000000001 -0.104 4.26
v 5.762500000000001 -0.104 7.01
v 5.762500000000001 -0.072 7.01
v 5.762500000000001 -0.072 4.26
f 5371 5372 5373
f 5371 5373 5374
v 5.8025 -0.104 4.26
v 5.8025 -0.072 4.26
v 5.8025 -0.072 7.01
v 5.8025 -0.104 7.01
f 5375 5376 5377
f 5375 5377 5378
v 5.762500000000001 -0.104 4.26
v 5.8025 -0.104 4.26
v 5.8025 -0.104 7.01
v 5.762500000000001 -0.104 7.01
f 5379 5380 5381
f 5379 5381 5382
v 5.762500000000001 -0.072 4.26
v 5.762500000000001 -0.072 7.01
v 5.8025 -0.072 7.01
v 5.8025 -0.072 4.26
f 5383 5384 5385
f 5383 5385 5386
v 5.762500000000001 -0.104 4.26
v 5.762500000000001 -0.072 4.26
v 5.8025 -0.072 4.26
v 5.8025 -0.104 4.26
f 5387 5388 5389
f 5387 5389 5390
v 5.762500000000001 -0.104 7.01
v 5.8025 -0.104 7.01
v 5.8025 -0.072 7.01
v 5.762500000000001 -0.072 7.01
f 5391 5392 5393
f 5391 5393 5394
usemtl c_36_40_46
v 6.148000000000001 -0.104 4.26
v 6.148000000000001 -0.104 7.01
v 6.148000000000001 -0.072 7.01
v 6.148000000000001 -0.072 4.26
f 5395 5396 5397
f 5395 5397 5398
v 6.188 -0.104 4.26
v 6.188 -0.072 4.26
v 6.188 -0.072 7.01
v 6.188 -0.104 7.01
f 5399 5400 5401
f 5399 5401 5402
v 6.148000000000001 -0.104 4.26
v 6.188 -0.104 4.26
v 6.188 -0.104 7.01
v 6.148000000000001 -0.104 7.01
f 5403 5404 5405
f 5403 5405 5406
v 6.148000000000001 -0.072 4.26
v 6.148000000000001 -0.072 7.01
v 6.188 -0.072 7.01
v 6.188 -0.072 4.26
f 5407 5408 5409
f 5407 5409 5410
v 6.148000000000001 -0.104 4.26
v 6.148000000000001 -0.072 4.26
v 6.188 -0.072 4.26
v 6.188 -0.104 4.26
f 5411 5412 5413
f 5411 5413 5414
v 6.148000000000001 -0.104 7.01
v 6.188 -0.104 7.01
v 6.188 -0.072 7.01
v 6.148000000000001 -0.072 7.01
f 5415 5416 5417
f 5415 5417 5418
usemtl c_36_40_46
v 6.5335 -0.104 4.26
v 6.5335 -0.104 7.01
v 6.5335 -0.072 7.01
v 6.5335 -0.072 4.26
f 5419 5420 5421
f 5419 5421 5422
v 6.573499999999999 -0.104 4.26
v 6.573499999999999 -0.072 4.26
v 6.573499999999999 -0.072 7.01
v 6.573499999999999 -0.104 7.01
f 5423 5424 5425
f 5423 5425 5426
v 6.5335 -0.104 4.26
v 6.573499999999999 -0.104 4.26
v 6.573499999999999 -0.104 7.01
v 6.5335 -0.104 7.01
f 5427 5428 5429
f 5427 5429 5430
v 6.5335 -0.072 4.26
v 6.5335 -0.072 7.01
v 6.573499999999999 -0.072 7.01
v 6.573499999999999 -0.072 4.26
f 5431 5432 5433
f 5431 5433 5434
v 6.5335 -0.104 4.26
v 6.5335 -0.072 4.26
v 6.573499999999999 -0.072 4.26
v 6.573499999999999 -0.104 4.26
f 5435 5436 5437
f 5435 5437 5438
v 6.5335 -0.104 7.01
v 6.573499999999999 -0.104 7.01
v 6.573499999999999 -0.072 7.01
v 6.5335 -0.072 7.01
f 5439 5440 5441
f 5439 5441 5442
usemtl c_36_40_46
v 6.9190000000000005 -0.104 4.26
v 6.9190000000000005 -0.104 7.01
v 6.9190000000000005 -0.072 7.01
v 6.9190000000000005 -0.072 4.26
f 5443 5444 5445
f 5443 5445 5446
v 6.959 -0.104 4.26
v 6.959 -0.072 4.26
v 6.959 -0.072 7.01
v 6.959 -0.104 7.01
f 5447 5448 5449
f 5447 5449 5450
v 6.9190000000000005 -0.104 4.26
v 6.959 -0.104 4.26
v 6.959 -0.104 7.01
v 6.9190000000000005 -0.104 7.01
f 5451 5452 5453
f 5451 5453 5454
v 6.9190000000000005 -0.072 4.26
v 6.9190000000000005 -0.072 7.01
v 6.959 -0.072 7.01
v 6.959 -0.072 4.26
f 5455 5456 5457
f 5455 5457 5458
v 6.9190000000000005 -0.104 4.26
v 6.9190000000000005 -0.072 4.26
v 6.959 -0.072 4.26
v 6.959 -0.104 4.26
f 5459 5460 5461
f 5459 5461 5462
v 6.9190000000000005 -0.104 7.01
v 6.959 -0.104 7.01
v 6.959 -0.072 7.01
v 6.9190000000000005 -0.072 7.01
f 5463 5464 5465
f 5463 5465 5466
usemtl c_36_40_46
v 7.304500000000001 -0.104 4.26
v 7.304500000000001 -0.104 7.01
v 7.304500000000001 -0.072 7.01
v 7.304500000000001 -0.072 4.26
f 5467 5468 5469
f 5467 5469 5470
v 7.3445 -0.104 4.26
v 7.3445 -0.072 4.26
v 7.3445 -0.072 7.01
v 7.3445 -0.104 7.01
f 5471 5472 5473
f 5471 5473 5474
v 7.304500000000001 -0.104 4.26
v 7.3445 -0.104 4.26
v 7.3445 -0.104 7.01
v 7.304500000000001 -0.104 7.01
f 5475 5476 5477
f 5475 5477 5478
v 7.304500000000001 -0.072 4.26
v 7.304500000000001 -0.072 7.01
v 7.3445 -0.072 7.01
v 7.3445 -0.072 4.26
f 5479 5480 5481
f 5479 5481 5482
v 7.304500000000001 -0.104 4.26
v 7.304500000000001 -0.072 4.26
v 7.3445 -0.072 4.26
v 7.3445 -0.104 4.26
f 5483 5484 5485
f 5483 5485 5486
v 7.304500000000001 -0.104 7.01
v 7.3445 -0.104 7.01
v 7.3445 -0.072 7.01
v 7.304500000000001 -0.072 7.01
f 5487 5488 5489
f 5487 5489 5490
usemtl c_36_40_46
v 7.6899999999999995 -0.104 4.26
v 7.6899999999999995 -0.104 7.01
v 7.6899999999999995 -0.072 7.01
v 7.6899999999999995 -0.072 4.26
f 5491 5492 5493
f 5491 5493 5494
v 7.729999999999999 -0.104 4.26
v 7.729999999999999 -0.072 4.26
v 7.729999999999999 -0.072 7.01
v 7.729999999999999 -0.104 7.01
f 5495 5496 5497
f 5495 5497 5498
v 7.6899999999999995 -0.104 4.26
v 7.729999999999999 -0.104 4.26
v 7.729999999999999 -0.104 7.01
v 7.6899999999999995 -0.104 7.01
f 5499 5500 5501
f 5499 5501 5502
v 7.6899999999999995 -0.072 4.26
v 7.6899999999999995 -0.072 7.01
v 7.729999999999999 -0.072 7.01
v 7.729999999999999 -0.072 4.26
f 5503 5504 5505
f 5503 5505 5506
v 7.6899999999999995 -0.104 4.26
v 7.6899999999999995 -0.072 4.26
v 7.729999999999999 -0.072 4.26
v 7.729999999999999 -0.104 4.26
f 5507 5508 5509
f 5507 5509 5510
v 7.6899999999999995 -0.104 7.01
v 7.729999999999999 -0.104 7.01
v 7.729999999999999 -0.072 7.01
v 7.6899999999999995 -0.072 7.01
f 5511 5512 5513
f 5511 5513 5514
usemtl c_36_40_46
v 8.0755 -0.104 4.26
v 8.0755 -0.104 7.01
v 8.0755 -0.072 7.01
v 8.0755 -0.072 4.26
f 5515 5516 5517
f 5515 5517 5518
v 8.115499999999999 -0.104 4.26
v 8.115499999999999 -0.072 4.26
v 8.115499999999999 -0.072 7.01
v 8.115499999999999 -0.104 7.01
f 5519 5520 5521
f 5519 5521 5522
v 8.0755 -0.104 4.26
v 8.115499999999999 -0.104 4.26
v 8.115499999999999 -0.104 7.01
v 8.0755 -0.104 7.01
f 5523 5524 5525
f 5523 5525 5526
v 8.0755 -0.072 4.26
v 8.0755 -0.072 7.01
v 8.115499999999999 -0.072 7.01
v 8.115499999999999 -0.072 4.26
f 5527 5528 5529
f 5527 5529 5530
v 8.0755 -0.104 4.26
v 8.0755 -0.072 4.26
v 8.115499999999999 -0.072 4.26
v 8.115499999999999 -0.104 4.26
f 5531 5532 5533
f 5531 5533 5534
v 8.0755 -0.104 7.01
v 8.115499999999999 -0.104 7.01
v 8.115499999999999 -0.072 7.01
v 8.0755 -0.072 7.01
f 5535 5536 5537
f 5535 5537 5538
usemtl c_36_40_46
v 8.461 -0.104 4.26
v 8.461 -0.104 7.01
v 8.461 -0.072 7.01
v 8.461 -0.072 4.26
f 5539 5540 5541
f 5539 5541 5542
v 8.501 -0.104 4.26
v 8.501 -0.072 4.26
v 8.501 -0.072 7.01
v 8.501 -0.104 7.01
f 5543 5544 5545
f 5543 5545 5546
v 8.461 -0.104 4.26
v 8.501 -0.104 4.26
v 8.501 -0.104 7.01
v 8.461 -0.104 7.01
f 5547 5548 5549
f 5547 5549 5550
v 8.461 -0.072 4.26
v 8.461 -0.072 7.01
v 8.501 -0.072 7.01
v 8.501 -0.072 4.26
f 5551 5552 5553
f 5551 5553 5554
v 8.461 -0.104 4.26
v 8.461 -0.072 4.26
v 8.501 -0.072 4.26
v 8.501 -0.104 4.26
f 5555 5556 5557
f 5555 5557 5558
v 8.461 -0.104 7.01
v 8.501 -0.104 7.01
v 8.501 -0.072 7.01
v 8.461 -0.072 7.01
f 5559 5560 5561
f 5559 5561 5562
usemtl c_36_40_46
v 8.8465 -0.104 4.26
v 8.8465 -0.104 7.01
v 8.8465 -0.072 7.01
v 8.8465 -0.072 4.26
f 5563 5564 5565
f 5563 5565 5566
v 8.8865 -0.104 4.26
v 8.8865 -0.072 4.26
v 8.8865 -0.072 7.01
v 8.8865 -0.104 7.01
f 5567 5568 5569
f 5567 5569 5570
v 8.8465 -0.104 4.26
v 8.8865 -0.104 4.26
v 8.8865 -0.104 7.01
v 8.8465 -0.104 7.01
f 5571 5572 5573
f 5571 5573 5574
v 8.8465 -0.072 4.26
v 8.8465 -0.072 7.01
v 8.8865 -0.072 7.01
v 8.8865 -0.072 4.26
f 5575 5576 5577
f 5575 5577 5578
v 8.8465 -0.104 4.26
v 8.8465 -0.072 4.26
v 8.8865 -0.072 4.26
v 8.8865 -0.104 4.26
f 5579 5580 5581
f 5579 5581 5582
v 8.8465 -0.104 7.01
v 8.8865 -0.104 7.01
v 8.8865 -0.072 7.01
v 8.8465 -0.072 7.01
f 5583 5584 5585
f 5583 5585 5586
usemtl c_36_40_46
v 9.232 -0.104 4.26
v 9.232 -0.104 7.01
v 9.232 -0.072 7.01
v 9.232 -0.072 4.26
f 5587 5588 5589
f 5587 5589 5590
v 9.271999999999998 -0.104 4.26
v 9.271999999999998 -0.072 4.26
v 9.271999999999998 -0.072 7.01
v 9.271999999999998 -0.104 7.01
f 5591 5592 5593
f 5591 5593 5594
v 9.232 -0.104 4.26
v 9.271999999999998 -0.104 4.26
v 9.271999999999998 -0.104 7.01
v 9.232 -0.104 7.01
f 5595 5596 5597
f 5595 5597 5598
v 9.232 -0.072 4.26
v 9.232 -0.072 7.01
v 9.271999999999998 -0.072 7.01
v 9.271999999999998 -0.072 4.26
f 5599 5600 5601
f 5599 5601 5602
v 9.232 -0.104 4.26
v 9.232 -0.072 4.26
v 9.271999999999998 -0.072 4.26
v 9.271999999999998 -0.104 4.26
f 5603 5604 5605
f 5603 5605 5606
v 9.232 -0.104 7.01
v 9.271999999999998 -0.104 7.01
v 9.271999999999998 -0.072 7.01
v 9.232 -0.072 7.01
f 5607 5608 5609
f 5607 5609 5610
usemtl c_36_40_46
v 9.6175 -0.104 4.26
v 9.6175 -0.104 7.01
v 9.6175 -0.072 7.01
v 9.6175 -0.072 4.26
f 5611 5612 5613
f 5611 5613 5614
v 9.657499999999999 -0.104 4.26
v 9.657499999999999 -0.072 4.26
v 9.657499999999999 -0.072 7.01
v 9.657499999999999 -0.104 7.01
f 5615 5616 5617
f 5615 5617 5618
v 9.6175 -0.104 4.26
v 9.657499999999999 -0.104 4.26
v 9.657499999999999 -0.104 7.01
v 9.6175 -0.104 7.01
f 5619 5620 5621
f 5619 5621 5622
v 9.6175 -0.072 4.26
v 9.6175 -0.072 7.01
v 9.657499999999999 -0.072 7.01
v 9.657499999999999 -0.072 4.26
f 5623 5624 5625
f 5623 5625 5626
v 9.6175 -0.104 4.26
v 9.6175 -0.072 4.26
v 9.657499999999999 -0.072 4.26
v 9.657499999999999 -0.104 4.26
f 5627 5628 5629
f 5627 5629 5630
v 9.6175 -0.104 7.01
v 9.657499999999999 -0.104 7.01
v 9.657499999999999 -0.072 7.01
v 9.6175 -0.072 7.01
f 5631 5632 5633
f 5631 5633 5634
usemtl c_36_40_46
v 10.003 -0.104 4.26
v 10.003 -0.104 7.01
v 10.003 -0.072 7.01
v 10.003 -0.072 4.26
f 5635 5636 5637
f 5635 5637 5638
v 10.043 -0.104 4.26
v 10.043 -0.072 4.26
v 10.043 -0.072 7.01
v 10.043 -0.104 7.01
f 5639 5640 5641
f 5639 5641 5642
v 10.003 -0.104 4.26
v 10.043 -0.104 4.26
v 10.043 -0.104 7.01
v 10.003 -0.104 7.01
f 5643 5644 5645
f 5643 5645 5646
v 10.003 -0.072 4.26
v 10.003 -0.072 7.01
v 10.043 -0.072 7.01
v 10.043 -0.072 4.26
f 5647 5648 5649
f 5647 5649 5650
v 10.003 -0.104 4.26
v 10.003 -0.072 4.26
v 10.043 -0.072 4.26
v 10.043 -0.104 4.26
f 5651 5652 5653
f 5651 5653 5654
v 10.003 -0.104 7.01
v 10.043 -0.104 7.01
v 10.043 -0.072 7.01
v 10.003 -0.072 7.01
f 5655 5656 5657
f 5655 5657 5658
usemtl c_36_40_46
v 10.3885 -0.104 4.26
v 10.3885 -0.104 7.01
v 10.3885 -0.072 7.01
v 10.3885 -0.072 4.26
f 5659 5660 5661
f 5659 5661 5662
v 10.4285 -0.104 4.26
v 10.4285 -0.072 4.26
v 10.4285 -0.072 7.01
v 10.4285 -0.104 7.01
f 5663 5664 5665
f 5663 5665 5666
v 10.3885 -0.104 4.26
v 10.4285 -0.104 4.26
v 10.4285 -0.104 7.01
v 10.3885 -0.104 7.01
f 5667 5668 5669
f 5667 5669 5670
v 10.3885 -0.072 4.26
v 10.3885 -0.072 7.01
v 10.4285 -0.072 7.01
v 10.4285 -0.072 4.26
f 5671 5672 5673
f 5671 5673 5674
v 10.3885 -0.104 4.26
v 10.3885 -0.072 4.26
v 10.4285 -0.072 4.26
v 10.4285 -0.104 4.26
f 5675 5676 5677
f 5675 5677 5678
v 10.3885 -0.104 7.01
v 10.4285 -0.104 7.01
v 10.4285 -0.072 7.01
v 10.3885 -0.072 7.01
f 5679 5680 5681
f 5679 5681 5682
usemtl c_36_40_46
v 10.774000000000001 -0.104 4.26
v 10.774000000000001 -0.104 7.01
v 10.774000000000001 -0.072 7.01
v 10.774000000000001 -0.072 4.26
f 5683 5684 5685
f 5683 5685 5686
v 10.814 -0.104 4.26
v 10.814 -0.072 4.26
v 10.814 -0.072 7.01
v 10.814 -0.104 7.01
f 5687 5688 5689
f 5687 5689 5690
v 10.774000000000001 -0.104 4.26
v 10.814 -0.104 4.26
v 10.814 -0.104 7.01
v 10.774000000000001 -0.104 7.01
f 5691 5692 5693
f 5691 5693 5694
v 10.774000000000001 -0.072 4.26
v 10.774000000000001 -0.072 7.01
v 10.814 -0.072 7.01
v 10.814 -0.072 4.26
f 5695 5696 5697
f 5695 5697 5698
v 10.774000000000001 -0.104 4.26
v 10.774000000000001 -0.072 4.26
v 10.814 -0.072 4.26
v 10.814 -0.104 4.26
f 5699 5700 5701
f 5699 5701 5702
v 10.774000000000001 -0.104 7.01
v 10.814 -0.104 7.01
v 10.814 -0.072 7.01
v 10.774000000000001 -0.072 7.01
f 5703 5704 5705
f 5703 5705 5706
usemtl c_36_40_46
v 11.159500000000001 -0.104 4.26
v 11.159500000000001 -0.104 7.01
v 11.159500000000001 -0.072 7.01
v 11.159500000000001 -0.072 4.26
f 5707 5708 5709
f 5707 5709 5710
v 11.1995 -0.104 4.26
v 11.1995 -0.072 4.26
v 11.1995 -0.072 7.01
v 11.1995 -0.104 7.01
f 5711 5712 5713
f 5711 5713 5714
v 11.159500000000001 -0.104 4.26
v 11.1995 -0.104 4.26
v 11.1995 -0.104 7.01
v 11.159500000000001 -0.104 7.01
f 5715 5716 5717
f 5715 5717 5718
v 11.159500000000001 -0.072 4.26
v 11.159500000000001 -0.072 7.01
v 11.1995 -0.072 7.01
v 11.1995 -0.072 4.26
f 5719 5720 5721
f 5719 5721 5722
v 11.159500000000001 -0.104 4.26
v 11.159500000000001 -0.072 4.26
v 11.1995 -0.072 4.26
v 11.1995 -0.104 4.26
f 5723 5724 5725
f 5723 5725 5726
v 11.159500000000001 -0.104 7.01
v 11.1995 -0.104 7.01
v 11.1995 -0.072 7.01
v 11.159500000000001 -0.072 7.01
f 5727 5728 5729
f 5727 5729 5730
usemtl c_36_40_46
v 11.545000000000002 -0.104 4.26
v 11.545000000000002 -0.104 7.01
v 11.545000000000002 -0.072 7.01
v 11.545000000000002 -0.072 4.26
f 5731 5732 5733
f 5731 5733 5734
v 11.585 -0.104 4.26
v 11.585 -0.072 4.26
v 11.585 -0.072 7.01
v 11.585 -0.104 7.01
f 5735 5736 5737
f 5735 5737 5738
v 11.545000000000002 -0.104 4.26
v 11.585 -0.104 4.26
v 11.585 -0.104 7.01
v 11.545000000000002 -0.104 7.01
f 5739 5740 5741
f 5739 5741 5742
v 11.545000000000002 -0.072 4.26
v 11.545000000000002 -0.072 7.01
v 11.585 -0.072 7.01
v 11.585 -0.072 4.26
f 5743 5744 5745
f 5743 5745 5746
v 11.545000000000002 -0.104 4.26
v 11.545000000000002 -0.072 4.26
v 11.585 -0.072 4.26
v 11.585 -0.104 4.26
f 5747 5748 5749
f 5747 5749 5750
v 11.545000000000002 -0.104 7.01
v 11.585 -0.104 7.01
v 11.585 -0.072 7.01
v 11.545000000000002 -0.072 7.01
f 5751 5752 5753
f 5751 5753 5754
usemtl c_36_40_46
v 11.9305 -0.104 4.26
v 11.9305 -0.104 7.01
v 11.9305 -0.072 7.01
v 11.9305 -0.072 4.26
f 5755 5756 5757
f 5755 5757 5758
v 11.9705 -0.104 4.26
v 11.9705 -0.072 4.26
v 11.9705 -0.072 7.01
v 11.9705 -0.104 7.01
f 5759 5760 5761
f 5759 5761 5762
v 11.9305 -0.104 4.26
v 11.9705 -0.104 4.26
v 11.9705 -0.104 7.01
v 11.9305 -0.104 7.01
f 5763 5764 5765
f 5763 5765 5766
v 11.9305 -0.072 4.26
v 11.9305 -0.072 7.01
v 11.9705 -0.072 7.01
v 11.9705 -0.072 4.26
f 5767 5768 5769
f 5767 5769 5770
v 11.9305 -0.104 4.26
v 11.9305 -0.072 4.26
v 11.9705 -0.072 4.26
v 11.9705 -0.104 4.26
f 5771 5772 5773
f 5771 5773 5774
v 11.9305 -0.104 7.01
v 11.9705 -0.104 7.01
v 11.9705 -0.072 7.01
v 11.9305 -0.072 7.01
f 5775 5776 5777
f 5775 5777 5778
usemtl c_36_40_46
v 12.316 -0.104 4.26
v 12.316 -0.104 7.01
v 12.316 -0.072 7.01
v 12.316 -0.072 4.26
f 5779 5780 5781
f 5779 5781 5782
v 12.356 -0.104 4.26
v 12.356 -0.072 4.26
v 12.356 -0.072 7.01
v 12.356 -0.104 7.01
f 5783 5784 5785
f 5783 5785 5786
v 12.316 -0.104 4.26
v 12.356 -0.104 4.26
v 12.356 -0.104 7.01
v 12.316 -0.104 7.01
f 5787 5788 5789
f 5787 5789 5790
v 12.316 -0.072 4.26
v 12.316 -0.072 7.01
v 12.356 -0.072 7.01
v 12.356 -0.072 4.26
f 5791 5792 5793
f 5791 5793 5794
v 12.316 -0.104 4.26
v 12.316 -0.072 4.26
v 12.356 -0.072 4.26
v 12.356 -0.104 4.26
f 5795 5796 5797
f 5795 5797 5798
v 12.316 -0.104 7.01
v 12.356 -0.104 7.01
v 12.356 -0.072 7.01
v 12.316 -0.072 7.01
f 5799 5800 5801
f 5799 5801 5802
usemtl c_36_40_46
v 12.701500000000001 -0.104 4.26
v 12.701500000000001 -0.104 7.01
v 12.701500000000001 -0.072 7.01
v 12.701500000000001 -0.072 4.26
f 5803 5804 5805
f 5803 5805 5806
v 12.7415 -0.104 4.26
v 12.7415 -0.072 4.26
v 12.7415 -0.072 7.01
v 12.7415 -0.104 7.01
f 5807 5808 5809
f 5807 5809 5810
v 12.701500000000001 -0.104 4.26
v 12.7415 -0.104 4.26
v 12.7415 -0.104 7.01
v 12.701500000000001 -0.104 7.01
f 5811 5812 5813
f 5811 5813 5814
v 12.701500000000001 -0.072 4.26
v 12.701500000000001 -0.072 7.01
v 12.7415 -0.072 7.01
v 12.7415 -0.072 4.26
f 5815 5816 5817
f 5815 5817 5818
v 12.701500000000001 -0.104 4.26
v 12.701500000000001 -0.072 4.26
v 12.7415 -0.072 4.26
v 12.7415 -0.104 4.26
f 5819 5820 5821
f 5819 5821 5822
v 12.701500000000001 -0.104 7.01
v 12.7415 -0.104 7.01
v 12.7415 -0.072 7.01
v 12.701500000000001 -0.072 7.01
f 5823 5824 5825
f 5823 5825 5826
usemtl c_36_40_46
v 13.087 -0.104 4.26
v 13.087 -0.104 7.01
v 13.087 -0.072 7.01
v 13.087 -0.072 4.26
f 5827 5828 5829
f 5827 5829 5830
v 13.126999999999999 -0.104 4.26
v 13.126999999999999 -0.072 4.26
v 13.126999999999999 -0.072 7.01
v 13.126999999999999 -0.104 7.01
f 5831 5832 5833
f 5831 5833 5834
v 13.087 -0.104 4.26
v 13.126999999999999 -0.104 4.26
v 13.126999999999999 -0.104 7.01
v 13.087 -0.104 7.01
f 5835 5836 5837
f 5835 5837 5838
v 13.087 -0.072 4.26
v 13.087 -0.072 7.01
v 13.126999999999999 -0.072 7.01
v 13.126999999999999 -0.072 4.26
f 5839 5840 5841
f 5839 5841 5842
v 13.087 -0.104 4.26
v 13.087 -0.072 4.26
v 13.126999999999999 -0.072 4.26
v 13.126999999999999 -0.104 4.26
f 5843 5844 5845
f 5843 5845 5846
v 13.087 -0.104 7.01
v 13.126999999999999 -0.104 7.01
v 13.126999999999999 -0.072 7.01
v 13.087 -0.072 7.01
f 5847 5848 5849
f 5847 5849 5850
usemtl c_36_40_46
v 13.472500000000002 -0.104 4.26
v 13.472500000000002 -0.104 7.01
v 13.472500000000002 -0.072 7.01
v 13.472500000000002 -0.072 4.26
f 5851 5852 5853
f 5851 5853 5854
v 13.512500000000001 -0.104 4.26
v 13.512500000000001 -0.072 4.26
v 13.512500000000001 -0.072 7.01
v 13.512500000000001 -0.104 7.01
f 5855 5856 5857
f 5855 5857 5858
v 13.472500000000002 -0.104 4.26
v 13.512500000000001 -0.104 4.26
v 13.512500000000001 -0.104 7.01
v 13.472500000000002 -0.104 7.01
f 5859 5860 5861
f 5859 5861 5862
v 13.472500000000002 -0.072 4.26
v 13.472500000000002 -0.072 7.01
v 13.512500000000001 -0.072 7.01
v 13.512500000000001 -0.072 4.26
f 5863 5864 5865
f 5863 5865 5866
v 13.472500000000002 -0.104 4.26
v 13.472500000000002 -0.072 4.26
v 13.512500000000001 -0.072 4.26
v 13.512500000000001 -0.104 4.26
f 5867 5868 5869
f 5867 5869 5870
v 13.472500000000002 -0.104 7.01
v 13.512500000000001 -0.104 7.01
v 13.512500000000001 -0.072 7.01
v 13.472500000000002 -0.072 7.01
f 5871 5872 5873
f 5871 5873 5874
usemtl c_36_40_46
v 13.858 -0.104 4.26
v 13.858 -0.104 7.01
v 13.858 -0.072 7.01
v 13.858 -0.072 4.26
f 5875 5876 5877
f 5875 5877 5878
v 13.898 -0.104 4.26
v 13.898 -0.072 4.26
v 13.898 -0.072 7.01
v 13.898 -0.104 7.01
f 5879 5880 5881
f 5879 5881 5882
v 13.858 -0.104 4.26
v 13.898 -0.104 4.26
v 13.898 -0.104 7.01
v 13.858 -0.104 7.01
f 5883 5884 5885
f 5883 5885 5886
v 13.858 -0.072 4.26
v 13.858 -0.072 7.01
v 13.898 -0.072 7.01
v 13.898 -0.072 4.26
f 5887 5888 5889
f 5887 5889 5890
v 13.858 -0.104 4.26
v 13.858 -0.072 4.26
v 13.898 -0.072 4.26
v 13.898 -0.104 4.26
f 5891 5892 5893
f 5891 5893 5894
v 13.858 -0.104 7.01
v 13.898 -0.104 7.01
v 13.898 -0.072 7.01
v 13.858 -0.072 7.01
f 5895 5896 5897
f 5895 5897 5898
usemtl c_36_40_46
v 14.2435 -0.104 4.26
v 14.2435 -0.104 7.01
v 14.2435 -0.072 7.01
v 14.2435 -0.072 4.26
f 5899 5900 5901
f 5899 5901 5902
v 14.283499999999998 -0.104 4.26
v 14.283499999999998 -0.072 4.26
v 14.283499999999998 -0.072 7.01
v 14.283499999999998 -0.104 7.01
f 5903 5904 5905
f 5903 5905 5906
v 14.2435 -0.104 4.26
v 14.283499999999998 -0.104 4.26
v 14.283499999999998 -0.104 7.01
v 14.2435 -0.104 7.01
f 5907 5908 5909
f 5907 5909 5910
v 14.2435 -0.072 4.26
v 14.2435 -0.072 7.01
v 14.283499999999998 -0.072 7.01
v 14.283499999999998 -0.072 4.26
f 5911 5912 5913
f 5911 5913 5914
v 14.2435 -0.104 4.26
v 14.2435 -0.072 4.26
v 14.283499999999998 -0.072 4.26
v 14.283499999999998 -0.104 4.26
f 5915 5916 5917
f 5915 5917 5918
v 14.2435 -0.104 7.01
v 14.283499999999998 -0.104 7.01
v 14.283499999999998 -0.072 7.01
v 14.2435 -0.072 7.01
f 5919 5920 5921
f 5919 5921 5922
usemtl c_36_40_46
v 14.629000000000001 -0.104 4.26
v 14.629000000000001 -0.104 7.01
v 14.629000000000001 -0.072 7.01
v 14.629000000000001 -0.072 4.26
f 5923 5924 5925
f 5923 5925 5926
v 14.669 -0.104 4.26
v 14.669 -0.072 4.26
v 14.669 -0.072 7.01
v 14.669 -0.104 7.01
f 5927 5928 5929
f 5927 5929 5930
v 14.629000000000001 -0.104 4.26
v 14.669 -0.104 4.26
v 14.669 -0.104 7.01
v 14.629000000000001 -0.104 7.01
f 5931 5932 5933
f 5931 5933 5934
v 14.629000000000001 -0.072 4.26
v 14.629000000000001 -0.072 7.01
v 14.669 -0.072 7.01
v 14.669 -0.072 4.26
f 5935 5936 5937
f 5935 5937 5938
v 14.629000000000001 -0.104 4.26
v 14.629000000000001 -0.072 4.26
v 14.669 -0.072 4.26
v 14.669 -0.104 4.26
f 5939 5940 5941
f 5939 5941 5942
v 14.629000000000001 -0.104 7.01
v 14.669 -0.104 7.01
v 14.669 -0.072 7.01
v 14.629000000000001 -0.072 7.01
f 5943 5944 5945
f 5943 5945 5946
usemtl c_36_40_46
v 15.0145 -0.104 4.26
v 15.0145 -0.104 7.01
v 15.0145 -0.072 7.01
v 15.0145 -0.072 4.26
f 5947 5948 5949
f 5947 5949 5950
v 15.054499999999999 -0.104 4.26
v 15.054499999999999 -0.072 4.26
v 15.054499999999999 -0.072 7.01
v 15.054499999999999 -0.104 7.01
f 5951 5952 5953
f 5951 5953 5954
v 15.0145 -0.104 4.26
v 15.054499999999999 -0.104 4.26
v 15.054499999999999 -0.104 7.01
v 15.0145 -0.104 7.01
f 5955 5956 5957
f 5955 5957 5958
v 15.0145 -0.072 4.26
v 15.0145 -0.072 7.01
v 15.054499999999999 -0.072 7.01
v 15.054499999999999 -0.072 4.26
f 5959 5960 5961
f 5959 5961 5962
v 15.0145 -0.104 4.26
v 15.0145 -0.072 4.26
v 15.054499999999999 -0.072 4.26
v 15.054499999999999 -0.104 4.26
f 5963 5964 5965
f 5963 5965 5966
v 15.0145 -0.104 7.01
v 15.054499999999999 -0.104 7.01
v 15.054499999999999 -0.072 7.01
v 15.0145 -0.072 7.01
f 5967 5968 5969
f 5967 5969 5970
usemtl c_36_40_46
v 0.3655 12.452 5.979999999999999
v 0.3655 12.452 7.01
v 0.3655 12.484 7.01
v 0.3655 12.484 5.979999999999999
f 5971 5972 5973
f 5971 5973 5974
v 0.4055 12.452 5.979999999999999
v 0.4055 12.484 5.979999999999999
v 0.4055 12.484 7.01
v 0.4055 12.452 7.01
f 5975 5976 5977
f 5975 5977 5978
v 0.3655 12.452 5.979999999999999
v 0.4055 12.452 5.979999999999999
v 0.4055 12.452 7.01
v 0.3655 12.452 7.01
f 5979 5980 5981
f 5979 5981 5982
v 0.3655 12.484 5.979999999999999
v 0.3655 12.484 7.01
v 0.4055 12.484 7.01
v 0.4055 12.484 5.979999999999999
f 5983 5984 5985
f 5983 5985 5986
v 0.3655 12.452 5.979999999999999
v 0.3655 12.484 5.979999999999999
v 0.4055 12.484 5.979999999999999
v 0.4055 12.452 5.979999999999999
f 5987 5988 5989
f 5987 5989 5990
v 0.3655 12.452 7.01
v 0.4055 12.452 7.01
v 0.4055 12.484 7.01
v 0.3655 12.484 7.01
f 5991 5992 5993
f 5991 5993 5994
usemtl c_36_40_46
v 0.751 12.452 5.979999999999999
v 0.751 12.452 7.01
v 0.751 12.484 7.01
v 0.751 12.484 5.979999999999999
f 5995 5996 5997
f 5995 5997 5998
v 0.791 12.452 5.979999999999999
v 0.791 12.484 5.979999999999999
v 0.791 12.484 7.01
v 0.791 12.452 7.01
f 5999 6000 6001
f 5999 6001 6002
v 0.751 12.452 5.979999999999999
v 0.791 12.452 5.979999999999999
v 0.791 12.452 7.01
v 0.751 12.452 7.01
f 6003 6004 6005
f 6003 6005 6006
v 0.751 12.484 5.979999999999999
v 0.751 12.484 7.01
v 0.791 12.484 7.01
v 0.791 12.484 5.979999999999999
f 6007 6008 6009
f 6007 6009 6010
v 0.751 12.452 5.979999999999999
v 0.751 12.484 5.979999999999999
v 0.791 12.484 5.979999999999999
v 0.791 12.452 5.979999999999999
f 6011 6012 6013
f 6011 6013 6014
v 0.751 12.452 7.01
v 0.791 12.452 7.01
v 0.791 12.484 7.01
v 0.751 12.484 7.01
f 6015 6016 6017
f 6015 6017 6018
usemtl c_36_40_46
v 1.1364999999999998 12.452 5.979999999999999
v 1.1364999999999998 12.452 7.01
v 1.1364999999999998 12.484 7.01
v 1.1364999999999998 12.484 5.979999999999999
f 6019 6020 6021
f 6019 6021 6022
v 1.1764999999999999 12.452 5.979999999999999
v 1.1764999999999999 12.484 5.979999999999999
v 1.1764999999999999 12.484 7.01
v 1.1764999999999999 12.452 7.01
f 6023 6024 6025
f 6023 6025 6026
v 1.1364999999999998 12.452 5.979999999999999
v 1.1764999999999999 12.452 5.979999999999999
v 1.1764999999999999 12.452 7.01
v 1.1364999999999998 12.452 7.01
f 6027 6028 6029
f 6027 6029 6030
v 1.1364999999999998 12.484 5.979999999999999
v 1.1364999999999998 12.484 7.01
v 1.1764999999999999 12.484 7.01
v 1.1764999999999999 12.484 5.979999999999999
f 6031 6032 6033
f 6031 6033 6034
v 1.1364999999999998 12.452 5.979999999999999
v 1.1364999999999998 12.484 5.979999999999999
v 1.1764999999999999 12.484 5.979999999999999
v 1.1764999999999999 12.452 5.979999999999999
f 6035 6036 6037
f 6035 6037 6038
v 1.1364999999999998 12.452 7.01
v 1.1764999999999999 12.452 7.01
v 1.1764999999999999 12.484 7.01
v 1.1364999999999998 12.484 7.01
f 6039 6040 6041
f 6039 6041 6042
usemtl c_36_40_46
v 1.522 12.452 5.979999999999999
v 1.522 12.452 7.01
v 1.522 12.484 7.01
v 1.522 12.484 5.979999999999999
f 6043 6044 6045
f 6043 6045 6046
v 1.562 12.452 5.979999999999999
v 1.562 12.484 5.979999999999999
v 1.562 12.484 7.01
v 1.562 12.452 7.01
f 6047 6048 6049
f 6047 6049 6050
v 1.522 12.452 5.979999999999999
v 1.562 12.452 5.979999999999999
v 1.562 12.452 7.01
v 1.522 12.452 7.01
f 6051 6052 6053
f 6051 6053 6054
v 1.522 12.484 5.979999999999999
v 1.522 12.484 7.01
v 1.562 12.484 7.01
v 1.562 12.484 5.979999999999999
f 6055 6056 6057
f 6055 6057 6058
v 1.522 12.452 5.979999999999999
v 1.522 12.484 5.979999999999999
v 1.562 12.484 5.979999999999999
v 1.562 12.452 5.979999999999999
f 6059 6060 6061
f 6059 6061 6062
v 1.522 12.452 7.01
v 1.562 12.452 7.01
v 1.562 12.484 7.01
v 1.522 12.484 7.01
f 6063 6064 6065
f 6063 6065 6066
usemtl c_36_40_46
v 1.9074999999999998 12.452 5.979999999999999
v 1.9074999999999998 12.452 7.01
v 1.9074999999999998 12.484 7.01
v 1.9074999999999998 12.484 5.979999999999999
f 6067 6068 6069
f 6067 6069 6070
v 1.9474999999999998 12.452 5.979999999999999
v 1.9474999999999998 12.484 5.979999999999999
v 1.9474999999999998 12.484 7.01
v 1.9474999999999998 12.452 7.01
f 6071 6072 6073
f 6071 6073 6074
v 1.9074999999999998 12.452 5.979999999999999
v 1.9474999999999998 12.452 5.979999999999999
v 1.9474999999999998 12.452 7.01
v 1.9074999999999998 12.452 7.01
f 6075 6076 6077
f 6075 6077 6078
v 1.9074999999999998 12.484 5.979999999999999
v 1.9074999999999998 12.484 7.01
v 1.9474999999999998 12.484 7.01
v 1.9474999999999998 12.484 5.979999999999999
f 6079 6080 6081
f 6079 6081 6082
v 1.9074999999999998 12.452 5.979999999999999
v 1.9074999999999998 12.484 5.979999999999999
v 1.9474999999999998 12.484 5.979999999999999
v 1.9474999999999998 12.452 5.979999999999999
f 6083 6084 6085
f 6083 6085 6086
v 1.9074999999999998 12.452 7.01
v 1.9474999999999998 12.452 7.01
v 1.9474999999999998 12.484 7.01
v 1.9074999999999998 12.484 7.01
f 6087 6088 6089
f 6087 6089 6090
usemtl c_36_40_46
v 2.2929999999999997 12.452 5.979999999999999
v 2.2929999999999997 12.452 7.01
v 2.2929999999999997 12.484 7.01
v 2.2929999999999997 12.484 5.979999999999999
f 6091 6092 6093
f 6091 6093 6094
v 2.3329999999999997 12.452 5.979999999999999
v 2.3329999999999997 12.484 5.979999999999999
v 2.3329999999999997 12.484 7.01
v 2.3329999999999997 12.452 7.01
f 6095 6096 6097
f 6095 6097 6098
v 2.2929999999999997 12.452 5.979999999999999
v 2.3329999999999997 12.452 5.979999999999999
v 2.3329999999999997 12.452 7.01
v 2.2929999999999997 12.452 7.01
f 6099 6100 6101
f 6099 6101 6102
v 2.2929999999999997 12.484 5.979999999999999
v 2.2929999999999997 12.484 7.01
v 2.3329999999999997 12.484 7.01
v 2.3329999999999997 12.484 5.979999999999999
f 6103 6104 6105
f 6103 6105 6106
v 2.2929999999999997 12.452 5.979999999999999
v 2.2929999999999997 12.484 5.979999999999999
v 2.3329999999999997 12.484 5.979999999999999
v 2.3329999999999997 12.452 5.979999999999999
f 6107 6108 6109
f 6107 6109 6110
v 2.2929999999999997 12.452 7.01
v 2.3329999999999997 12.452 7.01
v 2.3329999999999997 12.484 7.01
v 2.2929999999999997 12.484 7.01
f 6111 6112 6113
f 6111 6113 6114
usemtl c_36_40_46
v 2.6785 12.452 5.979999999999999
v 2.6785 12.452 7.01
v 2.6785 12.484 7.01
v 2.6785 12.484 5.979999999999999
f 6115 6116 6117
f 6115 6117 6118
v 2.7185 12.452 5.979999999999999
v 2.7185 12.484 5.979999999999999
v 2.7185 12.484 7.01
v 2.7185 12.452 7.01
f 6119 6120 6121
f 6119 6121 6122
v 2.6785 12.452 5.979999999999999
v 2.7185 12.452 5.979999999999999
v 2.7185 12.452 7.01
v 2.6785 12.452 7.01
f 6123 6124 6125
f 6123 6125 6126
v 2.6785 12.484 5.979999999999999
v 2.6785 12.484 7.01
v 2.7185 12.484 7.01
v 2.7185 12.484 5.979999999999999
f 6127 6128 6129
f 6127 6129 6130
v 2.6785 12.452 5.979999999999999
v 2.6785 12.484 5.979999999999999
v 2.7185 12.484 5.979999999999999
v 2.7185 12.452 5.979999999999999
f 6131 6132 6133
f 6131 6133 6134
v 2.6785 12.452 7.01
v 2.7185 12.452 7.01
v 2.7185 12.484 7.01
v 2.6785 12.484 7.01
f 6135 6136 6137
f 6135 6137 6138
usemtl c_36_40_46
v 3.064 12.452 5.979999999999999
v 3.064 12.452 7.01
v 3.064 12.484 7.01
v 3.064 12.484 5.979999999999999
f 6139 6140 6141
f 6139 6141 6142
v 3.104 12.452 5.979999999999999
v 3.104 12.484 5.979999999999999
v 3.104 12.484 7.01
v 3.104 12.452 7.01
f 6143 6144 6145
f 6143 6145 6146
v 3.064 12.452 5.979999999999999
v 3.104 12.452 5.979999999999999
v 3.104 12.452 7.01
v 3.064 12.452 7.01
f 6147 6148 6149
f 6147 6149 6150
v 3.064 12.484 5.979999999999999
v 3.064 12.484 7.01
v 3.104 12.484 7.01
v 3.104 12.484 5.979999999999999
f 6151 6152 6153
f 6151 6153 6154
v 3.064 12.452 5.979999999999999
v 3.064 12.484 5.979999999999999
v 3.104 12.484 5.979999999999999
v 3.104 12.452 5.979999999999999
f 6155 6156 6157
f 6155 6157 6158
v 3.064 12.452 7.01
v 3.104 12.452 7.01
v 3.104 12.484 7.01
v 3.064 12.484 7.01
f 6159 6160 6161
f 6159 6161 6162
usemtl c_36_40_46
v 3.4495 12.452 5.979999999999999
v 3.4495 12.452 7.01
v 3.4495 12.484 7.01
v 3.4495 12.484 5.979999999999999
f 6163 6164 6165
f 6163 6165 6166
v 3.4895 12.452 5.979999999999999
v 3.4895 12.484 5.979999999999999
v 3.4895 12.484 7.01
v 3.4895 12.452 7.01
f 6167 6168 6169
f 6167 6169 6170
v 3.4495 12.452 5.979999999999999
v 3.4895 12.452 5.979999999999999
v 3.4895 12.452 7.01
v 3.4495 12.452 7.01
f 6171 6172 6173
f 6171 6173 6174
v 3.4495 12.484 5.979999999999999
v 3.4495 12.484 7.01
v 3.4895 12.484 7.01
v 3.4895 12.484 5.979999999999999
f 6175 6176 6177
f 6175 6177 6178
v 3.4495 12.452 5.979999999999999
v 3.4495 12.484 5.979999999999999
v 3.4895 12.484 5.979999999999999
v 3.4895 12.452 5.979999999999999
f 6179 6180 6181
f 6179 6181 6182
v 3.4495 12.452 7.01
v 3.4895 12.452 7.01
v 3.4895 12.484 7.01
v 3.4495 12.484 7.01
f 6183 6184 6185
f 6183 6185 6186
usemtl c_36_40_46
v 3.8349999999999995 12.452 5.979999999999999
v 3.8349999999999995 12.452 7.01
v 3.8349999999999995 12.484 7.01
v 3.8349999999999995 12.484 5.979999999999999
f 6187 6188 6189
f 6187 6189 6190
v 3.8749999999999996 12.452 5.979999999999999
v 3.8749999999999996 12.484 5.979999999999999
v 3.8749999999999996 12.484 7.01
v 3.8749999999999996 12.452 7.01
f 6191 6192 6193
f 6191 6193 6194
v 3.8349999999999995 12.452 5.979999999999999
v 3.8749999999999996 12.452 5.979999999999999
v 3.8749999999999996 12.452 7.01
v 3.8349999999999995 12.452 7.01
f 6195 6196 6197
f 6195 6197 6198
v 3.8349999999999995 12.484 5.979999999999999
v 3.8349999999999995 12.484 7.01
v 3.8749999999999996 12.484 7.01
v 3.8749999999999996 12.484 5.979999999999999
f 6199 6200 6201
f 6199 6201 6202
v 3.8349999999999995 12.452 5.979999999999999
v 3.8349999999999995 12.484 5.979999999999999
v 3.8749999999999996 12.484 5.979999999999999
v 3.8749999999999996 12.452 5.979999999999999
f 6203 6204 6205
f 6203 6205 6206
v 3.8349999999999995 12.452 7.01
v 3.8749999999999996 12.452 7.01
v 3.8749999999999996 12.484 7.01
v 3.8349999999999995 12.484 7.01
f 6207 6208 6209
f 6207 6209 6210
usemtl c_36_40_46
v 4.2205 12.452 5.979999999999999
v 4.2205 12.452 7.01
v 4.2205 12.484 7.01
v 4.2205 12.484 5.979999999999999
f 6211 6212 6213
f 6211 6213 6214
v 4.2604999999999995 12.452 5.979999999999999
v 4.2604999999999995 12.484 5.979999999999999
v 4.2604999999999995 12.484 7.01
v 4.2604999999999995 12.452 7.01
f 6215 6216 6217
f 6215 6217 6218
v 4.2205 12.452 5.979999999999999
v 4.2604999999999995 12.452 5.979999999999999
v 4.2604999999999995 12.452 7.01
v 4.2205 12.452 7.01
f 6219 6220 6221
f 6219 6221 6222
v 4.2205 12.484 5.979999999999999
v 4.2205 12.484 7.01
v 4.2604999999999995 12.484 7.01
v 4.2604999999999995 12.484 5.979999999999999
f 6223 6224 6225
f 6223 6225 6226
v 4.2205 12.452 5.979999999999999
v 4.2205 12.484 5.979999999999999
v 4.2604999999999995 12.484 5.979999999999999
v 4.2604999999999995 12.452 5.979999999999999
f 6227 6228 6229
f 6227 6229 6230
v 4.2205 12.452 7.01
v 4.2604999999999995 12.452 7.01
v 4.2604999999999995 12.484 7.01
v 4.2205 12.484 7.01
f 6231 6232 6233
f 6231 6233 6234
usemtl c_36_40_46
v 4.606 12.452 5.979999999999999
v 4.606 12.452 7.01
v 4.606 12.484 7.01
v 4.606 12.484 5.979999999999999
f 6235 6236 6237
f 6235 6237 6238
v 4.645999999999999 12.452 5.979999999999999
v 4.645999999999999 12.484 5.979999999999999
v 4.645999999999999 12.484 7.01
v 4.645999999999999 12.452 7.01
f 6239 6240 6241
f 6239 6241 6242
v 4.606 12.452 5.979999999999999
v 4.645999999999999 12.452 5.979999999999999
v 4.645999999999999 12.452 7.01
v 4.606 12.452 7.01
f 6243 6244 6245
f 6243 6245 6246
v 4.606 12.484 5.979999999999999
v 4.606 12.484 7.01
v 4.645999999999999 12.484 7.01
v 4.645999999999999 12.484 5.979999999999999
f 6247 6248 6249
f 6247 6249 6250
v 4.606 12.452 5.979999999999999
v 4.606 12.484 5.979999999999999
v 4.645999999999999 12.484 5.979999999999999
v 4.645999999999999 12.452 5.979999999999999
f 6251 6252 6253
f 6251 6253 6254
v 4.606 12.452 7.01
v 4.645999999999999 12.452 7.01
v 4.645999999999999 12.484 7.01
v 4.606 12.484 7.01
f 6255 6256 6257
f 6255 6257 6258
usemtl c_36_40_46
v 4.9915 12.452 5.979999999999999
v 4.9915 12.452 7.01
v 4.9915 12.484 7.01
v 4.9915 12.484 5.979999999999999
f 6259 6260 6261
f 6259 6261 6262
v 5.031499999999999 12.452 5.979999999999999
v 5.031499999999999 12.484 5.979999999999999
v 5.031499999999999 12.484 7.01
v 5.031499999999999 12.452 7.01
f 6263 6264 6265
f 6263 6265 6266
v 4.9915 12.452 5.979999999999999
v 5.031499999999999 12.452 5.979999999999999
v 5.031499999999999 12.452 7.01
v 4.9915 12.452 7.01
f 6267 6268 6269
f 6267 6269 6270
v 4.9915 12.484 5.979999999999999
v 4.9915 12.484 7.01
v 5.031499999999999 12.484 7.01
v 5.031499999999999 12.484 5.979999999999999
f 6271 6272 6273
f 6271 6273 6274
v 4.9915 12.452 5.979999999999999
v 4.9915 12.484 5.979999999999999
v 5.031499999999999 12.484 5.979999999999999
v 5.031499999999999 12.452 5.979999999999999
f 6275 6276 6277
f 6275 6277 6278
v 4.9915 12.452 7.01
v 5.031499999999999 12.452 7.01
v 5.031499999999999 12.484 7.01
v 4.9915 12.484 7.01
f 6279 6280 6281
f 6279 6281 6282
usemtl c_36_40_46
v 5.377000000000001 12.452 5.979999999999999
v 5.377000000000001 12.452 7.01
v 5.377000000000001 12.484 7.01
v 5.377000000000001 12.484 5.979999999999999
f 6283 6284 6285
f 6283 6285 6286
v 5.417 12.452 5.979999999999999
v 5.417 12.484 5.979999999999999
v 5.417 12.484 7.01
v 5.417 12.452 7.01
f 6287 6288 6289
f 6287 6289 6290
v 5.377000000000001 12.452 5.979999999999999
v 5.417 12.452 5.979999999999999
v 5.417 12.452 7.01
v 5.377000000000001 12.452 7.01
f 6291 6292 6293
f 6291 6293 6294
v 5.377000000000001 12.484 5.979999999999999
v 5.377000000000001 12.484 7.01
v 5.417 12.484 7.01
v 5.417 12.484 5.979999999999999
f 6295 6296 6297
f 6295 6297 6298
v 5.377000000000001 12.452 5.979999999999999
v 5.377000000000001 12.484 5.979999999999999
v 5.417 12.484 5.979999999999999
v 5.417 12.452 5.979999999999999
f 6299 6300 6301
f 6299 6301 6302
v 5.377000000000001 12.452 7.01
v 5.417 12.452 7.01
v 5.417 12.484 7.01
v 5.377000000000001 12.484 7.01
f 6303 6304 6305
f 6303 6305 6306
usemtl c_36_40_46
v 5.762500000000001 12.452 5.979999999999999
v 5.762500000000001 12.452 7.01
v 5.762500000000001 12.484 7.01
v 5.762500000000001 12.484 5.979999999999999
f 6307 6308 6309
f 6307 6309 6310
v 5.8025 12.452 5.979999999999999
v 5.8025 12.484 5.979999999999999
v 5.8025 12.484 7.01
v 5.8025 12.452 7.01
f 6311 6312 6313
f 6311 6313 6314
v 5.762500000000001 12.452 5.979999999999999
v 5.8025 12.452 5.979999999999999
v 5.8025 12.452 7.01
v 5.762500000000001 12.452 7.01
f 6315 6316 6317
f 6315 6317 6318
v 5.762500000000001 12.484 5.979999999999999
v 5.762500000000001 12.484 7.01
v 5.8025 12.484 7.01
v 5.8025 12.484 5.979999999999999
f 6319 6320 6321
f 6319 6321 6322
v 5.762500000000001 12.452 5.979999999999999
v 5.762500000000001 12.484 5.979999999999999
v 5.8025 12.484 5.979999999999999
v 5.8025 12.452 5.979999999999999
f 6323 6324 6325
f 6323 6325 6326
v 5.762500000000001 12.452 7.01
v 5.8025 12.452 7.01
v 5.8025 12.484 7.01
v 5.762500000000001 12.484 7.01
f 6327 6328 6329
f 6327 6329 6330
usemtl c_36_40_46
v 6.148000000000001 12.452 5.979999999999999
v 6.148000000000001 12.452 7.01
v 6.148000000000001 12.484 7.01
v 6.148000000000001 12.484 5.979999999999999
f 6331 6332 6333
f 6331 6333 6334
v 6.188 12.452 5.979999999999999
v 6.188 12.484 5.979999999999999
v 6.188 12.484 7.01
v 6.188 12.452 7.01
f 6335 6336 6337
f 6335 6337 6338
v 6.148000000000001 12.452 5.979999999999999
v 6.188 12.452 5.979999999999999
v 6.188 12.452 7.01
v 6.148000000000001 12.452 7.01
f 6339 6340 6341
f 6339 6341 6342
v 6.148000000000001 12.484 5.979999999999999
v 6.148000000000001 12.484 7.01
v 6.188 12.484 7.01
v 6.188 12.484 5.979999999999999
f 6343 6344 6345
f 6343 6345 6346
v 6.148000000000001 12.452 5.979999999999999
v 6.148000000000001 12.484 5.979999999999999
v 6.188 12.484 5.979999999999999
v 6.188 12.452 5.979999999999999
f 6347 6348 6349
f 6347 6349 6350
v 6.148000000000001 12.452 7.01
v 6.188 12.452 7.01
v 6.188 12.484 7.01
v 6.148000000000001 12.484 7.01
f 6351 6352 6353
f 6351 6353 6354
usemtl c_36_40_46
v 6.5335 12.452 5.979999999999999
v 6.5335 12.452 7.01
v 6.5335 12.484 7.01
v 6.5335 12.484 5.979999999999999
f 6355 6356 6357
f 6355 6357 6358
v 6.573499999999999 12.452 5.979999999999999
v 6.573499999999999 12.484 5.979999999999999
v 6.573499999999999 12.484 7.01
v 6.573499999999999 12.452 7.01
f 6359 6360 6361
f 6359 6361 6362
v 6.5335 12.452 5.979999999999999
v 6.573499999999999 12.452 5.979999999999999
v 6.573499999999999 12.452 7.01
v 6.5335 12.452 7.01
f 6363 6364 6365
f 6363 6365 6366
v 6.5335 12.484 5.979999999999999
v 6.5335 12.484 7.01
v 6.573499999999999 12.484 7.01
v 6.573499999999999 12.484 5.979999999999999
f 6367 6368 6369
f 6367 6369 6370
v 6.5335 12.452 5.979999999999999
v 6.5335 12.484 5.979999999999999
v 6.573499999999999 12.484 5.979999999999999
v 6.573499999999999 12.452 5.979999999999999
f 6371 6372 6373
f 6371 6373 6374
v 6.5335 12.452 7.01
v 6.573499999999999 12.452 7.01
v 6.573499999999999 12.484 7.01
v 6.5335 12.484 7.01
f 6375 6376 6377
f 6375 6377 6378
usemtl c_36_40_46
v 6.9190000000000005 12.452 5.979999999999999
v 6.9190000000000005 12.452 7.01
v 6.9190000000000005 12.484 7.01
v 6.9190000000000005 12.484 5.979999999999999
f 6379 6380 6381
f 6379 6381 6382
v 6.959 12.452 5.979999999999999
v 6.959 12.484 5.979999999999999
v 6.959 12.484 7.01
v 6.959 12.452 7.01
f 6383 6384 6385
f 6383 6385 6386
v 6.9190000000000005 12.452 5.979999999999999
v 6.959 12.452 5.979999999999999
v 6.959 12.452 7.01
v 6.9190000000000005 12.452 7.01
f 6387 6388 6389
f 6387 6389 6390
v 6.9190000000000005 12.484 5.979999999999999
v 6.9190000000000005 12.484 7.01
v 6.959 12.484 7.01
v 6.959 12.484 5.979999999999999
f 6391 6392 6393
f 6391 6393 6394
v 6.9190000000000005 12.452 5.979999999999999
v 6.9190000000000005 12.484 5.979999999999999
v 6.959 12.484 5.979999999999999
v 6.959 12.452 5.979999999999999
f 6395 6396 6397
f 6395 6397 6398
v 6.9190000000000005 12.452 7.01
v 6.959 12.452 7.01
v 6.959 12.484 7.01
v 6.9190000000000005 12.484 7.01
f 6399 6400 6401
f 6399 6401 6402
usemtl c_36_40_46
v 7.304500000000001 12.452 5.979999999999999
v 7.304500000000001 12.452 7.01
v 7.304500000000001 12.484 7.01
v 7.304500000000001 12.484 5.979999999999999
f 6403 6404 6405
f 6403 6405 6406
v 7.3445 12.452 5.979999999999999
v 7.3445 12.484 5.979999999999999
v 7.3445 12.484 7.01
v 7.3445 12.452 7.01
f 6407 6408 6409
f 6407 6409 6410
v 7.304500000000001 12.452 5.979999999999999
v 7.3445 12.452 5.979999999999999
v 7.3445 12.452 7.01
v 7.304500000000001 12.452 7.01
f 6411 6412 6413
f 6411 6413 6414
v 7.304500000000001 12.484 5.979999999999999
v 7.304500000000001 12.484 7.01
v 7.3445 12.484 7.01
v 7.3445 12.484 5.979999999999999
f 6415 6416 6417
f 6415 6417 6418
v 7.304500000000001 12.452 5.979999999999999
v 7.304500000000001 12.484 5.979999999999999
v 7.3445 12.484 5.979999999999999
v 7.3445 12.452 5.979999999999999
f 6419 6420 6421
f 6419 6421 6422
v 7.304500000000001 12.452 7.01
v 7.3445 12.452 7.01
v 7.3445 12.484 7.01
v 7.304500000000001 12.484 7.01
f 6423 6424 6425
f 6423 6425 6426
usemtl c_36_40_46
v 7.6899999999999995 12.452 5.979999999999999
v 7.6899999999999995 12.452 7.01
v 7.6899999999999995 12.484 7.01
v 7.6899999999999995 12.484 5.979999999999999
f 6427 6428 6429
f 6427 6429 6430
v 7.729999999999999 12.452 5.979999999999999
v 7.729999999999999 12.484 5.979999999999999
v 7.729999999999999 12.484 7.01
v 7.729999999999999 12.452 7.01
f 6431 6432 6433
f 6431 6433 6434
v 7.6899999999999995 12.452 5.979999999999999
v 7.729999999999999 12.452 5.979999999999999
v 7.729999999999999 12.452 7.01
v 7.6899999999999995 12.452 7.01
f 6435 6436 6437
f 6435 6437 6438
v 7.6899999999999995 12.484 5.979999999999999
v 7.6899999999999995 12.484 7.01
v 7.729999999999999 12.484 7.01
v 7.729999999999999 12.484 5.979999999999999
f 6439 6440 6441
f 6439 6441 6442
v 7.6899999999999995 12.452 5.979999999999999
v 7.6899999999999995 12.484 5.979999999999999
v 7.729999999999999 12.484 5.979999999999999
v 7.729999999999999 12.452 5.979999999999999
f 6443 6444 6445
f 6443 6445 6446
v 7.6899999999999995 12.452 7.01
v 7.729999999999999 12.452 7.01
v 7.729999999999999 12.484 7.01
v 7.6899999999999995 12.484 7.01
f 6447 6448 6449
f 6447 6449 6450
usemtl c_36_40_46
v 8.0755 12.452 5.979999999999999
v 8.0755 12.452 7.01
v 8.0755 12.484 7.01
v 8.0755 12.484 5.979999999999999
f 6451 6452 6453
f 6451 6453 6454
v 8.115499999999999 12.452 5.979999999999999
v 8.115499999999999 12.484 5.979999999999999
v 8.115499999999999 12.484 7.01
v 8.115499999999999 12.452 7.01
f 6455 6456 6457
f 6455 6457 6458
v 8.0755 12.452 5.979999999999999
v 8.115499999999999 12.452 5.979999999999999
v 8.115499999999999 12.452 7.01
v 8.0755 12.452 7.01
f 6459 6460 6461
f 6459 6461 6462
v 8.0755 12.484 5.979999999999999
v 8.0755 12.484 7.01
v 8.115499999999999 12.484 7.01
v 8.115499999999999 12.484 5.979999999999999
f 6463 6464 6465
f 6463 6465 6466
v 8.0755 12.452 5.979999999999999
v 8.0755 12.484 5.979999999999999
v 8.115499999999999 12.484 5.979999999999999
v 8.115499999999999 12.452 5.979999999999999
f 6467 6468 6469
f 6467 6469 6470
v 8.0755 12.452 7.01
v 8.115499999999999 12.452 7.01
v 8.115499999999999 12.484 7.01
v 8.0755 12.484 7.01
f 6471 6472 6473
f 6471 6473 6474
usemtl c_36_40_46
v 8.461 12.452 5.979999999999999
v 8.461 12.452 7.01
v 8.461 12.484 7.01
v 8.461 12.484 5.979999999999999
f 6475 6476 6477
f 6475 6477 6478
v 8.501 12.452 5.979999999999999
v 8.501 12.484 5.979999999999999
v 8.501 12.484 7.01
v 8.501 12.452 7.01
f 6479 6480 6481
f 6479 6481 6482
v 8.461 12.452 5.979999999999999
v 8.501 12.452 5.979999999999999
v 8.501 12.452 7.01
v 8.461 12.452 7.01
f 6483 6484 6485
f 6483 6485 6486
v 8.461 12.484 5.979999999999999
v 8.461 12.484 7.01
v 8.501 12.484 7.01
v 8.501 12.484 5.979999999999999
f 6487 6488 6489
f 6487 6489 6490
v 8.461 12.452 5.979999999999999
v 8.461 12.484 5.979999999999999
v 8.501 12.484 5.979999999999999
v 8.501 12.452 5.979999999999999
f 6491 6492 6493
f 6491 6493 6494
v 8.461 12.452 7.01
v 8.501 12.452 7.01
v 8.501 12.484 7.01
v 8.461 12.484 7.01
f 6495 6496 6497
f 6495 6497 6498
usemtl c_36_40_46
v 8.8465 12.452 5.979999999999999
v 8.8465 12.452 7.01
v 8.8465 12.484 7.01
v 8.8465 12.484 5.979999999999999
f 6499 6500 6501
f 6499 6501 6502
v 8.8865 12.452 5.979999999999999
v 8.8865 12.484 5.979999999999999
v 8.8865 12.484 7.01
v 8.8865 12.452 7.01
f 6503 6504 6505
f 6503 6505 6506
v 8.8465 12.452 5.979999999999999
v 8.8865 12.452 5.979999999999999
v 8.8865 12.452 7.01
v 8.8465 12.452 7.01
f 6507 6508 6509
f 6507 6509 6510
v 8.8465 12.484 5.979999999999999
v 8.8465 12.484 7.01
v 8.8865 12.484 7.01
v 8.8865 12.484 5.979999999999999
f 6511 6512 6513
f 6511 6513 6514
v 8.8465 12.452 5.979999999999999
v 8.8465 12.484 5.979999999999999
v 8.8865 12.484 5.979999999999999
v 8.8865 12.452 5.979999999999999
f 6515 6516 6517
f 6515 6517 6518
v 8.8465 12.452 7.01
v 8.8865 12.452 7.01
v 8.8865 12.484 7.01
v 8.8465 12.484 7.01
f 6519 6520 6521
f 6519 6521 6522
usemtl c_36_40_46
v 9.232 12.452 5.979999999999999
v 9.232 12.452 7.01
v 9.232 12.484 7.01
v 9.232 12.484 5.979999999999999
f 6523 6524 6525
f 6523 6525 6526
v 9.271999999999998 12.452 5.979999999999999
v 9.271999999999998 12.484 5.979999999999999
v 9.271999999999998 12.484 7.01
v 9.271999999999998 12.452 7.01
f 6527 6528 6529
f 6527 6529 6530
v 9.232 12.452 5.979999999999999
v 9.271999999999998 12.452 5.979999999999999
v 9.271999999999998 12.452 7.01
v 9.232 12.452 7.01
f 6531 6532 6533
f 6531 6533 6534
v 9.232 12.484 5.979999999999999
v 9.232 12.484 7.01
v 9.271999999999998 12.484 7.01
v 9.271999999999998 12.484 5.979999999999999
f 6535 6536 6537
f 6535 6537 6538
v 9.232 12.452 5.979999999999999
v 9.232 12.484 5.979999999999999
v 9.271999999999998 12.484 5.979999999999999
v 9.271999999999998 12.452 5.979999999999999
f 6539 6540 6541
f 6539 6541 6542
v 9.232 12.452 7.01
v 9.271999999999998 12.452 7.01
v 9.271999999999998 12.484 7.01
v 9.232 12.484 7.01
f 6543 6544 6545
f 6543 6545 6546
usemtl c_36_40_46
v 9.6175 12.452 5.979999999999999
v 9.6175 12.452 7.01
v 9.6175 12.484 7.01
v 9.6175 12.484 5.979999999999999
f 6547 6548 6549
f 6547 6549 6550
v 9.657499999999999 12.452 5.979999999999999
v 9.657499999999999 12.484 5.979999999999999
v 9.657499999999999 12.484 7.01
v 9.657499999999999 12.452 7.01
f 6551 6552 6553
f 6551 6553 6554
v 9.6175 12.452 5.979999999999999
v 9.657499999999999 12.452 5.979999999999999
v 9.657499999999999 12.452 7.01
v 9.6175 12.452 7.01
f 6555 6556 6557
f 6555 6557 6558
v 9.6175 12.484 5.979999999999999
v 9.6175 12.484 7.01
v 9.657499999999999 12.484 7.01
v 9.657499999999999 12.484 5.979999999999999
f 6559 6560 6561
f 6559 6561 6562
v 9.6175 12.452 5.979999999999999
v 9.6175 12.484 5.979999999999999
v 9.657499999999999 12.484 5.979999999999999
v 9.657499999999999 12.452 5.979999999999999
f 6563 6564 6565
f 6563 6565 6566
v 9.6175 12.452 7.01
v 9.657499999999999 12.452 7.01
v 9.657499999999999 12.484 7.01
v 9.6175 12.484 7.01
f 6567 6568 6569
f 6567 6569 6570
usemtl c_36_40_46
v 10.003 12.452 5.979999999999999
v 10.003 12.452 7.01
v 10.003 12.484 7.01
v 10.003 12.484 5.979999999999999
f 6571 6572 6573
f 6571 6573 6574
v 10.043 12.452 5.979999999999999
v 10.043 12.484 5.979999999999999
v 10.043 12.484 7.01
v 10.043 12.452 7.01
f 6575 6576 6577
f 6575 6577 6578
v 10.003 12.452 5.979999999999999
v 10.043 12.452 5.979999999999999
v 10.043 12.452 7.01
v 10.003 12.452 7.01
f 6579 6580 6581
f 6579 6581 6582
v 10.003 12.484 5.979999999999999
v 10.003 12.484 7.01
v 10.043 12.484 7.01
v 10.043 12.484 5.979999999999999
f 6583 6584 6585
f 6583 6585 6586
v 10.003 12.452 5.979999999999999
v 10.003 12.484 5.979999999999999
v 10.043 12.484 5.979999999999999
v 10.043 12.452 5.979999999999999
f 6587 6588 6589
f 6587 6589 6590
v 10.003 12.452 7.01
v 10.043 12.452 7.01
v 10.043 12.484 7.01
v 10.003 12.484 7.01
f 6591 6592 6593
f 6591 6593 6594
usemtl c_36_40_46
v 10.3885 12.452 5.979999999999999
v 10.3885 12.452 7.01
v 10.3885 12.484 7.01
v 10.3885 12.484 5.979999999999999
f 6595 6596 6597
f 6595 6597 6598
v 10.4285 12.452 5.979999999999999
v 10.4285 12.484 5.979999999999999
v 10.4285 12.484 7.01
v 10.4285 12.452 7.01
f 6599 6600 6601
f 6599 6601 6602
v 10.3885 12.452 5.979999999999999
v 10.4285 12.452 5.979999999999999
v 10.4285 12.452 7.01
v 10.3885 12.452 7.01
f 6603 6604 6605
f 6603 6605 6606
v 10.3885 12.484 5.979999999999999
v 10.3885 12.484 7.01
v 10.4285 12.484 7.01
v 10.4285 12.484 5.979999999999999
f 6607 6608 6609
f 6607 6609 6610
v 10.3885 12.452 5.979999999999999
v 10.3885 12.484 5.979999999999999
v 10.4285 12.484 5.979999999999999
v 10.4285 12.452 5.979999999999999
f 6611 6612 6613
f 6611 6613 6614
v 10.3885 12.452 7.01
v 10.4285 12.452 7.01
v 10.4285 12.484 7.01
v 10.3885 12.484 7.01
f 6615 6616 6617
f 6615 6617 6618
usemtl c_36_40_46
v 10.774000000000001 12.452 5.979999999999999
v 10.774000000000001 12.452 7.01
v 10.774000000000001 12.484 7.01
v 10.774000000000001 12.484 5.979999999999999
f 6619 6620 6621
f 6619 6621 6622
v 10.814 12.452 5.979999999999999
v 10.814 12.484 5.979999999999999
v 10.814 12.484 7.01
v 10.814 12.452 7.01
f 6623 6624 6625
f 6623 6625 6626
v 10.774000000000001 12.452 5.979999999999999
v 10.814 12.452 5.979999999999999
v 10.814 12.452 7.01
v 10.774000000000001 12.452 7.01
f 6627 6628 6629
f 6627 6629 6630
v 10.774000000000001 12.484 5.979999999999999
v 10.774000000000001 12.484 7.01
v 10.814 12.484 7.01
v 10.814 12.484 5.979999999999999
f 6631 6632 6633
f 6631 6633 6634
v 10.774000000000001 12.452 5.979999999999999
v 10.774000000000001 12.484 5.979999999999999
v 10.814 12.484 5.979999999999999
v 10.814 12.452 5.979999999999999
f 6635 6636 6637
f 6635 6637 6638
v 10.774000000000001 12.452 7.01
v 10.814 12.452 7.01
v 10.814 12.484 7.01
v 10.774000000000001 12.484 7.01
f 6639 6640 6641
f 6639 6641 6642
usemtl c_36_40_46
v 11.159500000000001 12.452 5.979999999999999
v 11.159500000000001 12.452 7.01
v 11.159500000000001 12.484 7.01
v 11.159500000000001 12.484 5.979999999999999
f 6643 6644 6645
f 6643 6645 6646
v 11.1995 12.452 5.979999999999999
v 11.1995 12.484 5.979999999999999
v 11.1995 12.484 7.01
v 11.1995 12.452 7.01
f 6647 6648 6649
f 6647 6649 6650
v 11.159500000000001 12.452 5.979999999999999
v 11.1995 12.452 5.979999999999999
v 11.1995 12.452 7.01
v 11.159500000000001 12.452 7.01
f 6651 6652 6653
f 6651 6653 6654
v 11.159500000000001 12.484 5.979999999999999
v 11.159500000000001 12.484 7.01
v 11.1995 12.484 7.01
v 11.1995 12.484 5.979999999999999
f 6655 6656 6657
f 6655 6657 6658
v 11.159500000000001 12.452 5.979999999999999
v 11.159500000000001 12.484 5.979999999999999
v 11.1995 12.484 5.979999999999999
v 11.1995 12.452 5.979999999999999
f 6659 6660 6661
f 6659 6661 6662
v 11.159500000000001 12.452 7.01
v 11.1995 12.452 7.01
v 11.1995 12.484 7.01
v 11.159500000000001 12.484 7.01
f 6663 6664 6665
f 6663 6665 6666
usemtl c_36_40_46
v 11.545000000000002 12.452 5.979999999999999
v 11.545000000000002 12.452 7.01
v 11.545000000000002 12.484 7.01
v 11.545000000000002 12.484 5.979999999999999
f 6667 6668 6669
f 6667 6669 6670
v 11.585 12.452 5.979999999999999
v 11.585 12.484 5.979999999999999
v 11.585 12.484 7.01
v 11.585 12.452 7.01
f 6671 6672 6673
f 6671 6673 6674
v 11.545000000000002 12.452 5.979999999999999
v 11.585 12.452 5.979999999999999
v 11.585 12.452 7.01
v 11.545000000000002 12.452 7.01
f 6675 6676 6677
f 6675 6677 6678
v 11.545000000000002 12.484 5.979999999999999
v 11.545000000000002 12.484 7.01
v 11.585 12.484 7.01
v 11.585 12.484 5.979999999999999
f 6679 6680 6681
f 6679 6681 6682
v 11.545000000000002 12.452 5.979999999999999
v 11.545000000000002 12.484 5.979999999999999
v 11.585 12.484 5.979999999999999
v 11.585 12.452 5.979999999999999
f 6683 6684 6685
f 6683 6685 6686
v 11.545000000000002 12.452 7.01
v 11.585 12.452 7.01
v 11.585 12.484 7.01
v 11.545000000000002 12.484 7.01
f 6687 6688 6689
f 6687 6689 6690
usemtl c_36_40_46
v 11.9305 12.452 5.979999999999999
v 11.9305 12.452 7.01
v 11.9305 12.484 7.01
v 11.9305 12.484 5.979999999999999
f 6691 6692 6693
f 6691 6693 6694
v 11.9705 12.452 5.979999999999999
v 11.9705 12.484 5.979999999999999
v 11.9705 12.484 7.01
v 11.9705 12.452 7.01
f 6695 6696 6697
f 6695 6697 6698
v 11.9305 12.452 5.979999999999999
v 11.9705 12.452 5.979999999999999
v 11.9705 12.452 7.01
v 11.9305 12.452 7.01
f 6699 6700 6701
f 6699 6701 6702
v 11.9305 12.484 5.979999999999999
v 11.9305 12.484 7.01
v 11.9705 12.484 7.01
v 11.9705 12.484 5.979999999999999
f 6703 6704 6705
f 6703 6705 6706
v 11.9305 12.452 5.979999999999999
v 11.9305 12.484 5.979999999999999
v 11.9705 12.484 5.979999999999999
v 11.9705 12.452 5.979999999999999
f 6707 6708 6709
f 6707 6709 6710
v 11.9305 12.452 7.01
v 11.9705 12.452 7.01
v 11.9705 12.484 7.01
v 11.9305 12.484 7.01
f 6711 6712 6713
f 6711 6713 6714
usemtl c_36_40_46
v 12.316 12.452 5.979999999999999
v 12.316 12.452 7.01
v 12.316 12.484 7.01
v 12.316 12.484 5.979999999999999
f 6715 6716 6717
f 6715 6717 6718
v 12.356 12.452 5.979999999999999
v 12.356 12.484 5.979999999999999
v 12.356 12.484 7.01
v 12.356 12.452 7.01
f 6719 6720 6721
f 6719 6721 6722
v 12.316 12.452 5.979999999999999
v 12.356 12.452 5.979999999999999
v 12.356 12.452 7.01
v 12.316 12.452 7.01
f 6723 6724 6725
f 6723 6725 6726
v 12.316 12.484 5.979999999999999
v 12.316 12.484 7.01
v 12.356 12.484 7.01
v 12.356 12.484 5.979999999999999
f 6727 6728 6729
f 6727 6729 6730
v 12.316 12.452 5.979999999999999
v 12.316 12.484 5.979999999999999
v 12.356 12.484 5.979999999999999
v 12.356 12.452 5.979999999999999
f 6731 6732 6733
f 6731 6733 6734
v 12.316 12.452 7.01
v 12.356 12.452 7.01
v 12.356 12.484 7.01
v 12.316 12.484 7.01
f 6735 6736 6737
f 6735 6737 6738
usemtl c_36_40_46
v 12.701500000000001 12.452 5.979999999999999
v 12.701500000000001 12.452 7.01
v 12.701500000000001 12.484 7.01
v 12.701500000000001 12.484 5.979999999999999
f 6739 6740 6741
f 6739 6741 6742
v 12.7415 12.452 5.979999999999999
v 12.7415 12.484 5.979999999999999
v 12.7415 12.484 7.01
v 12.7415 12.452 7.01
f 6743 6744 6745
f 6743 6745 6746
v 12.701500000000001 12.452 5.979999999999999
v 12.7415 12.452 5.979999999999999
v 12.7415 12.452 7.01
v 12.701500000000001 12.452 7.01
f 6747 6748 6749
f 6747 6749 6750
v 12.701500000000001 12.484 5.979999999999999
v 12.701500000000001 12.484 7.01
v 12.7415 12.484 7.01
v 12.7415 12.484 5.979999999999999
f 6751 6752 6753
f 6751 6753 6754
v 12.701500000000001 12.452 5.979999999999999
v 12.701500000000001 12.484 5.979999999999999
v 12.7415 12.484 5.979999999999999
v 12.7415 12.452 5.979999999999999
f 6755 6756 6757
f 6755 6757 6758
v 12.701500000000001 12.452 7.01
v 12.7415 12.452 7.01
v 12.7415 12.484 7.01
v 12.701500000000001 12.484 7.01
f 6759 6760 6761
f 6759 6761 6762
usemtl c_36_40_46
v 13.087 12.452 5.979999999999999
v 13.087 12.452 7.01
v 13.087 12.484 7.01
v 13.087 12.484 5.979999999999999
f 6763 6764 6765
f 6763 6765 6766
v 13.126999999999999 12.452 5.979999999999999
v 13.126999999999999 12.484 5.979999999999999
v 13.126999999999999 12.484 7.01
v 13.126999999999999 12.452 7.01
f 6767 6768 6769
f 6767 6769 6770
v 13.087 12.452 5.979999999999999
v 13.126999999999999 12.452 5.979999999999999
v 13.126999999999999 12.452 7.01
v 13.087 12.452 7.01
f 6771 6772 6773
f 6771 6773 6774
v 13.087 12.484 5.979999999999999
v 13.087 12.484 7.01
v 13.126999999999999 12.484 7.01
v 13.126999999999999 12.484 5.979999999999999
f 6775 6776 6777
f 6775 6777 6778
v 13.087 12.452 5.979999999999999
v 13.087 12.484 5.979999999999999
v 13.126999999999999 12.484 5.979999999999999
v 13.126999999999999 12.452 5.979999999999999
f 6779 6780 6781
f 6779 6781 6782
v 13.087 12.452 7.01
v 13.126999999999999 12.452 7.01
v 13.126999999999999 12.484 7.01
v 13.087 12.484 7.01
f 6783 6784 6785
f 6783 6785 6786
usemtl c_36_40_46
v 13.472500000000002 12.452 5.979999999999999
v 13.472500000000002 12.452 7.01
v 13.472500000000002 12.484 7.01
v 13.472500000000002 12.484 5.979999999999999
f 6787 6788 6789
f 6787 6789 6790
v 13.512500000000001 12.452 5.979999999999999
v 13.512500000000001 12.484 5.979999999999999
v 13.512500000000001 12.484 7.01
v 13.512500000000001 12.452 7.01
f 6791 6792 6793
f 6791 6793 6794
v 13.472500000000002 12.452 5.979999999999999
v 13.512500000000001 12.452 5.979999999999999
v 13.512500000000001 12.452 7.01
v 13.472500000000002 12.452 7.01
f 6795 6796 6797
f 6795 6797 6798
v 13.472500000000002 12.484 5.979999999999999
v 13.472500000000002 12.484 7.01
v 13.512500000000001 12.484 7.01
v 13.512500000000001 12.484 5.979999999999999
f 6799 6800 6801
f 6799 6801 6802
v 13.472500000000002 12.452 5.979999999999999
v 13.472500000000002 12.484 5.979999999999999
v 13.512500000000001 12.484 5.979999999999999
v 13.512500000000001 12.452 5.979999999999999
f 6803 6804 6805
f 6803 6805 6806
v 13.472500000000002 12.452 7.01
v 13.512500000000001 12.452 7.01
v 13.512500000000001 12.484 7.01
v 13.472500000000002 12.484 7.01
f 6807 6808 6809
f 6807 6809 6810
usemtl c_36_40_46
v 13.858 12.452 5.979999999999999
v 13.858 12.452 7.01
v 13.858 12.484 7.01
v 13.858 12.484 5.979999999999999
f 6811 6812 6813
f 6811 6813 6814
v 13.898 12.452 5.979999999999999
v 13.898 12.484 5.979999999999999
v 13.898 12.484 7.01
v 13.898 12.452 7.01
f 6815 6816 6817
f 6815 6817 6818
v 13.858 12.452 5.979999999999999
v 13.898 12.452 5.979999999999999
v 13.898 12.452 7.01
v 13.858 12.452 7.01
f 6819 6820 6821
f 6819 6821 6822
v 13.858 12.484 5.979999999999999
v 13.858 12.484 7.01
v 13.898 12.484 7.01
v 13.898 12.484 5.979999999999999
f 6823 6824 6825
f 6823 6825 6826
v 13.858 12.452 5.979999999999999
v 13.858 12.484 5.979999999999999
v 13.898 12.484 5.979999999999999
v 13.898 12.452 5.979999999999999
f 6827 6828 6829
f 6827 6829 6830
v 13.858 12.452 7.01
v 13.898 12.452 7.01
v 13.898 12.484 7.01
v 13.858 12.484 7.01
f 6831 6832 6833
f 6831 6833 6834
usemtl c_36_40_46
v 14.2435 12.452 5.979999999999999
v 14.2435 12.452 7.01
v 14.2435 12.484 7.01
v 14.2435 12.484 5.979999999999999
f 6835 6836 6837
f 6835 6837 6838
v 14.283499999999998 12.452 5.979999999999999
v 14.283499999999998 12.484 5.979999999999999
v 14.283499999999998 12.484 7.01
v 14.283499999999998 12.452 7.01
f 6839 6840 6841
f 6839 6841 6842
v 14.2435 12.452 5.979999999999999
v 14.283499999999998 12.452 5.979999999999999
v 14.283499999999998 12.452 7.01
v 14.2435 12.452 7.01
f 6843 6844 6845
f 6843 6845 6846
v 14.2435 12.484 5.979999999999999
v 14.2435 12.484 7.01
v 14.283499999999998 12.484 7.01
v 14.283499999999998 12.484 5.979999999999999
f 6847 6848 6849
f 6847 6849 6850
v 14.2435 12.452 5.979999999999999
v 14.2435 12.484 5.979999999999999
v 14.283499999999998 12.484 5.979999999999999
v 14.283499999999998 12.452 5.979999999999999
f 6851 6852 6853
f 6851 6853 6854
v 14.2435 12.452 7.01
v 14.283499999999998 12.452 7.01
v 14.283499999999998 12.484 7.01
v 14.2435 12.484 7.01
f 6855 6856 6857
f 6855 6857 6858
usemtl c_36_40_46
v 14.629000000000001 12.452 5.979999999999999
v 14.629000000000001 12.452 7.01
v 14.629000000000001 12.484 7.01
v 14.629000000000001 12.484 5.979999999999999
f 6859 6860 6861
f 6859 6861 6862
v 14.669 12.452 5.979999999999999
v 14.669 12.484 5.979999999999999
v 14.669 12.484 7.01
v 14.669 12.452 7.01
f 6863 6864 6865
f 6863 6865 6866
v 14.629000000000001 12.452 5.979999999999999
v 14.669 12.452 5.979999999999999
v 14.669 12.452 7.01
v 14.629000000000001 12.452 7.01
f 6867 6868 6869
f 6867 6869 6870
v 14.629000000000001 12.484 5.979999999999999
v 14.629000000000001 12.484 7.01
v 14.669 12.484 7.01
v 14.669 12.484 5.979999999999999
f 6871 6872 6873
f 6871 6873 6874
v 14.629000000000001 12.452 5.979999999999999
v 14.629000000000001 12.484 5.979999999999999
v 14.669 12.484 5.979999999999999
v 14.669 12.452 5.979999999999999
f 6875 6876 6877
f 6875 6877 6878
v 14.629000000000001 12.452 7.01
v 14.669 12.452 7.01
v 14.669 12.484 7.01
v 14.629000000000001 12.484 7.01
f 6879 6880 6881
f 6879 6881 6882
usemtl c_36_40_46
v 15.0145 12.452 5.979999999999999
v 15.0145 12.452 7.01
v 15.0145 12.484 7.01
v 15.0145 12.484 5.979999999999999
f 6883 6884 6885
f 6883 6885 6886
v 15.054499999999999 12.452 5.979999999999999
v 15.054499999999999 12.484 5.979999999999999
v 15.054499999999999 12.484 7.01
v 15.054499999999999 12.452 7.01
f 6887 6888 6889
f 6887 6889 6890
v 15.0145 12.452 5.979999999999999
v 15.054499999999999 12.452 5.979999999999999
v 15.054499999999999 12.452 7.01
v 15.0145 12.452 7.01
f 6891 6892 6893
f 6891 6893 6894
v 15.0145 12.484 5.979999999999999
v 15.0145 12.484 7.01
v 15.054499999999999 12.484 7.01
v 15.054499999999999 12.484 5.979999999999999
f 6895 6896 6897
f 6895 6897 6898
v 15.0145 12.452 5.979999999999999
v 15.0145 12.484 5.979999999999999
v 15.054499999999999 12.484 5.979999999999999
v 15.054499999999999 12.452 5.979999999999999
f 6899 6900 6901
f 6899 6901 6902
v 15.0145 12.452 7.01
v 15.054499999999999 12.452 7.01
v 15.054499999999999 12.484 7.01
v 15.0145 12.484 7.01
f 6903 6904 6905
f 6903 6905 6906
usemtl c_36_40_46
v -0.104 0.366875 4.609999999999999
v -0.104 0.366875 7.01
v -0.104 0.40687500000000004 7.01
v -0.104 0.40687500000000004 4.609999999999999
f 6907 6908 6909
f 6907 6909 6910
v -0.072 0.366875 4.609999999999999
v -0.072 0.40687500000000004 4.609999999999999
v -0.072 0.40687500000000004 7.01
v -0.072 0.366875 7.01
f 6911 6912 6913
f 6911 6913 6914
v -0.104 0.366875 4.609999999999999
v -0.072 0.366875 4.609999999999999
v -0.072 0.366875 7.01
v -0.104 0.366875 7.01
f 6915 6916 6917
f 6915 6917 6918
v -0.104 0.40687500000000004 4.609999999999999
v -0.104 0.40687500000000004 7.01
v -0.072 0.40687500000000004 7.01
v -0.072 0.40687500000000004 4.609999999999999
f 6919 6920 6921
f 6919 6921 6922
v -0.104 0.366875 4.609999999999999
v -0.104 0.40687500000000004 4.609999999999999
v -0.072 0.40687500000000004 4.609999999999999
v -0.072 0.366875 4.609999999999999
f 6923 6924 6925
f 6923 6925 6926
v -0.104 0.366875 7.01
v -0.072 0.366875 7.01
v -0.072 0.40687500000000004 7.01
v -0.104 0.40687500000000004 7.01
f 6927 6928 6929
f 6927 6929 6930
usemtl c_36_40_46
v -0.104 0.75375 4.609999999999999
v -0.104 0.75375 7.01
v -0.104 0.7937500000000001 7.01
v -0.104 0.7937500000000001 4.609999999999999
f 6931 6932 6933
f 6931 6933 6934
v -0.072 0.75375 4.609999999999999
v -0.072 0.7937500000000001 4.609999999999999
v -0.072 0.7937500000000001 7.01
v -0.072 0.75375 7.01
f 6935 6936 6937
f 6935 6937 6938
v -0.104 0.75375 4.609999999999999
v -0.072 0.75375 4.609999999999999
v -0.072 0.75375 7.01
v -0.104 0.75375 7.01
f 6939 6940 6941
f 6939 6941 6942
v -0.104 0.7937500000000001 4.609999999999999
v -0.104 0.7937500000000001 7.01
v -0.072 0.7937500000000001 7.01
v -0.072 0.7937500000000001 4.609999999999999
f 6943 6944 6945
f 6943 6945 6946
v -0.104 0.75375 4.609999999999999
v -0.104 0.7937500000000001 4.609999999999999
v -0.072 0.7937500000000001 4.609999999999999
v -0.072 0.75375 4.609999999999999
f 6947 6948 6949
f 6947 6949 6950
v -0.104 0.75375 7.01
v -0.072 0.75375 7.01
v -0.072 0.7937500000000001 7.01
v -0.104 0.7937500000000001 7.01
f 6951 6952 6953
f 6951 6953 6954
usemtl c_36_40_46
v -0.104 1.140625 4.609999999999999
v -0.104 1.140625 7.01
v -0.104 1.180625 7.01
v -0.104 1.180625 4.609999999999999
f 6955 6956 6957
f 6955 6957 6958
v -0.072 1.140625 4.609999999999999
v -0.072 1.180625 4.609999999999999
v -0.072 1.180625 7.01
v -0.072 1.140625 7.01
f 6959 6960 6961
f 6959 6961 6962
v -0.104 1.140625 4.609999999999999
v -0.072 1.140625 4.609999999999999
v -0.072 1.140625 7.01
v -0.104 1.140625 7.01
f 6963 6964 6965
f 6963 6965 6966
v -0.104 1.180625 4.609999999999999
v -0.104 1.180625 7.01
v -0.072 1.180625 7.01
v -0.072 1.180625 4.609999999999999
f 6967 6968 6969
f 6967 6969 6970
v -0.104 1.140625 4.609999999999999
v -0.104 1.180625 4.609999999999999
v -0.072 1.180625 4.609999999999999
v -0.072 1.140625 4.609999999999999
f 6971 6972 6973
f 6971 6973 6974
v -0.104 1.140625 7.01
v -0.072 1.140625 7.01
v -0.072 1.180625 7.01
v -0.104 1.180625 7.01
f 6975 6976 6977
f 6975 6977 6978
usemtl c_36_40_46
v -0.104 1.5275 4.609999999999999
v -0.104 1.5275 7.01
v -0.104 1.5675000000000001 7.01
v -0.104 1.5675000000000001 4.609999999999999
f 6979 6980 6981
f 6979 6981 6982
v -0.072 1.5275 4.609999999999999
v -0.072 1.5675000000000001 4.609999999999999
v -0.072 1.5675000000000001 7.01
v -0.072 1.5275 7.01
f 6983 6984 6985
f 6983 6985 6986
v -0.104 1.5275 4.609999999999999
v -0.072 1.5275 4.609999999999999
v -0.072 1.5275 7.01
v -0.104 1.5275 7.01
f 6987 6988 6989
f 6987 6989 6990
v -0.104 1.5675000000000001 4.609999999999999
v -0.104 1.5675000000000001 7.01
v -0.072 1.5675000000000001 7.01
v -0.072 1.5675000000000001 4.609999999999999
f 6991 6992 6993
f 6991 6993 6994
v -0.104 1.5275 4.609999999999999
v -0.104 1.5675000000000001 4.609999999999999
v -0.072 1.5675000000000001 4.609999999999999
v -0.072 1.5275 4.609999999999999
f 6995 6996 6997
f 6995 6997 6998
v -0.104 1.5275 7.01
v -0.072 1.5275 7.01
v -0.072 1.5675000000000001 7.01
v -0.104 1.5675000000000001 7.01
f 6999 7000 7001
f 6999 7001 7002
usemtl c_36_40_46
v -0.104 1.9143750000000002 4.609999999999999
v -0.104 1.9143750000000002 7.01
v -0.104 1.9543750000000002 7.01
v -0.104 1.9543750000000002 4.609999999999999
f 7003 7004 7005
f 7003 7005 7006
v -0.072 1.9143750000000002 4.609999999999999
v -0.072 1.9543750000000002 4.609999999999999
v -0.072 1.9543750000000002 7.01
v -0.072 1.9143750000000002 7.01
f 7007 7008 7009
f 7007 7009 7010
v -0.104 1.9143750000000002 4.609999999999999
v -0.072 1.9143750000000002 4.609999999999999
v -0.072 1.9143750000000002 7.01
v -0.104 1.9143750000000002 7.01
f 7011 7012 7013
f 7011 7013 7014
v -0.104 1.9543750000000002 4.609999999999999
v -0.104 1.9543750000000002 7.01
v -0.072 1.9543750000000002 7.01
v -0.072 1.9543750000000002 4.609999999999999
f 7015 7016 7017
f 7015 7017 7018
v -0.104 1.9143750000000002 4.609999999999999
v -0.104 1.9543750000000002 4.609999999999999
v -0.072 1.9543750000000002 4.609999999999999
v -0.072 1.9143750000000002 4.609999999999999
f 7019 7020 7021
f 7019 7021 7022
v -0.104 1.9143750000000002 7.01
v -0.072 1.9143750000000002 7.01
v -0.072 1.9543750000000002 7.01
v -0.104 1.9543750000000002 7.01
f 7023 7024 7025
f 7023 7025 7026
usemtl c_36_40_46
v -0.104 2.30125 4.609999999999999
v -0.104 2.30125 7.01
v -0.104 2.34125 7.01
v -0.104 2.34125 4.609999999999999
f 7027 7028 7029
f 7027 7029 7030
v -0.072 2.30125 4.609999999999999
v -0.072 2.34125 4.609999999999999
v -0.072 2.34125 7.01
v -0.072 2.30125 7.01
f 7031 7032 7033
f 7031 7033 7034
v -0.104 2.30125 4.609999999999999
v -0.072 2.30125 4.609999999999999
v -0.072 2.30125 7.01
v -0.104 2.30125 7.01
f 7035 7036 7037
f 7035 7037 7038
v -0.104 2.34125 4.609999999999999
v -0.104 2.34125 7.01
v -0.072 2.34125 7.01
v -0.072 2.34125 4.609999999999999
f 7039 7040 7041
f 7039 7041 7042
v -0.104 2.30125 4.609999999999999
v -0.104 2.34125 4.609999999999999
v -0.072 2.34125 4.609999999999999
v -0.072 2.30125 4.609999999999999
f 7043 7044 7045
f 7043 7045 7046
v -0.104 2.30125 7.01
v -0.072 2.30125 7.01
v -0.072 2.34125 7.01
v -0.104 2.34125 7.01
f 7047 7048 7049
f 7047 7049 7050
usemtl c_36_40_46
v -0.104 2.6881250000000003 4.609999999999999
v -0.104 2.6881250000000003 7.01
v -0.104 2.7281250000000004 7.01
v -0.104 2.7281250000000004 4.609999999999999
f 7051 7052 7053
f 7051 7053 7054
v -0.072 2.6881250000000003 4.609999999999999
v -0.072 2.7281250000000004 4.609999999999999
v -0.072 2.7281250000000004 7.01
v -0.072 2.6881250000000003 7.01
f 7055 7056 7057
f 7055 7057 7058
v -0.104 2.6881250000000003 4.609999999999999
v -0.072 2.6881250000000003 4.609999999999999
v -0.072 2.6881250000000003 7.01
v -0.104 2.6881250000000003 7.01
f 7059 7060 7061
f 7059 7061 7062
v -0.104 2.7281250000000004 4.609999999999999
v -0.104 2.7281250000000004 7.01
v -0.072 2.7281250000000004 7.01
v -0.072 2.7281250000000004 4.609999999999999
f 7063 7064 7065
f 7063 7065 7066
v -0.104 2.6881250000000003 4.609999999999999
v -0.104 2.7281250000000004 4.609999999999999
v -0.072 2.7281250000000004 4.609999999999999
v -0.072 2.6881250000000003 4.609999999999999
f 7067 7068 7069
f 7067 7069 7070
v -0.104 2.6881250000000003 7.01
v -0.072 2.6881250000000003 7.01
v -0.072 2.7281250000000004 7.01
v -0.104 2.7281250000000004 7.01
f 7071 7072 7073
f 7071 7073 7074
usemtl c_36_40_46
v -0.104 3.075 4.609999999999999
v -0.104 3.075 7.01
v -0.104 3.115 7.01
v -0.104 3.115 4.609999999999999
f 7075 7076 7077
f 7075 7077 7078
v -0.072 3.075 4.609999999999999
v -0.072 3.115 4.609999999999999
v -0.072 3.115 7.01
v -0.072 3.075 7.01
f 7079 7080 7081
f 7079 7081 7082
v -0.104 3.075 4.609999999999999
v -0.072 3.075 4.609999999999999
v -0.072 3.075 7.01
v -0.104 3.075 7.01
f 7083 7084 7085
f 7083 7085 7086
v -0.104 3.115 4.609999999999999
v -0.104 3.115 7.01
v -0.072 3.115 7.01
v -0.072 3.115 4.609999999999999
f 7087 7088 7089
f 7087 7089 7090
v -0.104 3.075 4.609999999999999
v -0.104 3.115 4.609999999999999
v -0.072 3.115 4.609999999999999
v -0.072 3.075 4.609999999999999
f 7091 7092 7093
f 7091 7093 7094
v -0.104 3.075 7.01
v -0.072 3.075 7.01
v -0.072 3.115 7.01
v -0.104 3.115 7.01
f 7095 7096 7097
f 7095 7097 7098
usemtl c_36_40_46
v -0.104 3.461875 4.609999999999999
v -0.104 3.461875 7.01
v -0.104 3.501875 7.01
v -0.104 3.501875 4.609999999999999
f 7099 7100 7101
f 7099 7101 7102
v -0.072 3.461875 4.609999999999999
v -0.072 3.501875 4.609999999999999
v -0.072 3.501875 7.01
v -0.072 3.461875 7.01
f 7103 7104 7105
f 7103 7105 7106
v -0.104 3.461875 4.609999999999999
v -0.072 3.461875 4.609999999999999
v -0.072 3.461875 7.01
v -0.104 3.461875 7.01
f 7107 7108 7109
f 7107 7109 7110
v -0.104 3.501875 4.609999999999999
v -0.104 3.501875 7.01
v -0.072 3.501875 7.01
v -0.072 3.501875 4.609999999999999
f 7111 7112 7113
f 7111 7113 7114
v -0.104 3.461875 4.609999999999999
v -0.104 3.501875 4.609999999999999
v -0.072 3.501875 4.609999999999999
v -0.072 3.461875 4.609999999999999
f 7115 7116 7117
f 7115 7117 7118
v -0.104 3.461875 7.01
v -0.072 3.461875 7.01
v -0.072 3.501875 7.01
v -0.104 3.501875 7.01
f 7119 7120 7121
f 7119 7121 7122
usemtl c_36_40_46
v -0.104 3.8487500000000003 4.609999999999999
v -0.104 3.8487500000000003 7.01
v -0.104 3.8887500000000004 7.01
v -0.104 3.8887500000000004 4.609999999999999
f 7123 7124 7125
f 7123 7125 7126
v -0.072 3.8487500000000003 4.609999999999999
v -0.072 3.8887500000000004 4.609999999999999
v -0.072 3.8887500000000004 7.01
v -0.072 3.8487500000000003 7.01
f 7127 7128 7129
f 7127 7129 7130
v -0.104 3.8487500000000003 4.609999999999999
v -0.072 3.8487500000000003 4.609999999999999
v -0.072 3.8487500000000003 7.01
v -0.104 3.8487500000000003 7.01
f 7131 7132 7133
f 7131 7133 7134
v -0.104 3.8887500000000004 4.609999999999999
v -0.104 3.8887500000000004 7.01
v -0.072 3.8887500000000004 7.01
v -0.072 3.8887500000000004 4.609999999999999
f 7135 7136 7137
f 7135 7137 7138
v -0.104 3.8487500000000003 4.609999999999999
v -0.104 3.8887500000000004 4.609999999999999
v -0.072 3.8887500000000004 4.609999999999999
v -0.072 3.8487500000000003 4.609999999999999
f 7139 7140 7141
f 7139 7141 7142
v -0.104 3.8487500000000003 7.01
v -0.072 3.8487500000000003 7.01
v -0.072 3.8887500000000004 7.01
v -0.104 3.8887500000000004 7.01
f 7143 7144 7145
f 7143 7145 7146
usemtl c_36_40_46
v -0.104 4.235625000000001 4.609999999999999
v -0.104 4.235625000000001 7.01
v -0.104 4.275625 7.01
v -0.104 4.275625 4.609999999999999
f 7147 7148 7149
f 7147 7149 7150
v -0.072 4.235625000000001 4.609999999999999
v -0.072 4.275625 4.609999999999999
v -0.072 4.275625 7.01
v -0.072 4.235625000000001 7.01
f 7151 7152 7153
f 7151 7153 7154
v -0.104 4.235625000000001 4.609999999999999
v -0.072 4.235625000000001 4.609999999999999
v -0.072 4.235625000000001 7.01
v -0.104 4.235625000000001 7.01
f 7155 7156 7157
f 7155 7157 7158
v -0.104 4.275625 4.609999999999999
v -0.104 4.275625 7.01
v -0.072 4.275625 7.01
v -0.072 4.275625 4.609999999999999
f 7159 7160 7161
f 7159 7161 7162
v -0.104 4.235625000000001 4.609999999999999
v -0.104 4.275625 4.609999999999999
v -0.072 4.275625 4.609999999999999
v -0.072 4.235625000000001 4.609999999999999
f 7163 7164 7165
f 7163 7165 7166
v -0.104 4.235625000000001 7.01
v -0.072 4.235625000000001 7.01
v -0.072 4.275625 7.01
v -0.104 4.275625 7.01
f 7167 7168 7169
f 7167 7169 7170
usemtl c_36_40_46
v -0.104 4.6225000000000005 4.609999999999999
v -0.104 4.6225000000000005 7.01
v -0.104 4.6625 7.01
v -0.104 4.6625 4.609999999999999
f 7171 7172 7173
f 7171 7173 7174
v -0.072 4.6225000000000005 4.609999999999999
v -0.072 4.6625 4.609999999999999
v -0.072 4.6625 7.01
v -0.072 4.6225000000000005 7.01
f 7175 7176 7177
f 7175 7177 7178
v -0.104 4.6225000000000005 4.609999999999999
v -0.072 4.6225000000000005 4.609999999999999
v -0.072 4.6225000000000005 7.01
v -0.104 4.6225000000000005 7.01
f 7179 7180 7181
f 7179 7181 7182
v -0.104 4.6625 4.609999999999999
v -0.104 4.6625 7.01
v -0.072 4.6625 7.01
v -0.072 4.6625 4.609999999999999
f 7183 7184 7185
f 7183 7185 7186
v -0.104 4.6225000000000005 4.609999999999999
v -0.104 4.6625 4.609999999999999
v -0.072 4.6625 4.609999999999999
v -0.072 4.6225000000000005 4.609999999999999
f 7187 7188 7189
f 7187 7189 7190
v -0.104 4.6225000000000005 7.01
v -0.072 4.6225000000000005 7.01
v -0.072 4.6625 7.01
v -0.104 4.6625 7.01
f 7191 7192 7193
f 7191 7193 7194
usemtl c_36_40_46
v -0.104 5.009375 4.609999999999999
v -0.104 5.009375 7.01
v -0.104 5.0493749999999995 7.01
v -0.104 5.0493749999999995 4.609999999999999
f 7195 7196 7197
f 7195 7197 7198
v -0.072 5.009375 4.609999999999999
v -0.072 5.0493749999999995 4.609999999999999
v -0.072 5.0493749999999995 7.01
v -0.072 5.009375 7.01
f 7199 7200 7201
f 7199 7201 7202
v -0.104 5.009375 4.609999999999999
v -0.072 5.009375 4.609999999999999
v -0.072 5.009375 7.01
v -0.104 5.009375 7.01
f 7203 7204 7205
f 7203 7205 7206
v -0.104 5.0493749999999995 4.609999999999999
v -0.104 5.0493749999999995 7.01
v -0.072 5.0493749999999995 7.01
v -0.072 5.0493749999999995 4.609999999999999
f 7207 7208 7209
f 7207 7209 7210
v -0.104 5.009375 4.609999999999999
v -0.104 5.0493749999999995 4.609999999999999
v -0.072 5.0493749999999995 4.609999999999999
v -0.072 5.009375 4.609999999999999
f 7211 7212 7213
f 7211 7213 7214
v -0.104 5.009375 7.01
v -0.072 5.009375 7.01
v -0.072 5.0493749999999995 7.01
v -0.104 5.0493749999999995 7.01
f 7215 7216 7217
f 7215 7217 7218
usemtl c_36_40_46
v -0.104 5.396250000000001 4.609999999999999
v -0.104 5.396250000000001 7.01
v -0.104 5.43625 7.01
v -0.104 5.43625 4.609999999999999
f 7219 7220 7221
f 7219 7221 7222
v -0.072 5.396250000000001 4.609999999999999
v -0.072 5.43625 4.609999999999999
v -0.072 5.43625 7.01
v -0.072 5.396250000000001 7.01
f 7223 7224 7225
f 7223 7225 7226
v -0.104 5.396250000000001 4.609999999999999
v -0.072 5.396250000000001 4.609999999999999
v -0.072 5.396250000000001 7.01
v -0.104 5.396250000000001 7.01
f 7227 7228 7229
f 7227 7229 7230
v -0.104 5.43625 4.609999999999999
v -0.104 5.43625 7.01
v -0.072 5.43625 7.01
v -0.072 5.43625 4.609999999999999
f 7231 7232 7233
f 7231 7233 7234
v -0.104 5.396250000000001 4.609999999999999
v -0.104 5.43625 4.609999999999999
v -0.072 5.43625 4.609999999999999
v -0.072 5.396250000000001 4.609999999999999
f 7235 7236 7237
f 7235 7237 7238
v -0.104 5.396250000000001 7.01
v -0.072 5.396250000000001 7.01
v -0.072 5.43625 7.01
v -0.104 5.43625 7.01
f 7239 7240 7241
f 7239 7241 7242
usemtl c_36_40_46
v -0.104 5.783125000000001 4.609999999999999
v -0.104 5.783125000000001 7.01
v -0.104 5.823125 7.01
v -0.104 5.823125 4.609999999999999
f 7243 7244 7245
f 7243 7245 7246
v -0.072 5.783125000000001 4.609999999999999
v -0.072 5.823125 4.609999999999999
v -0.072 5.823125 7.01
v -0.072 5.783125000000001 7.01
f 7247 7248 7249
f 7247 7249 7250
v -0.104 5.783125000000001 4.609999999999999
v -0.072 5.783125000000001 4.609999999999999
v -0.072 5.783125000000001 7.01
v -0.104 5.783125000000001 7.01
f 7251 7252 7253
f 7251 7253 7254
v -0.104 5.823125 4.609999999999999
v -0.104 5.823125 7.01
v -0.072 5.823125 7.01
v -0.072 5.823125 4.609999999999999
f 7255 7256 7257
f 7255 7257 7258
v -0.104 5.783125000000001 4.609999999999999
v -0.104 5.823125 4.609999999999999
v -0.072 5.823125 4.609999999999999
v -0.072 5.783125000000001 4.609999999999999
f 7259 7260 7261
f 7259 7261 7262
v -0.104 5.783125000000001 7.01
v -0.072 5.783125000000001 7.01
v -0.072 5.823125 7.01
v -0.104 5.823125 7.01
f 7263 7264 7265
f 7263 7265 7266
usemtl c_36_40_46
v -0.104 6.170000000000001 4.609999999999999
v -0.104 6.170000000000001 7.01
v -0.104 6.21 7.01
v -0.104 6.21 4.609999999999999
f 7267 7268 7269
f 7267 7269 7270
v -0.072 6.170000000000001 4.609999999999999
v -0.072 6.21 4.609999999999999
v -0.072 6.21 7.01
v -0.072 6.170000000000001 7.01
f 7271 7272 7273
f 7271 7273 7274
v -0.104 6.170000000000001 4.609999999999999
v -0.072 6.170000000000001 4.609999999999999
v -0.072 6.170000000000001 7.01
v -0.104 6.170000000000001 7.01
f 7275 7276 7277
f 7275 7277 7278
v -0.104 6.21 4.609999999999999
v -0.104 6.21 7.01
v -0.072 6.21 7.01
v -0.072 6.21 4.609999999999999
f 7279 7280 7281
f 7279 7281 7282
v -0.104 6.170000000000001 4.609999999999999
v -0.104 6.21 4.609999999999999
v -0.072 6.21 4.609999999999999
v -0.072 6.170000000000001 4.609999999999999
f 7283 7284 7285
f 7283 7285 7286
v -0.104 6.170000000000001 7.01
v -0.072 6.170000000000001 7.01
v -0.072 6.21 7.01
v -0.104 6.21 7.01
f 7287 7288 7289
f 7287 7289 7290
usemtl c_36_40_46
v -0.104 6.556875000000001 4.609999999999999
v -0.104 6.556875000000001 7.01
v -0.104 6.596875 7.01
v -0.104 6.596875 4.609999999999999
f 7291 7292 7293
f 7291 7293 7294
v -0.072 6.556875000000001 4.609999999999999
v -0.072 6.596875 4.609999999999999
v -0.072 6.596875 7.01
v -0.072 6.556875000000001 7.01
f 7295 7296 7297
f 7295 7297 7298
v -0.104 6.556875000000001 4.609999999999999
v -0.072 6.556875000000001 4.609999999999999
v -0.072 6.556875000000001 7.01
v -0.104 6.556875000000001 7.01
f 7299 7300 7301
f 7299 7301 7302
v -0.104 6.596875 4.609999999999999
v -0.104 6.596875 7.01
v -0.072 6.596875 7.01
v -0.072 6.596875 4.609999999999999
f 7303 7304 7305
f 7303 7305 7306
v -0.104 6.556875000000001 4.609999999999999
v -0.104 6.596875 4.609999999999999
v -0.072 6.596875 4.609999999999999
v -0.072 6.556875000000001 4.609999999999999
f 7307 7308 7309
f 7307 7309 7310
v -0.104 6.556875000000001 7.01
v -0.072 6.556875000000001 7.01
v -0.072 6.596875 7.01
v -0.104 6.596875 7.01
f 7311 7312 7313
f 7311 7313 7314
usemtl c_36_40_46
v -0.104 6.9437500000000005 4.609999999999999
v -0.104 6.9437500000000005 7.01
v -0.104 6.98375 7.01
v -0.104 6.98375 4.609999999999999
f 7315 7316 7317
f 7315 7317 7318
v -0.072 6.9437500000000005 4.609999999999999
v -0.072 6.98375 4.609999999999999
v -0.072 6.98375 7.01
v -0.072 6.9437500000000005 7.01
f 7319 7320 7321
f 7319 7321 7322
v -0.104 6.9437500000000005 4.609999999999999
v -0.072 6.9437500000000005 4.609999999999999
v -0.072 6.9437500000000005 7.01
v -0.104 6.9437500000000005 7.01
f 7323 7324 7325
f 7323 7325 7326
v -0.104 6.98375 4.609999999999999
v -0.104 6.98375 7.01
v -0.072 6.98375 7.01
v -0.072 6.98375 4.609999999999999
f 7327 7328 7329
f 7327 7329 7330
v -0.104 6.9437500000000005 4.609999999999999
v -0.104 6.98375 4.609999999999999
v -0.072 6.98375 4.609999999999999
v -0.072 6.9437500000000005 4.609999999999999
f 7331 7332 7333
f 7331 7333 7334
v -0.104 6.9437500000000005 7.01
v -0.072 6.9437500000000005 7.01
v -0.072 6.98375 7.01
v -0.104 6.98375 7.01
f 7335 7336 7337
f 7335 7337 7338
usemtl c_36_40_46
v -0.104 7.330625000000001 4.609999999999999
v -0.104 7.330625000000001 7.01
v -0.104 7.370625 7.01
v -0.104 7.370625 4.609999999999999
f 7339 7340 7341
f 7339 7341 7342
v -0.072 7.330625000000001 4.609999999999999
v -0.072 7.370625 4.609999999999999
v -0.072 7.370625 7.01
v -0.072 7.330625000000001 7.01
f 7343 7344 7345
f 7343 7345 7346
v -0.104 7.330625000000001 4.609999999999999
v -0.072 7.330625000000001 4.609999999999999
v -0.072 7.330625000000001 7.01
v -0.104 7.330625000000001 7.01
f 7347 7348 7349
f 7347 7349 7350
v -0.104 7.370625 4.609999999999999
v -0.104 7.370625 7.01
v -0.072 7.370625 7.01
v -0.072 7.370625 4.609999999999999
f 7351 7352 7353
f 7351 7353 7354
v -0.104 7.330625000000001 4.609999999999999
v -0.104 7.370625 4.609999999999999
v -0.072 7.370625 4.609999999999999
v -0.072 7.330625000000001 4.609999999999999
f 7355 7356 7357
f 7355 7357 7358
v -0.104 7.330625000000001 7.01
v -0.072 7.330625000000001 7.01
v -0.072 7.370625 7.01
v -0.104 7.370625 7.01
f 7359 7360 7361
f 7359 7361 7362
usemtl c_36_40_46
v -0.104 7.717500000000001 4.609999999999999
v -0.104 7.717500000000001 7.01
v -0.104 7.7575 7.01
v -0.104 7.7575 4.609999999999999
f 7363 7364 7365
f 7363 7365 7366
v -0.072 7.717500000000001 4.609999999999999
v -0.072 7.7575 4.609999999999999
v -0.072 7.7575 7.01
v -0.072 7.717500000000001 7.01
f 7367 7368 7369
f 7367 7369 7370
v -0.104 7.717500000000001 4.609999999999999
v -0.072 7.717500000000001 4.609999999999999
v -0.072 7.717500000000001 7.01
v -0.104 7.717500000000001 7.01
f 7371 7372 7373
f 7371 7373 7374
v -0.104 7.7575 4.609999999999999
v -0.104 7.7575 7.01
v -0.072 7.7575 7.01
v -0.072 7.7575 4.609999999999999
f 7375 7376 7377
f 7375 7377 7378
v -0.104 7.717500000000001 4.609999999999999
v -0.104 7.7575 4.609999999999999
v -0.072 7.7575 4.609999999999999
v -0.072 7.717500000000001 4.609999999999999
f 7379 7380 7381
f 7379 7381 7382
v -0.104 7.717500000000001 7.01
v -0.072 7.717500000000001 7.01
v -0.072 7.7575 7.01
v -0.104 7.7575 7.01
f 7383 7384 7385
f 7383 7385 7386
usemtl c_36_40_46
v -0.104 8.104375000000001 4.609999999999999
v -0.104 8.104375000000001 7.01
v -0.104 8.144375 7.01
v -0.104 8.144375 4.609999999999999
f 7387 7388 7389
f 7387 7389 7390
v -0.072 8.104375000000001 4.609999999999999
v -0.072 8.144375 4.609999999999999
v -0.072 8.144375 7.01
v -0.072 8.104375000000001 7.01
f 7391 7392 7393
f 7391 7393 7394
v -0.104 8.104375000000001 4.609999999999999
v -0.072 8.104375000000001 4.609999999999999
v -0.072 8.104375000000001 7.01
v -0.104 8.104375000000001 7.01
f 7395 7396 7397
f 7395 7397 7398
v -0.104 8.144375 4.609999999999999
v -0.104 8.144375 7.01
v -0.072 8.144375 7.01
v -0.072 8.144375 4.609999999999999
f 7399 7400 7401
f 7399 7401 7402
v -0.104 8.104375000000001 4.609999999999999
v -0.104 8.144375 4.609999999999999
v -0.072 8.144375 4.609999999999999
v -0.072 8.104375000000001 4.609999999999999
f 7403 7404 7405
f 7403 7405 7406
v -0.104 8.104375000000001 7.01
v -0.072 8.104375000000001 7.01
v -0.072 8.144375 7.01
v -0.104 8.144375 7.01
f 7407 7408 7409
f 7407 7409 7410
usemtl c_36_40_46
v -0.104 8.49125 4.609999999999999
v -0.104 8.49125 7.01
v -0.104 8.53125 7.01
v -0.104 8.53125 4.609999999999999
f 7411 7412 7413
f 7411 7413 7414
v -0.072 8.49125 4.609999999999999
v -0.072 8.53125 4.609999999999999
v -0.072 8.53125 7.01
v -0.072 8.49125 7.01
f 7415 7416 7417
f 7415 7417 7418
v -0.104 8.49125 4.609999999999999
v -0.072 8.49125 4.609999999999999
v -0.072 8.49125 7.01
v -0.104 8.49125 7.01
f 7419 7420 7421
f 7419 7421 7422
v -0.104 8.53125 4.609999999999999
v -0.104 8.53125 7.01
v -0.072 8.53125 7.01
v -0.072 8.53125 4.609999999999999
f 7423 7424 7425
f 7423 7425 7426
v -0.104 8.49125 4.609999999999999
v -0.104 8.53125 4.609999999999999
v -0.072 8.53125 4.609999999999999
v -0.072 8.49125 4.609999999999999
f 7427 7428 7429
f 7427 7429 7430
v -0.104 8.49125 7.01
v -0.072 8.49125 7.01
v -0.072 8.53125 7.01
v -0.104 8.53125 7.01
f 7431 7432 7433
f 7431 7433 7434
usemtl c_36_40_46
v -0.104 8.878125 4.609999999999999
v -0.104 8.878125 7.01
v -0.104 8.918125 7.01
v -0.104 8.918125 4.609999999999999
f 7435 7436 7437
f 7435 7437 7438
v -0.072 8.878125 4.609999999999999
v -0.072 8.918125 4.609999999999999
v -0.072 8.918125 7.01
v -0.072 8.878125 7.01
f 7439 7440 7441
f 7439 7441 7442
v -0.104 8.878125 4.609999999999999
v -0.072 8.878125 4.609999999999999
v -0.072 8.878125 7.01
v -0.104 8.878125 7.01
f 7443 7444 7445
f 7443 7445 7446
v -0.104 8.918125 4.609999999999999
v -0.104 8.918125 7.01
v -0.072 8.918125 7.01
v -0.072 8.918125 4.609999999999999
f 7447 7448 7449
f 7447 7449 7450
v -0.104 8.878125 4.609999999999999
v -0.104 8.918125 4.609999999999999
v -0.072 8.918125 4.609999999999999
v -0.072 8.878125 4.609999999999999
f 7451 7452 7453
f 7451 7453 7454
v -0.104 8.878125 7.01
v -0.072 8.878125 7.01
v -0.072 8.918125 7.01
v -0.104 8.918125 7.01
f 7455 7456 7457
f 7455 7457 7458
usemtl c_36_40_46
v -0.104 9.265 4.609999999999999
v -0.104 9.265 7.01
v -0.104 9.305 7.01
v -0.104 9.305 4.609999999999999
f 7459 7460 7461
f 7459 7461 7462
v -0.072 9.265 4.609999999999999
v -0.072 9.305 4.609999999999999
v -0.072 9.305 7.01
v -0.072 9.265 7.01
f 7463 7464 7465
f 7463 7465 7466
v -0.104 9.265 4.609999999999999
v -0.072 9.265 4.609999999999999
v -0.072 9.265 7.01
v -0.104 9.265 7.01
f 7467 7468 7469
f 7467 7469 7470
v -0.104 9.305 4.609999999999999
v -0.104 9.305 7.01
v -0.072 9.305 7.01
v -0.072 9.305 4.609999999999999
f 7471 7472 7473
f 7471 7473 7474
v -0.104 9.265 4.609999999999999
v -0.104 9.305 4.609999999999999
v -0.072 9.305 4.609999999999999
v -0.072 9.265 4.609999999999999
f 7475 7476 7477
f 7475 7477 7478
v -0.104 9.265 7.01
v -0.072 9.265 7.01
v -0.072 9.305 7.01
v -0.104 9.305 7.01
f 7479 7480 7481
f 7479 7481 7482
usemtl c_36_40_46
v -0.104 9.651875 4.609999999999999
v -0.104 9.651875 7.01
v -0.104 9.691875 7.01
v -0.104 9.691875 4.609999999999999
f 7483 7484 7485
f 7483 7485 7486
v -0.072 9.651875 4.609999999999999
v -0.072 9.691875 4.609999999999999
v -0.072 9.691875 7.01
v -0.072 9.651875 7.01
f 7487 7488 7489
f 7487 7489 7490
v -0.104 9.651875 4.609999999999999
v -0.072 9.651875 4.609999999999999
v -0.072 9.651875 7.01
v -0.104 9.651875 7.01
f 7491 7492 7493
f 7491 7493 7494
v -0.104 9.691875 4.609999999999999
v -0.104 9.691875 7.01
v -0.072 9.691875 7.01
v -0.072 9.691875 4.609999999999999
f 7495 7496 7497
f 7495 7497 7498
v -0.104 9.651875 4.609999999999999
v -0.104 9.691875 4.609999999999999
v -0.072 9.691875 4.609999999999999
v -0.072 9.651875 4.609999999999999
f 7499 7500 7501
f 7499 7501 7502
v -0.104 9.651875 7.01
v -0.072 9.651875 7.01
v -0.072 9.691875 7.01
v -0.104 9.691875 7.01
f 7503 7504 7505
f 7503 7505 7506
usemtl c_36_40_46
v -0.104 10.03875 4.609999999999999
v -0.104 10.03875 7.01
v -0.104 10.07875 7.01
v -0.104 10.07875 4.609999999999999
f 7507 7508 7509
f 7507 7509 7510
v -0.072 10.03875 4.609999999999999
v -0.072 10.07875 4.609999999999999
v -0.072 10.07875 7.01
v -0.072 10.03875 7.01
f 7511 7512 7513
f 7511 7513 7514
v -0.104 10.03875 4.609999999999999
v -0.072 10.03875 4.609999999999999
v -0.072 10.03875 7.01
v -0.104 10.03875 7.01
f 7515 7516 7517
f 7515 7517 7518
v -0.104 10.07875 4.609999999999999
v -0.104 10.07875 7.01
v -0.072 10.07875 7.01
v -0.072 10.07875 4.609999999999999
f 7519 7520 7521
f 7519 7521 7522
v -0.104 10.03875 4.609999999999999
v -0.104 10.07875 4.609999999999999
v -0.072 10.07875 4.609999999999999
v -0.072 10.03875 4.609999999999999
f 7523 7524 7525
f 7523 7525 7526
v -0.104 10.03875 7.01
v -0.072 10.03875 7.01
v -0.072 10.07875 7.01
v -0.104 10.07875 7.01
f 7527 7528 7529
f 7527 7529 7530
usemtl c_36_40_46
v -0.104 10.425625000000002 4.609999999999999
v -0.104 10.425625000000002 7.01
v -0.104 10.465625000000001 7.01
v -0.104 10.465625000000001 4.609999999999999
f 7531 7532 7533
f 7531 7533 7534
v -0.072 10.425625000000002 4.609999999999999
v -0.072 10.465625000000001 4.609999999999999
v -0.072 10.465625000000001 7.01
v -0.072 10.425625000000002 7.01
f 7535 7536 7537
f 7535 7537 7538
v -0.104 10.425625000000002 4.609999999999999
v -0.072 10.425625000000002 4.609999999999999
v -0.072 10.425625000000002 7.01
v -0.104 10.425625000000002 7.01
f 7539 7540 7541
f 7539 7541 7542
v -0.104 10.465625000000001 4.609999999999999
v -0.104 10.465625000000001 7.01
v -0.072 10.465625000000001 7.01
v -0.072 10.465625000000001 4.609999999999999
f 7543 7544 7545
f 7543 7545 7546
v -0.104 10.425625000000002 4.609999999999999
v -0.104 10.465625000000001 4.609999999999999
v -0.072 10.465625000000001 4.609999999999999
v -0.072 10.425625000000002 4.609999999999999
f 7547 7548 7549
f 7547 7549 7550
v -0.104 10.425625000000002 7.01
v -0.072 10.425625000000002 7.01
v -0.072 10.465625000000001 7.01
v -0.104 10.465625000000001 7.01
f 7551 7552 7553
f 7551 7553 7554
usemtl c_36_40_46
v -0.104 10.812500000000002 4.609999999999999
v -0.104 10.812500000000002 7.01
v -0.104 10.852500000000001 7.01
v -0.104 10.852500000000001 4.609999999999999
f 7555 7556 7557
f 7555 7557 7558
v -0.072 10.812500000000002 4.609999999999999
v -0.072 10.852500000000001 4.609999999999999
v -0.072 10.852500000000001 7.01
v -0.072 10.812500000000002 7.01
f 7559 7560 7561
f 7559 7561 7562
v -0.104 10.812500000000002 4.609999999999999
v -0.072 10.812500000000002 4.609999999999999
v -0.072 10.812500000000002 7.01
v -0.104 10.812500000000002 7.01
f 7563 7564 7565
f 7563 7565 7566
v -0.104 10.852500000000001 4.609999999999999
v -0.104 10.852500000000001 7.01
v -0.072 10.852500000000001 7.01
v -0.072 10.852500000000001 4.609999999999999
f 7567 7568 7569
f 7567 7569 7570
v -0.104 10.812500000000002 4.609999999999999
v -0.104 10.852500000000001 4.609999999999999
v -0.072 10.852500000000001 4.609999999999999
v -0.072 10.812500000000002 4.609999999999999
f 7571 7572 7573
f 7571 7573 7574
v -0.104 10.812500000000002 7.01
v -0.072 10.812500000000002 7.01
v -0.072 10.852500000000001 7.01
v -0.104 10.852500000000001 7.01
f 7575 7576 7577
f 7575 7577 7578
usemtl c_36_40_46
v -0.104 11.199375000000002 4.609999999999999
v -0.104 11.199375000000002 7.01
v -0.104 11.239375 7.01
v -0.104 11.239375 4.609999999999999
f 7579 7580 7581
f 7579 7581 7582
v -0.072 11.199375000000002 4.609999999999999
v -0.072 11.239375 4.609999999999999
v -0.072 11.239375 7.01
v -0.072 11.199375000000002 7.01
f 7583 7584 7585
f 7583 7585 7586
v -0.104 11.199375000000002 4.609999999999999
v -0.072 11.199375000000002 4.609999999999999
v -0.072 11.199375000000002 7.01
v -0.104 11.199375000000002 7.01
f 7587 7588 7589
f 7587 7589 7590
v -0.104 11.239375 4.609999999999999
v -0.104 11.239375 7.01
v -0.072 11.239375 7.01
v -0.072 11.239375 4.609999999999999
f 7591 7592 7593
f 7591 7593 7594
v -0.104 11.199375000000002 4.609999999999999
v -0.104 11.239375 4.609999999999999
v -0.072 11.239375 4.609999999999999
v -0.072 11.199375000000002 4.609999999999999
f 7595 7596 7597
f 7595 7597 7598
v -0.104 11.199375000000002 7.01
v -0.072 11.199375000000002 7.01
v -0.072 11.239375 7.01
v -0.104 11.239375 7.01
f 7599 7600 7601
f 7599 7601 7602
usemtl c_36_40_46
v -0.104 11.586250000000001 4.609999999999999
v -0.104 11.586250000000001 7.01
v -0.104 11.62625 7.01
v -0.104 11.62625 4.609999999999999
f 7603 7604 7605
f 7603 7605 7606
v -0.072 11.586250000000001 4.609999999999999
v -0.072 11.62625 4.609999999999999
v -0.072 11.62625 7.01
v -0.072 11.586250000000001 7.01
f 7607 7608 7609
f 7607 7609 7610
v -0.104 11.586250000000001 4.609999999999999
v -0.072 11.586250000000001 4.609999999999999
v -0.072 11.586250000000001 7.01
v -0.104 11.586250000000001 7.01
f 7611 7612 7613
f 7611 7613 7614
v -0.104 11.62625 4.609999999999999
v -0.104 11.62625 7.01
v -0.072 11.62625 7.01
v -0.072 11.62625 4.609999999999999
f 7615 7616 7617
f 7615 7617 7618
v -0.104 11.586250000000001 4.609999999999999
v -0.104 11.62625 4.609999999999999
v -0.072 11.62625 4.609999999999999
v -0.072 11.586250000000001 4.609999999999999
f 7619 7620 7621
f 7619 7621 7622
v -0.104 11.586250000000001 7.01
v -0.072 11.586250000000001 7.01
v -0.072 11.62625 7.01
v -0.104 11.62625 7.01
f 7623 7624 7625
f 7623 7625 7626
usemtl c_36_40_46
v -0.104 11.973125000000001 4.609999999999999
v -0.104 11.973125000000001 7.01
v -0.104 12.013125 7.01
v -0.104 12.013125 4.609999999999999
f 7627 7628 7629
f 7627 7629 7630
v -0.072 11.973125000000001 4.609999999999999
v -0.072 12.013125 4.609999999999999
v -0.072 12.013125 7.01
v -0.072 11.973125000000001 7.01
f 7631 7632 7633
f 7631 7633 7634
v -0.104 11.973125000000001 4.609999999999999
v -0.072 11.973125000000001 4.609999999999999
v -0.072 11.973125000000001 7.01
v -0.104 11.973125000000001 7.01
f 7635 7636 7637
f 7635 7637 7638
v -0.104 12.013125 4.609999999999999
v -0.104 12.013125 7.01
v -0.072 12.013125 7.01
v -0.072 12.013125 4.609999999999999
f 7639 7640 7641
f 7639 7641 7642
v -0.104 11.973125000000001 4.609999999999999
v -0.104 12.013125 4.609999999999999
v -0.072 12.013125 4.609999999999999
v -0.072 11.973125000000001 4.609999999999999
f 7643 7644 7645
f 7643 7645 7646
v -0.104 11.973125000000001 7.01
v -0.072 11.973125000000001 7.01
v -0.072 12.013125 7.01
v -0.104 12.013125 7.01
f 7647 7648 7649
f 7647 7649 7650
usemtl c_36_40_46
v 15.491999999999999 0.366875 4.609999999999999
v 15.491999999999999 0.366875 7.01
v 15.491999999999999 0.40687500000000004 7.01
v 15.491999999999999 0.40687500000000004 4.609999999999999
f 7651 7652 7653
f 7651 7653 7654
v 15.524 0.366875 4.609999999999999
v 15.524 0.40687500000000004 4.609999999999999
v 15.524 0.40687500000000004 7.01
v 15.524 0.366875 7.01
f 7655 7656 7657
f 7655 7657 7658
v 15.491999999999999 0.366875 4.609999999999999
v 15.524 0.366875 4.609999999999999
v 15.524 0.366875 7.01
v 15.491999999999999 0.366875 7.01
f 7659 7660 7661
f 7659 7661 7662
v 15.491999999999999 0.40687500000000004 4.609999999999999
v 15.491999999999999 0.40687500000000004 7.01
v 15.524 0.40687500000000004 7.01
v 15.524 0.40687500000000004 4.609999999999999
f 7663 7664 7665
f 7663 7665 7666
v 15.491999999999999 0.366875 4.609999999999999
v 15.491999999999999 0.40687500000000004 4.609999999999999
v 15.524 0.40687500000000004 4.609999999999999
v 15.524 0.366875 4.609999999999999
f 7667 7668 7669
f 7667 7669 7670
v 15.491999999999999 0.366875 7.01
v 15.524 0.366875 7.01
v 15.524 0.40687500000000004 7.01
v 15.491999999999999 0.40687500000000004 7.01
f 7671 7672 7673
f 7671 7673 7674
usemtl c_36_40_46
v 15.491999999999999 0.75375 4.609999999999999
v 15.491999999999999 0.75375 7.01
v 15.491999999999999 0.7937500000000001 7.01
v 15.491999999999999 0.7937500000000001 4.609999999999999
f 7675 7676 7677
f 7675 7677 7678
v 15.524 0.75375 4.609999999999999
v 15.524 0.7937500000000001 4.609999999999999
v 15.524 0.7937500000000001 7.01
v 15.524 0.75375 7.01
f 7679 7680 7681
f 7679 7681 7682
v 15.491999999999999 0.75375 4.609999999999999
v 15.524 0.75375 4.609999999999999
v 15.524 0.75375 7.01
v 15.491999999999999 0.75375 7.01
f 7683 7684 7685
f 7683 7685 7686
v 15.491999999999999 0.7937500000000001 4.609999999999999
v 15.491999999999999 0.7937500000000001 7.01
v 15.524 0.7937500000000001 7.01
v 15.524 0.7937500000000001 4.609999999999999
f 7687 7688 7689
f 7687 7689 7690
v 15.491999999999999 0.75375 4.609999999999999
v 15.491999999999999 0.7937500000000001 4.609999999999999
v 15.524 0.7937500000000001 4.609999999999999
v 15.524 0.75375 4.609999999999999
f 7691 7692 7693
f 7691 7693 7694
v 15.491999999999999 0.75375 7.01
v 15.524 0.75375 7.01
v 15.524 0.7937500000000001 7.01
v 15.491999999999999 0.7937500000000001 7.01
f 7695 7696 7697
f 7695 7697 7698
usemtl c_36_40_46
v 15.491999999999999 1.140625 4.609999999999999
v 15.491999999999999 1.140625 7.01
v 15.491999999999999 1.180625 7.01
v 15.491999999999999 1.180625 4.609999999999999
f 7699 7700 7701
f 7699 7701 7702
v 15.524 1.140625 4.609999999999999
v 15.524 1.180625 4.609999999999999
v 15.524 1.180625 7.01
v 15.524 1.140625 7.01
f 7703 7704 7705
f 7703 7705 7706
v 15.491999999999999 1.140625 4.609999999999999
v 15.524 1.140625 4.609999999999999
v 15.524 1.140625 7.01
v 15.491999999999999 1.140625 7.01
f 7707 7708 7709
f 7707 7709 7710
v 15.491999999999999 1.180625 4.609999999999999
v 15.491999999999999 1.180625 7.01
v 15.524 1.180625 7.01
v 15.524 1.180625 4.609999999999999
f 7711 7712 7713
f 7711 7713 7714
v 15.491999999999999 1.140625 4.609999999999999
v 15.491999999999999 1.180625 4.609999999999999
v 15.524 1.180625 4.609999999999999
v 15.524 1.140625 4.609999999999999
f 7715 7716 7717
f 7715 7717 7718
v 15.491999999999999 1.140625 7.01
v 15.524 1.140625 7.01
v 15.524 1.180625 7.01
v 15.491999999999999 1.180625 7.01
f 7719 7720 7721
f 7719 7721 7722
usemtl c_36_40_46
v 15.491999999999999 1.5275 4.609999999999999
v 15.491999999999999 1.5275 7.01
v 15.491999999999999 1.5675000000000001 7.01
v 15.491999999999999 1.5675000000000001 4.609999999999999
f 7723 7724 7725
f 7723 7725 7726
v 15.524 1.5275 4.609999999999999
v 15.524 1.5675000000000001 4.609999999999999
v 15.524 1.5675000000000001 7.01
v 15.524 1.5275 7.01
f 7727 7728 7729
f 7727 7729 7730
v 15.491999999999999 1.5275 4.609999999999999
v 15.524 1.5275 4.609999999999999
v 15.524 1.5275 7.01
v 15.491999999999999 1.5275 7.01
f 7731 7732 7733
f 7731 7733 7734
v 15.491999999999999 1.5675000000000001 4.609999999999999
v 15.491999999999999 1.5675000000000001 7.01
v 15.524 1.5675000000000001 7.01
v 15.524 1.5675000000000001 4.609999999999999
f 7735 7736 7737
f 7735 7737 7738
v 15.491999999999999 1.5275 4.609999999999999
v 15.491999999999999 1.5675000000000001 4.609999999999999
v 15.524 1.5675000000000001 4.609999999999999
v 15.524 1.5275 4.609999999999999
f 7739 7740 7741
f 7739 7741 7742
v 15.491999999999999 1.5275 7.01
v 15.524 1.5275 7.01
v 15.524 1.5675000000000001 7.01
v 15.491999999999999 1.5675000000000001 7.01
f 7743 7744 7745
f 7743 7745 7746
usemtl c_36_40_46
v 15.491999999999999 1.9143750000000002 4.609999999999999
v 15.491999999999999 1.9143750000000002 7.01
v 15.491999999999999 1.9543750000000002 7.01
v 15.491999999999999 1.9543750000000002 4.609999999999999
f 7747 7748 7749
f 7747 7749 7750
v 15.524 1.9143750000000002 4.609999999999999
v 15.524 1.9543750000000002 4.609999999999999
v 15.524 1.9543750000000002 7.01
v 15.524 1.9143750000000002 7.01
f 7751 7752 7753
f 7751 7753 7754
v 15.491999999999999 1.9143750000000002 4.609999999999999
v 15.524 1.9143750000000002 4.609999999999999
v 15.524 1.9143750000000002 7.01
v 15.491999999999999 1.9143750000000002 7.01
f 7755 7756 7757
f 7755 7757 7758
v 15.491999999999999 1.9543750000000002 4.609999999999999
v 15.491999999999999 1.9543750000000002 7.01
v 15.524 1.9543750000000002 7.01
v 15.524 1.9543750000000002 4.609999999999999
f 7759 7760 7761
f 7759 7761 7762
v 15.491999999999999 1.9143750000000002 4.609999999999999
v 15.491999999999999 1.9543750000000002 4.609999999999999
v 15.524 1.9543750000000002 4.609999999999999
v 15.524 1.9143750000000002 4.609999999999999
f 7763 7764 7765
f 7763 7765 7766
v 15.491999999999999 1.9143750000000002 7.01
v 15.524 1.9143750000000002 7.01
v 15.524 1.9543750000000002 7.01
v 15.491999999999999 1.9543750000000002 7.01
f 7767 7768 7769
f 7767 7769 7770
usemtl c_36_40_46
v 15.491999999999999 2.30125 4.609999999999999
v 15.491999999999999 2.30125 7.01
v 15.491999999999999 2.34125 7.01
v 15.491999999999999 2.34125 4.609999999999999
f 7771 7772 7773
f 7771 7773 7774
v 15.524 2.30125 4.609999999999999
v 15.524 2.34125 4.609999999999999
v 15.524 2.34125 7.01
v 15.524 2.30125 7.01
f 7775 7776 7777
f 7775 7777 7778
v 15.491999999999999 2.30125 4.609999999999999
v 15.524 2.30125 4.609999999999999
v 15.524 2.30125 7.01
v 15.491999999999999 2.30125 7.01
f 7779 7780 7781
f 7779 7781 7782
v 15.491999999999999 2.34125 4.609999999999999
v 15.491999999999999 2.34125 7.01
v 15.524 2.34125 7.01
v 15.524 2.34125 4.609999999999999
f 7783 7784 7785
f 7783 7785 7786
v 15.491999999999999 2.30125 4.609999999999999
v 15.491999999999999 2.34125 4.609999999999999
v 15.524 2.34125 4.609999999999999
v 15.524 2.30125 4.609999999999999
f 7787 7788 7789
f 7787 7789 7790
v 15.491999999999999 2.30125 7.01
v 15.524 2.30125 7.01
v 15.524 2.34125 7.01
v 15.491999999999999 2.34125 7.01
f 7791 7792 7793
f 7791 7793 7794
usemtl c_36_40_46
v 15.491999999999999 2.6881250000000003 4.609999999999999
v 15.491999999999999 2.6881250000000003 7.01
v 15.491999999999999 2.7281250000000004 7.01
v 15.491999999999999 2.7281250000000004 4.609999999999999
f 7795 7796 7797
f 7795 7797 7798
v 15.524 2.6881250000000003 4.609999999999999
v 15.524 2.7281250000000004 4.609999999999999
v 15.524 2.7281250000000004 7.01
v 15.524 2.6881250000000003 7.01
f 7799 7800 7801
f 7799 7801 7802
v 15.491999999999999 2.6881250000000003 4.609999999999999
v 15.524 2.6881250000000003 4.609999999999999
v 15.524 2.6881250000000003 7.01
v 15.491999999999999 2.6881250000000003 7.01
f 7803 7804 7805
f 7803 7805 7806
v 15.491999999999999 2.7281250000000004 4.609999999999999
v 15.491999999999999 2.7281250000000004 7.01
v 15.524 2.7281250000000004 7.01
v 15.524 2.7281250000000004 4.609999999999999
f 7807 7808 7809
f 7807 7809 7810
v 15.491999999999999 2.6881250000000003 4.609999999999999
v 15.491999999999999 2.7281250000000004 4.609999999999999
v 15.524 2.7281250000000004 4.609999999999999
v 15.524 2.6881250000000003 4.609999999999999
f 7811 7812 7813
f 7811 7813 7814
v 15.491999999999999 2.6881250000000003 7.01
v 15.524 2.6881250000000003 7.01
v 15.524 2.7281250000000004 7.01
v 15.491999999999999 2.7281250000000004 7.01
f 7815 7816 7817
f 7815 7817 7818
usemtl c_36_40_46
v 15.491999999999999 3.075 4.609999999999999
v 15.491999999999999 3.075 7.01
v 15.491999999999999 3.115 7.01
v 15.491999999999999 3.115 4.609999999999999
f 7819 7820 7821
f 7819 7821 7822
v 15.524 3.075 4.609999999999999
v 15.524 3.115 4.609999999999999
v 15.524 3.115 7.01
v 15.524 3.075 7.01
f 7823 7824 7825
f 7823 7825 7826
v 15.491999999999999 3.075 4.609999999999999
v 15.524 3.075 4.609999999999999
v 15.524 3.075 7.01
v 15.491999999999999 3.075 7.01
f 7827 7828 7829
f 7827 7829 7830
v 15.491999999999999 3.115 4.609999999999999
v 15.491999999999999 3.115 7.01
v 15.524 3.115 7.01
v 15.524 3.115 4.609999999999999
f 7831 7832 7833
f 7831 7833 7834
v 15.491999999999999 3.075 4.609999999999999
v 15.491999999999999 3.115 4.609999999999999
v 15.524 3.115 4.609999999999999
v 15.524 3.075 4.609999999999999
f 7835 7836 7837
f 7835 7837 7838
v 15.491999999999999 3.075 7.01
v 15.524 3.075 7.01
v 15.524 3.115 7.01
v 15.491999999999999 3.115 7.01
f 7839 7840 7841
f 7839 7841 7842
usemtl c_36_40_46
v 15.491999999999999 3.461875 4.609999999999999
v 15.491999999999999 3.461875 7.01
v 15.491999999999999 3.501875 7.01
v 15.491999999999999 3.501875 4.609999999999999
f 7843 7844 7845
f 7843 7845 7846
v 15.524 3.461875 4.609999999999999
v 15.524 3.501875 4.609999999999999
v 15.524 3.501875 7.01
v 15.524 3.461875 7.01
f 7847 7848 7849
f 7847 7849 7850
v 15.491999999999999 3.461875 4.609999999999999
v 15.524 3.461875 4.609999999999999
v 15.524 3.461875 7.01
v 15.491999999999999 3.461875 7.01
f 7851 7852 7853
f 7851 7853 7854
v 15.491999999999999 3.501875 4.609999999999999
v 15.491999999999999 3.501875 7.01
v 15.524 3.501875 7.01
v 15.524 3.501875 4.609999999999999
f 7855 7856 7857
f 7855 7857 7858
v 15.491999999999999 3.461875 4.609999999999999
v 15.491999999999999 3.501875 4.609999999999999
v 15.524 3.501875 4.609999999999999
v 15.524 3.461875 4.609999999999999
f 7859 7860 7861
f 7859 7861 7862
v 15.491999999999999 3.461875 7.01
v 15.524 3.461875 7.01
v 15.524 3.501875 7.01
v 15.491999999999999 3.501875 7.01
f 7863 7864 7865
f 7863 7865 7866
usemtl c_36_40_46
v 15.491999999999999 3.8487500000000003 4.609999999999999
v 15.491999999999999 3.8487500000000003 7.01
v 15.491999999999999 3.8887500000000004 7.01
v 15.491999999999999 3.8887500000000004 4.609999999999999
f 7867 7868 7869
f 7867 7869 7870
v 15.524 3.8487500000000003 4.609999999999999
v 15.524 3.8887500000000004 4.609999999999999
v 15.524 3.8887500000000004 7.01
v 15.524 3.8487500000000003 7.01
f 7871 7872 7873
f 7871 7873 7874
v 15.491999999999999 3.8487500000000003 4.609999999999999
v 15.524 3.8487500000000003 4.609999999999999
v 15.524 3.8487500000000003 7.01
v 15.491999999999999 3.8487500000000003 7.01
f 7875 7876 7877
f 7875 7877 7878
v 15.491999999999999 3.8887500000000004 4.609999999999999
v 15.491999999999999 3.8887500000000004 7.01
v 15.524 3.8887500000000004 7.01
v 15.524 3.8887500000000004 4.609999999999999
f 7879 7880 7881
f 7879 7881 7882
v 15.491999999999999 3.8487500000000003 4.609999999999999
v 15.491999999999999 3.8887500000000004 4.609999999999999
v 15.524 3.8887500000000004 4.609999999999999
v 15.524 3.8487500000000003 4.609999999999999
f 7883 7884 7885
f 7883 7885 7886
v 15.491999999999999 3.8487500000000003 7.01
v 15.524 3.8487500000000003 7.01
v 15.524 3.8887500000000004 7.01
v 15.491999999999999 3.8887500000000004 7.01
f 7887 7888 7889
f 7887 7889 7890
usemtl c_36_40_46
v 15.491999999999999 4.235625000000001 4.609999999999999
v 15.491999999999999 4.235625000000001 7.01
v 15.491999999999999 4.275625 7.01
v 15.491999999999999 4.275625 4.609999999999999
f 7891 7892 7893
f 7891 7893 7894
v 15.524 4.235625000000001 4.609999999999999
v 15.524 4.275625 4.609999999999999
v 15.524 4.275625 7.01
v 15.524 4.235625000000001 7.01
f 7895 7896 7897
f 7895 7897 7898
v 15.491999999999999 4.235625000000001 4.609999999999999
v 15.524 4.235625000000001 4.609999999999999
v 15.524 4.235625000000001 7.01
v 15.491999999999999 4.235625000000001 7.01
f 7899 7900 7901
f 7899 7901 7902
v 15.491999999999999 4.275625 4.609999999999999
v 15.491999999999999 4.275625 7.01
v 15.524 4.275625 7.01
v 15.524 4.275625 4.609999999999999
f 7903 7904 7905
f 7903 7905 7906
v 15.491999999999999 4.235625000000001 4.609999999999999
v 15.491999999999999 4.275625 4.609999999999999
v 15.524 4.275625 4.609999999999999
v 15.524 4.235625000000001 4.609999999999999
f 7907 7908 7909
f 7907 7909 7910
v 15.491999999999999 4.235625000000001 7.01
v 15.524 4.235625000000001 7.01
v 15.524 4.275625 7.01
v 15.491999999999999 4.275625 7.01
f 7911 7912 7913
f 7911 7913 7914
usemtl c_36_40_46
v 15.491999999999999 4.6225000000000005 4.609999999999999
v 15.491999999999999 4.6225000000000005 7.01
v 15.491999999999999 4.6625 7.01
v 15.491999999999999 4.6625 4.609999999999999
f 7915 7916 7917
f 7915 7917 7918
v 15.524 4.6225000000000005 4.609999999999999
v 15.524 4.6625 4.609999999999999
v 15.524 4.6625 7.01
v 15.524 4.6225000000000005 7.01
f 7919 7920 7921
f 7919 7921 7922
v 15.491999999999999 4.6225000000000005 4.609999999999999
v 15.524 4.6225000000000005 4.609999999999999
v 15.524 4.6225000000000005 7.01
v 15.491999999999999 4.6225000000000005 7.01
f 7923 7924 7925
f 7923 7925 7926
v 15.491999999999999 4.6625 4.609999999999999
v 15.491999999999999 4.6625 7.01
v 15.524 4.6625 7.01
v 15.524 4.6625 4.609999999999999
f 7927 7928 7929
f 7927 7929 7930
v 15.491999999999999 4.6225000000000005 4.609999999999999
v 15.491999999999999 4.6625 4.609999999999999
v 15.524 4.6625 4.609999999999999
v 15.524 4.6225000000000005 4.609999999999999
f 7931 7932 7933
f 7931 7933 7934
v 15.491999999999999 4.6225000000000005 7.01
v 15.524 4.6225000000000005 7.01
v 15.524 4.6625 7.01
v 15.491999999999999 4.6625 7.01
f 7935 7936 7937
f 7935 7937 7938
usemtl c_36_40_46
v 15.491999999999999 5.009375 4.609999999999999
v 15.491999999999999 5.009375 7.01
v 15.491999999999999 5.0493749999999995 7.01
v 15.491999999999999 5.0493749999999995 4.609999999999999
f 7939 7940 7941
f 7939 7941 7942
v 15.524 5.009375 4.609999999999999
v 15.524 5.0493749999999995 4.609999999999999
v 15.524 5.0493749999999995 7.01
v 15.524 5.009375 7.01
f 7943 7944 7945
f 7943 7945 7946
v 15.491999999999999 5.009375 4.609999999999999
v 15.524 5.009375 4.609999999999999
v 15.524 5.009375 7.01
v 15.491999999999999 5.009375 7.01
f 7947 7948 7949
f 7947 7949 7950
v 15.491999999999999 5.0493749999999995 4.609999999999999
v 15.491999999999999 5.0493749999999995 7.01
v 15.524 5.0493749999999995 7.01
v 15.524 5.0493749999999995 4.609999999999999
f 7951 7952 7953
f 7951 7953 7954
v 15.491999999999999 5.009375 4.609999999999999
v 15.491999999999999 5.0493749999999995 4.609999999999999
v 15.524 5.0493749999999995 4.609999999999999
v 15.524 5.009375 4.609999999999999
f 7955 7956 7957
f 7955 7957 7958
v 15.491999999999999 5.009375 7.01
v 15.524 5.009375 7.01
v 15.524 5.0493749999999995 7.01
v 15.491999999999999 5.0493749999999995 7.01
f 7959 7960 7961
f 7959 7961 7962
usemtl c_36_40_46
v 15.491999999999999 5.396250000000001 4.609999999999999
v 15.491999999999999 5.396250000000001 7.01
v 15.491999999999999 5.43625 7.01
v 15.491999999999999 5.43625 4.609999999999999
f 7963 7964 7965
f 7963 7965 7966
v 15.524 5.396250000000001 4.609999999999999
v 15.524 5.43625 4.609999999999999
v 15.524 5.43625 7.01
v 15.524 5.396250000000001 7.01
f 7967 7968 7969
f 7967 7969 7970
v 15.491999999999999 5.396250000000001 4.609999999999999
v 15.524 5.396250000000001 4.609999999999999
v 15.524 5.396250000000001 7.01
v 15.491999999999999 5.396250000000001 7.01
f 7971 7972 7973
f 7971 7973 7974
v 15.491999999999999 5.43625 4.609999999999999
v 15.491999999999999 5.43625 7.01
v 15.524 5.43625 7.01
v 15.524 5.43625 4.609999999999999
f 7975 7976 7977
f 7975 7977 7978
v 15.491999999999999 5.396250000000001 4.609999999999999
v 15.491999999999999 5.43625 4.609999999999999
v 15.524 5.43625 4.609999999999999
v 15.524 5.396250000000001 4.609999999999999
f 7979 7980 7981
f 7979 7981 7982
v 15.491999999999999 5.396250000000001 7.01
v 15.524 5.396250000000001 7.01
v 15.524 5.43625 7.01
v 15.491999999999999 5.43625 7.01
f 7983 7984 7985
f 7983 7985 7986
usemtl c_36_40_46
v 15.491999999999999 5.783125000000001 4.609999999999999
v 15.491999999999999 5.783125000000001 7.01
v 15.491999999999999 5.823125 7.01
v 15.491999999999999 5.823125 4.609999999999999
f 7987 7988 7989
f 7987 7989 7990
v 15.524 5.783125000000001 4.609999999999999
v 15.524 5.823125 4.609999999999999
v 15.524 5.823125 7.01
v 15.524 5.783125000000001 7.01
f 7991 7992 7993
f 7991 7993 7994
v 15.491999999999999 5.783125000000001 4.609999999999999
v 15.524 5.783125000000001 4.609999999999999
v 15.524 5.783125000000001 7.01
v 15.491999999999999 5.783125000000001 7.01
f 7995 7996 7997
f 7995 7997 7998
v 15.491999999999999 5.823125 4.609999999999999
v 15.491999999999999 5.823125 7.01
v 15.524 5.823125 7.01
v 15.524 5.823125 4.609999999999999
f 7999 8000 8001
f 7999 8001 8002
v 15.491999999999999 5.783125000000001 4.609999999999999
v 15.491999999999999 5.823125 4.609999999999999
v 15.524 5.823125 4.609999999999999
v 15.524 5.783125000000001 4.609999999999999
f 8003 8004 8005
f 8003 8005 8006
v 15.491999999999999 5.783125000000001 7.01
v 15.524 5.783125000000001 7.01
v 15.524 5.823125 7.01
v 15.491999999999999 5.823125 7.01
f 8007 8008 8009
f 8007 8009 8010
usemtl c_36_40_46
v 15.491999999999999 6.170000000000001 4.609999999999999
v 15.491999999999999 6.170000000000001 7.01
v 15.491999999999999 6.21 7.01
v 15.491999999999999 6.21 4.609999999999999
f 8011 8012 8013
f 8011 8013 8014
v 15.524 6.170000000000001 4.609999999999999
v 15.524 6.21 4.609999999999999
v 15.524 6.21 7.01
v 15.524 6.170000000000001 7.01
f 8015 8016 8017
f 8015 8017 8018
v 15.491999999999999 6.170000000000001 4.609999999999999
v 15.524 6.170000000000001 4.609999999999999
v 15.524 6.170000000000001 7.01
v 15.491999999999999 6.170000000000001 7.01
f 8019 8020 8021
f 8019 8021 8022
v 15.491999999999999 6.21 4.609999999999999
v 15.491999999999999 6.21 7.01
v 15.524 6.21 7.01
v 15.524 6.21 4.609999999999999
f 8023 8024 8025
f 8023 8025 8026
v 15.491999999999999 6.170000000000001 4.609999999999999
v 15.491999999999999 6.21 4.609999999999999
v 15.524 6.21 4.609999999999999
v 15.524 6.170000000000001 4.609999999999999
f 8027 8028 8029
f 8027 8029 8030
v 15.491999999999999 6.170000000000001 7.01
v 15.524 6.170000000000001 7.01
v 15.524 6.21 7.01
v 15.491999999999999 6.21 7.01
f 8031 8032 8033
f 8031 8033 8034
usemtl c_36_40_46
v 15.491999999999999 6.556875000000001 4.609999999999999
v 15.491999999999999 6.556875000000001 7.01
v 15.491999999999999 6.596875 7.01
v 15.491999999999999 6.596875 4.609999999999999
f 8035 8036 8037
f 8035 8037 8038
v 15.524 6.556875000000001 4.609999999999999
v 15.524 6.596875 4.609999999999999
v 15.524 6.596875 7.01
v 15.524 6.556875000000001 7.01
f 8039 8040 8041
f 8039 8041 8042
v 15.491999999999999 6.556875000000001 4.609999999999999
v 15.524 6.556875000000001 4.609999999999999
v 15.524 6.556875000000001 7.01
v 15.491999999999999 6.556875000000001 7.01
f 8043 8044 8045
f 8043 8045 8046
v 15.491999999999999 6.596875 4.609999999999999
v 15.491999999999999 6.596875 7.01
v 15.524 6.596875 7.01
v 15.524 6.596875 4.609999999999999
f 8047 8048 8049
f 8047 8049 8050
v 15.491999999999999 6.556875000000001 4.609999999999999
v 15.491999999999999 6.596875 4.609999999999999
v 15.524 6.596875 4.609999999999999
v 15.524 6.556875000000001 4.609999999999999
f 8051 8052 8053
f 8051 8053 8054
v 15.491999999999999 6.556875000000001 7.01
v 15.524 6.556875000000001 7.01
v 15.524 6.596875 7.01
v 15.491999999999999 6.596875 7.01
f 8055 8056 8057
f 8055 8057 8058
usemtl c_36_40_46
v 15.491999999999999 6.9437500000000005 4.609999999999999
v 15.491999999999999 6.9437500000000005 7.01
v 15.491999999999999 6.98375 7.01
v 15.491999999999999 6.98375 4.609999999999999
f 8059 8060 8061
f 8059 8061 8062
v 15.524 6.9437500000000005 4.609999999999999
v 15.524 6.98375 4.609999999999999
v 15.524 6.98375 7.01
v 15.524 6.9437500000000005 7.01
f 8063 8064 8065
f 8063 8065 8066
v 15.491999999999999 6.9437500000000005 4.609999999999999
v 15.524 6.9437500000000005 4.609999999999999
v 15.524 6.9437500000000005 7.01
v 15.491999999999999 6.9437500000000005 7.01
f 8067 8068 8069
f 8067 8069 8070
v 15.491999999999999 6.98375 4.609999999999999
v 15.491999999999999 6.98375 7.01
v 15.524 6.98375 7.01
v 15.524 6.98375 4.609999999999999
f 8071 8072 8073
f 8071 8073 8074
v 15.491999999999999 6.9437500000000005 4.609999999999999
v 15.491999999999999 6.98375 4.609999999999999
v 15.524 6.98375 4.609999999999999
v 15.524 6.9437500000000005 4.609999999999999
f 8075 8076 8077
f 8075 8077 8078
v 15.491999999999999 6.9437500000000005 7.01
v 15.524 6.9437500000000005 7.01
v 15.524 6.98375 7.01
v 15.491999999999999 6.98375 7.01
f 8079 8080 8081
f 8079 8081 8082
usemtl c_36_40_46
v 15.491999999999999 7.330625000000001 4.609999999999999
v 15.491999999999999 7.330625000000001 7.01
v 15.491999999999999 7.370625 7.01
v 15.491999999999999 7.370625 4.609999999999999
f 8083 8084 8085
f 8083 8085 8086
v 15.524 7.330625000000001 4.609999999999999
v 15.524 7.370625 4.609999999999999
v 15.524 7.370625 7.01
v 15.524 7.330625000000001 7.01
f 8087 8088 8089
f 8087 8089 8090
v 15.491999999999999 7.330625000000001 4.609999999999999
v 15.524 7.330625000000001 4.609999999999999
v 15.524 7.330625000000001 7.01
v 15.491999999999999 7.330625000000001 7.01
f 8091 8092 8093
f 8091 8093 8094
v 15.491999999999999 7.370625 4.609999999999999
v 15.491999999999999 7.370625 7.01
v 15.524 7.370625 7.01
v 15.524 7.370625 4.609999999999999
f 8095 8096 8097
f 8095 8097 8098
v 15.491999999999999 7.330625000000001 4.609999999999999
v 15.491999999999999 7.370625 4.609999999999999
v 15.524 7.370625 4.609999999999999
v 15.524 7.330625000000001 4.609999999999999
f 8099 8100 8101
f 8099 8101 8102
v 15.491999999999999 7.330625000000001 7.01
v 15.524 7.330625000000001 7.01
v 15.524 7.370625 7.01
v 15.491999999999999 7.370625 7.01
f 8103 8104 8105
f 8103 8105 8106
usemtl c_36_40_46
v 15.491999999999999 7.717500000000001 4.609999999999999
v 15.491999999999999 7.717500000000001 7.01
v 15.491999999999999 7.7575 7.01
v 15.491999999999999 7.7575 4.609999999999999
f 8107 8108 8109
f 8107 8109 8110
v 15.524 7.717500000000001 4.609999999999999
v 15.524 7.7575 4.609999999999999
v 15.524 7.7575 7.01
v 15.524 7.717500000000001 7.01
f 8111 8112 8113
f 8111 8113 8114
v 15.491999999999999 7.717500000000001 4.609999999999999
v 15.524 7.717500000000001 4.609999999999999
v 15.524 7.717500000000001 7.01
v 15.491999999999999 7.717500000000001 7.01
f 8115 8116 8117
f 8115 8117 8118
v 15.491999999999999 7.7575 4.609999999999999
v 15.491999999999999 7.7575 7.01
v 15.524 7.7575 7.01
v 15.524 7.7575 4.609999999999999
f 8119 8120 8121
f 8119 8121 8122
v 15.491999999999999 7.717500000000001 4.609999999999999
v 15.491999999999999 7.7575 4.609999999999999
v 15.524 7.7575 4.609999999999999
v 15.524 7.717500000000001 4.609999999999999
f 8123 8124 8125
f 8123 8125 8126
v 15.491999999999999 7.717500000000001 7.01
v 15.524 7.717500000000001 7.01
v 15.524 7.7575 7.01
v 15.491999999999999 7.7575 7.01
f 8127 8128 8129
f 8127 8129 8130
usemtl c_36_40_46
v 15.491999999999999 8.104375000000001 4.609999999999999
v 15.491999999999999 8.104375000000001 7.01
v 15.491999999999999 8.144375 7.01
v 15.491999999999999 8.144375 4.609999999999999
f 8131 8132 8133
f 8131 8133 8134
v 15.524 8.104375000000001 4.609999999999999
v 15.524 8.144375 4.609999999999999
v 15.524 8.144375 7.01
v 15.524 8.104375000000001 7.01
f 8135 8136 8137
f 8135 8137 8138
v 15.491999999999999 8.104375000000001 4.609999999999999
v 15.524 8.104375000000001 4.609999999999999
v 15.524 8.104375000000001 7.01
v 15.491999999999999 8.104375000000001 7.01
f 8139 8140 8141
f 8139 8141 8142
v 15.491999999999999 8.144375 4.609999999999999
v 15.491999999999999 8.144375 7.01
v 15.524 8.144375 7.01
v 15.524 8.144375 4.609999999999999
f 8143 8144 8145
f 8143 8145 8146
v 15.491999999999999 8.104375000000001 4.609999999999999
v 15.491999999999999 8.144375 4.609999999999999
v 15.524 8.144375 4.609999999999999
v 15.524 8.104375000000001 4.609999999999999
f 8147 8148 8149
f 8147 8149 8150
v 15.491999999999999 8.104375000000001 7.01
v 15.524 8.104375000000001 7.01
v 15.524 8.144375 7.01
v 15.491999999999999 8.144375 7.01
f 8151 8152 8153
f 8151 8153 8154
usemtl c_36_40_46
v 15.491999999999999 8.49125 4.609999999999999
v 15.491999999999999 8.49125 7.01
v 15.491999999999999 8.53125 7.01
v 15.491999999999999 8.53125 4.609999999999999
f 8155 8156 8157
f 8155 8157 8158
v 15.524 8.49125 4.609999999999999
v 15.524 8.53125 4.609999999999999
v 15.524 8.53125 7.01
v 15.524 8.49125 7.01
f 8159 8160 8161
f 8159 8161 8162
v 15.491999999999999 8.49125 4.609999999999999
v 15.524 8.49125 4.609999999999999
v 15.524 8.49125 7.01
v 15.491999999999999 8.49125 7.01
f 8163 8164 8165
f 8163 8165 8166
v 15.491999999999999 8.53125 4.609999999999999
v 15.491999999999999 8.53125 7.01
v 15.524 8.53125 7.01
v 15.524 8.53125 4.609999999999999
f 8167 8168 8169
f 8167 8169 8170
v 15.491999999999999 8.49125 4.609999999999999
v 15.491999999999999 8.53125 4.609999999999999
v 15.524 8.53125 4.609999999999999
v 15.524 8.49125 4.609999999999999
f 8171 8172 8173
f 8171 8173 8174
v 15.491999999999999 8.49125 7.01
v 15.524 8.49125 7.01
v 15.524 8.53125 7.01
v 15.491999999999999 8.53125 7.01
f 8175 8176 8177
f 8175 8177 8178
usemtl c_36_40_46
v 15.491999999999999 8.878125 4.609999999999999
v 15.491999999999999 8.878125 7.01
v 15.491999999999999 8.918125 7.01
v 15.491999999999999 8.918125 4.609999999999999
f 8179 8180 8181
f 8179 8181 8182
v 15.524 8.878125 4.609999999999999
v 15.524 8.918125 4.609999999999999
v 15.524 8.918125 7.01
v 15.524 8.878125 7.01
f 8183 8184 8185
f 8183 8185 8186
v 15.491999999999999 8.878125 4.609999999999999
v 15.524 8.878125 4.609999999999999
v 15.524 8.878125 7.01
v 15.491999999999999 8.878125 7.01
f 8187 8188 8189
f 8187 8189 8190
v 15.491999999999999 8.918125 4.609999999999999
v 15.491999999999999 8.918125 7.01
v 15.524 8.918125 7.01
v 15.524 8.918125 4.609999999999999
f 8191 8192 8193
f 8191 8193 8194
v 15.491999999999999 8.878125 4.609999999999999
v 15.491999999999999 8.918125 4.609999999999999
v 15.524 8.918125 4.609999999999999
v 15.524 8.878125 4.609999999999999
f 8195 8196 8197
f 8195 8197 8198
v 15.491999999999999 8.878125 7.01
v 15.524 8.878125 7.01
v 15.524 8.918125 7.01
v 15.491999999999999 8.918125 7.01
f 8199 8200 8201
f 8199 8201 8202
usemtl c_36_40_46
v 15.491999999999999 9.265 4.609999999999999
v 15.491999999999999 9.265 7.01
v 15.491999999999999 9.305 7.01
v 15.491999999999999 9.305 4.609999999999999
f 8203 8204 8205
f 8203 8205 8206
v 15.524 9.265 4.609999999999999
v 15.524 9.305 4.609999999999999
v 15.524 9.305 7.01
v 15.524 9.265 7.01
f 8207 8208 8209
f 8207 8209 8210
v 15.491999999999999 9.265 4.609999999999999
v 15.524 9.265 4.609999999999999
v 15.524 9.265 7.01
v 15.491999999999999 9.265 7.01
f 8211 8212 8213
f 8211 8213 8214
v 15.491999999999999 9.305 4.609999999999999
v 15.491999999999999 9.305 7.01
v 15.524 9.305 7.01
v 15.524 9.305 4.609999999999999
f 8215 8216 8217
f 8215 8217 8218
v 15.491999999999999 9.265 4.609999999999999
v 15.491999999999999 9.305 4.609999999999999
v 15.524 9.305 4.609999999999999
v 15.524 9.265 4.609999999999999
f 8219 8220 8221
f 8219 8221 8222
v 15.491999999999999 9.265 7.01
v 15.524 9.265 7.01
v 15.524 9.305 7.01
v 15.491999999999999 9.305 7.01
f 8223 8224 8225
f 8223 8225 8226
usemtl c_36_40_46
v 15.491999999999999 9.651875 4.609999999999999
v 15.491999999999999 9.651875 7.01
v 15.491999999999999 9.691875 7.01
v 15.491999999999999 9.691875 4.609999999999999
f 8227 8228 8229
f 8227 8229 8230
v 15.524 9.651875 4.609999999999999
v 15.524 9.691875 4.609999999999999
v 15.524 9.691875 7.01
v 15.524 9.651875 7.01
f 8231 8232 8233
f 8231 8233 8234
v 15.491999999999999 9.651875 4.609999999999999
v 15.524 9.651875 4.609999999999999
v 15.524 9.651875 7.01
v 15.491999999999999 9.651875 7.01
f 8235 8236 8237
f 8235 8237 8238
v 15.491999999999999 9.691875 4.609999999999999
v 15.491999999999999 9.691875 7.01
v 15.524 9.691875 7.01
v 15.524 9.691875 4.609999999999999
f 8239 8240 8241
f 8239 8241 8242
v 15.491999999999999 9.651875 4.609999999999999
v 15.491999999999999 9.691875 4.609999999999999
v 15.524 9.691875 4.609999999999999
v 15.524 9.651875 4.609999999999999
f 8243 8244 8245
f 8243 8245 8246
v 15.491999999999999 9.651875 7.01
v 15.524 9.651875 7.01
v 15.524 9.691875 7.01
v 15.491999999999999 9.691875 7.01
f 8247 8248 8249
f 8247 8249 8250
usemtl c_36_40_46
v 15.491999999999999 10.03875 4.609999999999999
v 15.491999999999999 10.03875 7.01
v 15.491999999999999 10.07875 7.01
v 15.491999999999999 10.07875 4.609999999999999
f 8251 8252 8253
f 8251 8253 8254
v 15.524 10.03875 4.609999999999999
v 15.524 10.07875 4.609999999999999
v 15.524 10.07875 7.01
v 15.524 10.03875 7.01
f 8255 8256 8257
f 8255 8257 8258
v 15.491999999999999 10.03875 4.609999999999999
v 15.524 10.03875 4.609999999999999
v 15.524 10.03875 7.01
v 15.491999999999999 10.03875 7.01
f 8259 8260 8261
f 8259 8261 8262
v 15.491999999999999 10.07875 4.609999999999999
v 15.491999999999999 10.07875 7.01
v 15.524 10.07875 7.01
v 15.524 10.07875 4.609999999999999
f 8263 8264 8265
f 8263 8265 8266
v 15.491999999999999 10.03875 4.609999999999999
v 15.491999999999999 10.07875 4.609999999999999
v 15.524 10.07875 4.609999999999999
v 15.524 10.03875 4.609999999999999
f 8267 8268 8269
f 8267 8269 8270
v 15.491999999999999 10.03875 7.01
v 15.524 10.03875 7.01
v 15.524 10.07875 7.01
v 15.491999999999999 10.07875 7.01
f 8271 8272 8273
f 8271 8273 8274
usemtl c_36_40_46
v 15.491999999999999 10.425625000000002 4.609999999999999
v 15.491999999999999 10.425625000000002 7.01
v 15.491999999999999 10.465625000000001 7.01
v 15.491999999999999 10.465625000000001 4.609999999999999
f 8275 8276 8277
f 8275 8277 8278
v 15.524 10.425625000000002 4.609999999999999
v 15.524 10.465625000000001 4.609999999999999
v 15.524 10.465625000000001 7.01
v 15.524 10.425625000000002 7.01
f 8279 8280 8281
f 8279 8281 8282
v 15.491999999999999 10.425625000000002 4.609999999999999
v 15.524 10.425625000000002 4.609999999999999
v 15.524 10.425625000000002 7.01
v 15.491999999999999 10.425625000000002 7.01
f 8283 8284 8285
f 8283 8285 8286
v 15.491999999999999 10.465625000000001 4.609999999999999
v 15.491999999999999 10.465625000000001 7.01
v 15.524 10.465625000000001 7.01
v 15.524 10.465625000000001 4.609999999999999
f 8287 8288 8289
f 8287 8289 8290
v 15.491999999999999 10.425625000000002 4.609999999999999
v 15.491999999999999 10.465625000000001 4.609999999999999
v 15.524 10.465625000000001 4.609999999999999
v 15.524 10.425625000000002 4.609999999999999
f 8291 8292 8293
f 8291 8293 8294
v 15.491999999999999 10.425625000000002 7.01
v 15.524 10.425625000000002 7.01
v 15.524 10.465625000000001 7.01
v 15.491999999999999 10.465625000000001 7.01
f 8295 8296 8297
f 8295 8297 8298
usemtl c_36_40_46
v 15.491999999999999 10.812500000000002 4.609999999999999
v 15.491999999999999 10.812500000000002 7.01
v 15.491999999999999 10.852500000000001 7.01
v 15.491999999999999 10.852500000000001 4.609999999999999
f 8299 8300 8301
f 8299 8301 8302
v 15.524 10.812500000000002 4.609999999999999
v 15.524 10.852500000000001 4.609999999999999
v 15.524 10.852500000000001 7.01
v 15.524 10.812500000000002 7.01
f 8303 8304 8305
f 8303 8305 8306
v 15.491999999999999 10.812500000000002 4.609999999999999
v 15.524 10.812500000000002 4.609999999999999
v 15.524 10.812500000000002 7.01
v 15.491999999999999 10.812500000000002 7.01
f 8307 8308 8309
f 8307 8309 8310
v 15.491999999999999 10.852500000000001 4.609999999999999
v 15.491999999999999 10.852500000000001 7.01
v 15.524 10.852500000000001 7.01
v 15.524 10.852500000000001 4.609999999999999
f 8311 8312 8313
f 8311 8313 8314
v 15.491999999999999 10.812500000000002 4.609999999999999
v 15.491999999999999 10.852500000000001 4.609999999999999
v 15.524 10.852500000000001 4.609999999999999
v 15.524 10.812500000000002 4.609999999999999
f 8315 8316 8317
f 8315 8317 8318
v 15.491999999999999 10.812500000000002 7.01
v 15.524 10.812500000000002 7.01
v 15.524 10.852500000000001 7.01
v 15.491999999999999 10.852500000000001 7.01
f 8319 8320 8321
f 8319 8321 8322
usemtl c_36_40_46
v 15.491999999999999 11.199375000000002 4.609999999999999
v 15.491999999999999 11.199375000000002 7.01
v 15.491999999999999 11.239375 7.01
v 15.491999999999999 11.239375 4.609999999999999
f 8323 8324 8325
f 8323 8325 8326
v 15.524 11.199375000000002 4.609999999999999
v 15.524 11.239375 4.609999999999999
v 15.524 11.239375 7.01
v 15.524 11.199375000000002 7.01
f 8327 8328 8329
f 8327 8329 8330
v 15.491999999999999 11.199375000000002 4.609999999999999
v 15.524 11.199375000000002 4.609999999999999
v 15.524 11.199375000000002 7.01
v 15.491999999999999 11.199375000000002 7.01
f 8331 8332 8333
f 8331 8333 8334
v 15.491999999999999 11.239375 4.609999999999999
v 15.491999999999999 11.239375 7.01
v 15.524 11.239375 7.01
v 15.524 11.239375 4.609999999999999
f 8335 8336 8337
f 8335 8337 8338
v 15.491999999999999 11.199375000000002 4.609999999999999
v 15.491999999999999 11.239375 4.609999999999999
v 15.524 11.239375 4.609999999999999
v 15.524 11.199375000000002 4.609999999999999
f 8339 8340 8341
f 8339 8341 8342
v 15.491999999999999 11.199375000000002 7.01
v 15.524 11.199375000000002 7.01
v 15.524 11.239375 7.01
v 15.491999999999999 11.239375 7.01
f 8343 8344 8345
f 8343 8345 8346
usemtl c_36_40_46
v 15.491999999999999 11.586250000000001 4.609999999999999
v 15.491999999999999 11.586250000000001 7.01
v 15.491999999999999 11.62625 7.01
v 15.491999999999999 11.62625 4.609999999999999
f 8347 8348 8349
f 8347 8349 8350
v 15.524 11.586250000000001 4.609999999999999
v 15.524 11.62625 4.609999999999999
v 15.524 11.62625 7.01
v 15.524 11.586250000000001 7.01
f 8351 8352 8353
f 8351 8353 8354
v 15.491999999999999 11.586250000000001 4.609999999999999
v 15.524 11.586250000000001 4.609999999999999
v 15.524 11.586250000000001 7.01
v 15.491999999999999 11.586250000000001 7.01
f 8355 8356 8357
f 8355 8357 8358
v 15.491999999999999 11.62625 4.609999999999999
v 15.491999999999999 11.62625 7.01
v 15.524 11.62625 7.01
v 15.524 11.62625 4.609999999999999
f 8359 8360 8361
f 8359 8361 8362
v 15.491999999999999 11.586250000000001 4.609999999999999
v 15.491999999999999 11.62625 4.609999999999999
v 15.524 11.62625 4.609999999999999
v 15.524 11.586250000000001 4.609999999999999
f 8363 8364 8365
f 8363 8365 8366
v 15.491999999999999 11.586250000000001 7.01
v 15.524 11.586250000000001 7.01
v 15.524 11.62625 7.01
v 15.491999999999999 11.62625 7.01
f 8367 8368 8369
f 8367 8369 8370
usemtl c_36_40_46
v 15.491999999999999 11.973125000000001 4.609999999999999
v 15.491999999999999 11.973125000000001 7.01
v 15.491999999999999 12.013125 7.01
v 15.491999999999999 12.013125 4.609999999999999
f 8371 8372 8373
f 8371 8373 8374
v 15.524 11.973125000000001 4.609999999999999
v 15.524 12.013125 4.609999999999999
v 15.524 12.013125 7.01
v 15.524 11.973125000000001 7.01
f 8375 8376 8377
f 8375 8377 8378
v 15.491999999999999 11.973125000000001 4.609999999999999
v 15.524 11.973125000000001 4.609999999999999
v 15.524 11.973125000000001 7.01
v 15.491999999999999 11.973125000000001 7.01
f 8379 8380 8381
f 8379 8381 8382
v 15.491999999999999 12.013125 4.609999999999999
v 15.491999999999999 12.013125 7.01
v 15.524 12.013125 7.01
v 15.524 12.013125 4.609999999999999
f 8383 8384 8385
f 8383 8385 8386
v 15.491999999999999 11.973125000000001 4.609999999999999
v 15.491999999999999 12.013125 4.609999999999999
v 15.524 12.013125 4.609999999999999
v 15.524 11.973125000000001 4.609999999999999
f 8387 8388 8389
f 8387 8389 8390
v 15.491999999999999 11.973125000000001 7.01
v 15.524 11.973125000000001 7.01
v 15.524 12.013125 7.01
v 15.491999999999999 12.013125 7.01
f 8391 8392 8393
f 8391 8393 8394
usemtl c_16_18_20
v 4.02 -0.19 6.39
v 4.02 -0.19 6.669999999999999
v 4.02 -0.13 6.669999999999999
v 4.02 -0.13 6.39
f 8395 8396 8397
f 8395 8397 8398
v 4.18 -0.19 6.39
v 4.18 -0.13 6.39
v 4.18 -0.13 6.669999999999999
v 4.18 -0.19 6.669999999999999
f 8399 8400 8401
f 8399 8401 8402
v 4.02 -0.19 6.39
v 4.18 -0.19 6.39
v 4.18 -0.19 6.669999999999999
v 4.02 -0.19 6.669999999999999
f 8403 8404 8405
f 8403 8405 8406
v 4.02 -0.13 6.39
v 4.02 -0.13 6.669999999999999
v 4.18 -0.13 6.669999999999999
v 4.18 -0.13 6.39
f 8407 8408 8409
f 8407 8409 8410
v 4.02 -0.19 6.39
v 4.02 -0.13 6.39
v 4.18 -0.13 6.39
v 4.18 -0.19 6.39
f 8411 8412 8413
f 8411 8413 8414
v 4.02 -0.19 6.669999999999999
v 4.18 -0.19 6.669999999999999
v 4.18 -0.13 6.669999999999999
v 4.02 -0.13 6.669999999999999
f 8415 8416 8417
f 8415 8417 8418
usemtl c_255_163_56
v 4.17 -0.22 6.4799999999999995
v 4.16467156727579 -0.24678784026555628 6.4799999999999995
v 4.159748737341529 -0.24474873734152916 6.453212159734443
v 4.16467156727579 -0.22 6.453212159734443
f 8419 8420 8421
f 8419 8421 8422
v 4.16467156727579 -0.22 6.506787840265556
v 4.159748737341529 -0.24474873734152916 6.506787840265556
v 4.16467156727579 -0.24678784026555628 6.4799999999999995
v 4.17 -0.22 6.4799999999999995
f 8423 8424 8425
f 8423 8425 8426
v 4.16467156727579 -0.22 6.453212159734443
v 4.159748737341529 -0.24474873734152916 6.453212159734443
v 4.145729703770673 -0.2389418635051169 6.430502525316941
v 4.149497474683058 -0.22 6.430502525316941
f 8427 8428 8429
f 8427 8429 8430
v 4.149497474683058 -0.22 6.529497474683058
v 4.145729703770673 -0.2389418635051169 6.529497474683058
v 4.159748737341529 -0.24474873734152916 6.506787840265556
v 4.16467156727579 -0.22 6.506787840265556
f 8431 8432 8433
f 8431 8433 8434
v 4.149497474683058 -0.22 6.430502525316941
v 4.145729703770673 -0.2389418635051169 6.430502525316941
v 4.124748737341529 -0.23025126265847085 6.415328432724209
v 4.126787840265556 -0.22 6.415328432724209
f 8435 8436 8437
f 8435 8437 8438
v 4.126787840265556 -0.22 6.54467156727579
v 4.124748737341529 -0.23025126265847085 6.54467156727579
v 4.145729703770673 -0.2389418635051169 6.529497474683058
v 4.149497474683058 -0.22 6.529497474683058
f 8439 8440 8441
f 8439 8441 8442
v 4.126787840265556 -0.22 6.415328432724209
v 4.124748737341529 -0.23025126265847085 6.415328432724209
v 4.1 -0.22 6.409999999999999
f 8443 8444 8445
v 4.1 -0.22 6.55
v 4.124748737341529 -0.23025126265847085 6.54467156727579
v 4.126787840265556 -0.22 6.54467156727579
f 8446 8447 8448
v 4.16467156727579 -0.24678784026555628 6.4799999999999995
v 4.149497474683058 -0.26949747468305835 6.4799999999999995
v 4.145729703770673 -0.2657297037706732 6.453212159734443
v 4.159748737341529 -0.24474873734152916 6.453212159734443
f 8449 8450 8451
f 8449 8451 8452
v 4.159748737341529 -0.24474873734152916 6.506787840265556
v 4.145729703770673 -0.2657297037706732 6.506787840265556
v 4.149497474683058 -0.26949747468305835 6.4799999999999995
v 4.16467156727579 -0.24678784026555628 6.4799999999999995
f 8453 8454 8455
f 8453 8455 8456
v 4.159748737341529 -0.24474873734152916 6.453212159734443
v 4.145729703770673 -0.2657297037706732 6.453212159734443
v 4.135 -0.255 6.430502525316941
v 4.145729703770673 -0.2389418635051169 6.430502525316941
f 8457 8458 8459
f 8457 8459 8460
v 4.145729703770673 -0.2389418635051169 6.529497474683058
v 4.135 -0.255 6.529497474683058
v 4.145729703770673 -0.2657297037706732 6.506787840265556
v 4.159748737341529 -0.24474873734152916 6.506787840265556
f 8461 8462 8463
f 8461 8463 8464
v 4.145729703770673 -0.2389418635051169 6.430502525316941
v 4.135 -0.255 6.430502525316941
v 4.118941863505117 -0.2389418635051169 6.415328432724209
v 4.124748737341529 -0.23025126265847085 6.415328432724209
f 8465 8466 8467
f 8465 8467 8468
v 4.124748737341529 -0.23025126265847085 6.54467156727579
v 4.118941863505117 -0.2389418635051169 6.54467156727579
v 4.135 -0.255 6.529497474683058
v 4.145729703770673 -0.2389418635051169 6.529497474683058
f 8469 8470 8471
f 8469 8471 8472
v 4.124748737341529 -0.23025126265847085 6.415328432724209
v 4.118941863505117 -0.2389418635051169 6.415328432724209
v 4.1 -0.22 6.409999999999999
f 8473 8474 8475
v 4.1 -0.22 6.55
v 4.118941863505117 -0.2389418635051169 6.54467156727579
v 4.124748737341529 -0.23025126265847085 6.54467156727579
f 8476 8477 8478
v 4.149497474683058 -0.26949747468305835 6.4799999999999995
v 4.126787840265556 -0.28467156727579007 6.4799999999999995
v 4.124748737341529 -0.27974873734152916 6.453212159734443
v 4.145729703770673 -0.2657297037706732 6.453212159734443
f 8479 8480 8481
f 8479 8481 8482
v 4.145729703770673 -0.2657297037706732 6.506787840265556
v 4.124748737341529 -0.27974873734152916 6.506787840265556
v 4.126787840265556 -0.28467156727579007 6.4799999999999995
v 4.149497474683058 -0.26949747468305835 6.4799999999999995
f 8483 8484 8485
f 8483 8485 8486
v 4.145729703770673 -0.2657297037706732 6.453212159734443
v 4.124748737341529 -0.27974873734152916 6.453212159734443
v 4.118941863505117 -0.2657297037706732 6.430502525316941
v 4.135 -0.255 6.430502525316941
f 8487 8488 8489
f 8487 8489 8490
v 4.135 -0.255 6.529497474683058
v 4.118941863505117 -0.2657297037706732 6.529497474683058
v 4.124748737341529 -0.27974873734152916 6.506787840265556
v 4.145729703770673 -0.2657297037706732 6.506787840265556
f 8491 8492 8493
f 8491 8493 8494
v 4.135 -0.255 6.430502525316941
v 4.118941863505117 -0.2657297037706732 6.430502525316941
v 4.110251262658471 -0.2447487373415292 6.415328432724209
v 4.118941863505117 -0.2389418635051169 6.415328432724209
f 8495 8496 8497
f 8495 8497 8498
v 4.118941863505117 -0.2389418635051169 6.54467156727579
v 4.110251262658471 -0.2447487373415292 6.54467156727579
v 4.118941863505117 -0.2657297037706732 6.529497474683058
v 4.135 -0.255 6.529497474683058
f 8499 8500 8501
f 8499 8501 8502
v 4.118941863505117 -0.2389418635051169 6.415328432724209
v 4.110251262658471 -0.2447487373415292 6.415328432724209
v 4.1 -0.22 6.409999999999999
f 8503 8504 8505
v 4.1 -0.22 6.55
v 4.110251262658471 -0.2447487373415292 6.54467156727579
v 4.118941863505117 -0.2389418635051169 6.54467156727579
f 8506 8507 8508
v 4.126787840265556 -0.28467156727579007 6.4799999999999995
v 4.1 -0.29000000000000004 6.4799999999999995
v 4.1 -0.28467156727579007 6.453212159734443
v 4.124748737341529 -0.27974873734152916 6.453212159734443
f 8509 8510 8511
f 8509 8511 8512
v 4.124748737341529 -0.27974873734152916 6.506787840265556
v 4.1 -0.28467156727579007 6.506787840265556
v 4.1 -0.29000000000000004 6.4799999999999995
v 4.126787840265556 -0.28467156727579007 6.4799999999999995
f 8513 8514 8515
f 8513 8515 8516
v 4.124748737341529 -0.27974873734152916 6.453212159734443
v 4.1 -0.28467156727579007 6.453212159734443
v 4.1 -0.26949747468305835 6.430502525316941
v 4.118941863505117 -0.2657297037706732 6.430502525316941
f 8517 8518 8519
f 8517 8519 8520
v 4.118941863505117 -0.2657297037706732 6.529497474683058
v 4.1 -0.26949747468305835 6.529497474683058
v 4.1 -0.28467156727579007 6.506787840265556
v 4.124748737341529 -0.27974873734152916 6.506787840265556
f 8521 8522 8523
f 8521 8523 8524
v 4.118941863505117 -0.2657297037706732 6.430502525316941
v 4.1 -0.26949747468305835 6.430502525316941
v 4.1 -0.24678784026555628 6.415328432724209
v 4.110251262658471 -0.2447487373415292 6.415328432724209
f 8525 8526 8527
f 8525 8527 8528
v 4.110251262658471 -0.2447487373415292 6.54467156727579
v 4.1 -0.24678784026555628 6.54467156727579
v 4.1 -0.26949747468305835 6.529497474683058
v 4.118941863505117 -0.2657297037706732 6.529497474683058
f 8529 8530 8531
f 8529 8531 8532
v 4.110251262658471 -0.2447487373415292 6.415328432724209
v 4.1 -0.24678784026555628 6.415328432724209
v 4.1 -0.22 6.409999999999999
f 8533 8534 8535
v 4.1 -0.22 6.55
v 4.1 -0.24678784026555628 6.54467156727579
v 4.110251262658471 -0.2447487373415292 6.54467156727579
f 8536 8537 8538
v 4.1 -0.29000000000000004 6.4799999999999995
v 4.073212159734443 -0.28467156727579007 6.4799999999999995
v 4.075251262658471 -0.27974873734152916 6.453212159734443
v 4.1 -0.28467156727579007 6.453212159734443
f 8539 8540 8541
f 8539 8541 8542
v 4.1 -0.28467156727579007 6.506787840265556
v 4.075251262658471 -0.27974873734152916 6.506787840265556
v 4.073212159734443 -0.28467156727579007 6.4799999999999995
v 4.1 -0.29000000000000004 6.4799999999999995
f 8543 8544 8545
f 8543 8545 8546
v 4.1 -0.28467156727579007 6.453212159734443
v 4.075251262658471 -0.27974873734152916 6.453212159734443
v 4.081058136494883 -0.2657297037706732 6.430502525316941
v 4.1 -0.26949747468305835 6.430502525316941
f 8547 8548 8549
f 8547 8549 8550
v 4.1 -0.26949747468305835 6.529497474683058
v 4.081058136494883 -0.2657297037706732 6.529497474683058
v 4.075251262658471 -0.27974873734152916 6.506787840265556
v 4.1 -0.28467156727579007 6.506787840265556
f 8551 8552 8553
f 8551 8553 8554
v 4.1 -0.26949747468305835 6.430502525316941
v 4.081058136494883 -0.2657297037706732 6.430502525316941
v 4.089748737341528 -0.2447487373415292 6.415328432724209
v 4.1 -0.24678784026555628 6.415328432724209
f 8555 8556 8557
f 8555 8557 8558
v 4.1 -0.24678784026555628 6.54467156727579
v 4.089748737341528 -0.2447487373415292 6.54467156727579
v 4.081058136494883 -0.2657297037706732 6.529497474683058
v 4.1 -0.26949747468305835 6.529497474683058
f 8559 8560 8561
f 8559 8561 8562
v 4.1 -0.24678784026555628 6.415328432724209
v 4.089748737341528 -0.2447487373415292 6.415328432724209
v 4.1 -0.22 6.409999999999999
f 8563 8564 8565
v 4.1 -0.22 6.55
v 4.089748737341528 -0.2447487373415292 6.54467156727579
v 4.1 -0.24678784026555628 6.54467156727579
f 8566 8567 8568
v 4.073212159734443 -0.28467156727579007 6.4799999999999995
v 4.050502525316941 -0.26949747468305835 6.4799999999999995
v 4.054270296229326 -0.2657297037706732 6.453212159734443
v 4.075251262658471 -0.27974873734152916 6.453212159734443
f 8569 8570 8571
f 8569 8571 8572
v 4.075251262658471 -0.27974873734152916 6.506787840265556
v 4.054270296229326 -0.2657297037706732 6.506787840265556
v 4.050502525316941 -0.26949747468305835 6.4799999999999995
v 4.073212159734443 -0.28467156727579007 6.4799999999999995
f 8573 8574 8575
f 8573 8575 8576
v 4.075251262658471 -0.27974873734152916 6.453212159734443
v 4.054270296229326 -0.2657297037706732 6.453212159734443
v 4.0649999999999995 -0.255 6.430502525316941
v 4.081058136494883 -0.2657297037706732 6.430502525316941
f 8577 8578 8579
f 8577 8579 8580
v 4.081058136494883 -0.2657297037706732 6.529497474683058
v 4.0649999999999995 -0.255 6.529497474683058
v 4.054270296229326 -0.2657297037706732 6.506787840265556
v 4.075251262658471 -0.27974873734152916 6.506787840265556
f 8581 8582 8583
f 8581 8583 8584
v 4.081058136494883 -0.2657297037706732 6.430502525316941
v 4.0649999999999995 -0.255 6.430502525316941
v 4.081058136494883 -0.2389418635051169 6.415328432724209
v 4.089748737341528 -0.2447487373415292 6.415328432724209
f 8585 8586 8587
f 8585 8587 8588
v 4.089748737341528 -0.2447487373415292 6.54467156727579
v 4.081058136494883 -0.2389418635051169 6.54467156727579
v 4.0649999999999995 -0.255 6.529497474683058
v 4.081058136494883 -0.2657297037706732 6.529497474683058
f 8589 8590 8591
f 8589 8591 8592
v 4.089748737341528 -0.2447487373415292 6.415328432724209
v 4.081058136494883 -0.2389418635051169 6.415328432724209
v 4.1 -0.22 6.409999999999999
f 8593 8594 8595
v 4.1 -0.22 6.55
v 4.081058136494883 -0.2389418635051169 6.54467156727579
v 4.089748737341528 -0.2447487373415292 6.54467156727579
f 8596 8597 8598
v 4.050502525316941 -0.26949747468305835 6.4799999999999995
v 4.035328432724209 -0.2467878402655563 6.4799999999999995
v 4.040251262658471 -0.2447487373415292 6.453212159734443
v 4.054270296229326 -0.2657297037706732 6.453212159734443
f 8599 8600 8601
f 8599 8601 8602
v 4.054270296229326 -0.2657297037706732 6.506787840265556
v 4.040251262658471 -0.2447487373415292 6.506787840265556
v 4.035328432724209 -0.2467878402655563 6.4799999999999995
v 4.050502525316941 -0.26949747468305835 6.4799999999999995
f 8603 8604 8605
f 8603 8605 8606
v 4.054270296229326 -0.2657297037706732 6.453212159734443
v 4.040251262658471 -0.2447487373415292 6.453212159734443
v 4.054270296229326 -0.2389418635051169 6.430502525316941
v 4.0649999999999995 -0.255 6.430502525316941
f 8607 8608 8609
f 8607 8609 8610
v 4.0649999999999995 -0.255 6.529497474683058
v 4.054270296229326 -0.2389418635051169 6.529497474683058
v 4.040251262658471 -0.2447487373415292 6.506787840265556
v 4.054270296229326 -0.2657297037706732 6.506787840265556
f 8611 8612 8613
f 8611 8613 8614
v 4.0649999999999995 -0.255 6.430502525316941
v 4.054270296229326 -0.2389418635051169 6.430502525316941
v 4.075251262658471 -0.23025126265847085 6.415328432724209
v 4.081058136494883 -0.2389418635051169 6.415328432724209
f 8615 8616 8617
f 8615 8617 8618
v 4.081058136494883 -0.2389418635051169 6.54467156727579
v 4.075251262658471 -0.23025126265847085 6.54467156727579
v 4.054270296229326 -0.2389418635051169 6.529497474683058
v 4.0649999999999995 -0.255 6.529497474683058
f 8619 8620 8621
f 8619 8621 8622
v 4.081058136494883 -0.2389418635051169 6.415328432724209
v 4.075251262658471 -0.23025126265847085 6.415328432724209
v 4.1 -0.22 6.409999999999999
f 8623 8624 8625
v 4.1 -0.22 6.55
v 4.075251262658471 -0.23025126265847085 6.54467156727579
v 4.081058136494883 -0.2389418635051169 6.54467156727579
f 8626 8627 8628
v 4.035328432724209 -0.2467878402655563 6.4799999999999995
v 4.029999999999999 -0.22 6.4799999999999995
v 4.035328432724209 -0.22 6.453212159734443
v 4.040251262658471 -0.2447487373415292 6.453212159734443
f 8629 8630 8631
f 8629 8631 8632
v 4.040251262658471 -0.2447487373415292 6.506787840265556
v 4.035328432724209 -0.22 6.506787840265556
v 4.029999999999999 -0.22 6.4799999999999995
v 4.035328432724209 -0.2467878402655563 6.4799999999999995
f 8633 8634 8635
f 8633 8635 8636
v 4.040251262658471 -0.2447487373415292 6.453212159734443
v 4.035328432724209 -0.22 6.453212159734443
v 4.050502525316941 -0.22 6.430502525316941
v 4.054270296229326 -0.2389418635051169 6.430502525316941
f 8637 8638 8639
f 8637 8639 8640
v 4.054270296229326 -0.2389418635051169 6.529497474683058
v 4.050502525316941 -0.22 6.529497474683058
v 4.035328432724209 -0.22 6.506787840265556
v 4.040251262658471 -0.2447487373415292 6.506787840265556
f 8641 8642 8643
f 8641 8643 8644
v 4.054270296229326 -0.2389418635051169 6.430502525316941
v 4.050502525316941 -0.22 6.430502525316941
v 4.073212159734443 -0.22 6.415328432724209
v 4.075251262658471 -0.23025126265847085 6.415328432724209
f 8645 8646 8647
f 8645 8647 8648
v 4.075251262658471 -0.23025126265847085 6.54467156727579
v 4.073212159734443 -0.22 6.54467156727579
v 4.050502525316941 -0.22 6.529497474683058
v 4.054270296229326 -0.2389418635051169 6.529497474683058
f 8649 8650 8651
f 8649 8651 8652
v 4.075251262658471 -0.23025126265847085 6.415328432724209
v 4.073212159734443 -0.22 6.415328432724209
v 4.1 -0.22 6.409999999999999
f 8653 8654 8655
v 4.1 -0.22 6.55
v 4.073212159734443 -0.22 6.54467156727579
v 4.075251262658471 -0.23025126265847085 6.54467156727579
f 8656 8657 8658
v 4.029999999999999 -0.22 6.4799999999999995
v 4.035328432724209 -0.19321215973444372 6.4799999999999995
v 4.040251262658471 -0.19525126265847084 6.453212159734443
v 4.035328432724209 -0.22 6.453212159734443
f 8659 8660 8661
f 8659 8661 8662
v 4.035328432724209 -0.22 6.506787840265556
v 4.040251262658471 -0.19525126265847084 6.506787840265556
v 4.035328432724209 -0.19321215973444372 6.4799999999999995
v 4.029999999999999 -0.22 6.4799999999999995
f 8663 8664 8665
f 8663 8665 8666
v 4.035328432724209 -0.22 6.453212159734443
v 4.040251262658471 -0.19525126265847084 6.453212159734443
v 4.054270296229326 -0.2010581364948831 6.430502525316941
v 4.050502525316941 -0.22 6.430502525316941
f 8667 8668 8669
f 8667 8669 8670
v 4.050502525316941 -0.22 6.529497474683058
v 4.054270296229326 -0.2010581364948831 6.529497474683058
v 4.040251262658471 -0.19525126265847084 6.506787840265556
v 4.035328432724209 -0.22 6.506787840265556
f 8671 8672 8673
f 8671 8673 8674
v 4.050502525316941 -0.22 6.430502525316941
v 4.054270296229326 -0.2010581364948831 6.430502525316941
v 4.075251262658471 -0.20974873734152916 6.415328432724209
v 4.073212159734443 -0.22 6.415328432724209
f 8675 8676 8677
f 8675 8677 8678
v 4.073212159734443 -0.22 6.54467156727579
v 4.075251262658471 -0.20974873734152916 6.54467156727579
v 4.054270296229326 -0.2010581364948831 6.529497474683058
v 4.050502525316941 -0.22 6.529497474683058
f 8679 8680 8681
f 8679 8681 8682
v 4.073212159734443 -0.22 6.415328432724209
v 4.075251262658471 -0.20974873734152916 6.415328432724209
v 4.1 -0.22 6.409999999999999
f 8683 8684 8685
v 4.1 -0.22 6.55
v 4.075251262658471 -0.20974873734152916 6.54467156727579
v 4.073212159734443 -0.22 6.54467156727579
f 8686 8687 8688
v 4.035328432724209 -0.19321215973444372 6.4799999999999995
v 4.050502525316941 -0.17050252531694168 6.4799999999999995
v 4.054270296229326 -0.17427029622932683 6.453212159734443
v 4.040251262658471 -0.19525126265847084 6.453212159734443
f 8689 8690 8691
f 8689 8691 8692
v 4.040251262658471 -0.19525126265847084 6.506787840265556
v 4.054270296229326 -0.17427029622932683 6.506787840265556
v 4.050502525316941 -0.17050252531694168 6.4799999999999995
v 4.035328432724209 -0.19321215973444372 6.4799999999999995
f 8693 8694 8695
f 8693 8695 8696
v 4.040251262658471 -0.19525126265847084 6.453212159734443
v 4.054270296229326 -0.17427029622932683 6.453212159734443
v 4.0649999999999995 -0.185 6.430502525316941
v 4.054270296229326 -0.2010581364948831 6.430502525316941
f 8697 8698 8699
f 8697 8699 8700
v 4.054270296229326 -0.2010581364948831 6.529497474683058
v 4.0649999999999995 -0.185 6.529497474683058
v 4.054270296229326 -0.17427029622932683 6.506787840265556
v 4.040251262658471 -0.19525126265847084 6.506787840265556
f 8701 8702 8703
f 8701 8703 8704
v 4.054270296229326 -0.2010581364948831 6.430502525316941
v 4.0649999999999995 -0.185 6.430502525316941
v 4.081058136494883 -0.2010581364948831 6.415328432724209
v 4.075251262658471 -0.20974873734152916 6.415328432724209
f 8705 8706 8707
f 8705 8707 8708
v 4.075251262658471 -0.20974873734152916 6.54467156727579
v 4.081058136494883 -0.2010581364948831 6.54467156727579
v 4.0649999999999995 -0.185 6.529497474683058
v 4.054270296229326 -0.2010581364948831 6.529497474683058
f 8709 8710 8711
f 8709 8711 8712
v 4.075251262658471 -0.20974873734152916 6.415328432724209
v 4.081058136494883 -0.2010581364948831 6.415328432724209
v 4.1 -0.22 6.409999999999999
f 8713 8714 8715
v 4.1 -0.22 6.55
v 4.081058136494883 -0.2010581364948831 6.54467156727579
v 4.075251262658471 -0.20974873734152916 6.54467156727579
f 8716 8717 8718
v 4.050502525316941 -0.17050252531694168 6.4799999999999995
v 4.073212159734443 -0.15532843272420993 6.4799999999999995
v 4.075251262658471 -0.16025126265847084 6.453212159734443
v 4.054270296229326 -0.17427029622932683 6.453212159734443
f 8719 8720 8721
f 8719 8721 8722
v 4.054270296229326 -0.17427029622932683 6.506787840265556
v 4.075251262658471 -0.16025126265847084 6.506787840265556
v 4.073212159734443 -0.15532843272420993 6.4799999999999995
v 4.050502525316941 -0.17050252531694168 6.4799999999999995
f 8723 8724 8725
f 8723 8725 8726
v 4.054270296229326 -0.17427029622932683 6.453212159734443
v 4.075251262658471 -0.16025126265847084 6.453212159734443
v 4.081058136494883 -0.17427029622932683 6.430502525316941
v 4.0649999999999995 -0.185 6.430502525316941
f 8727 8728 8729
f 8727 8729 8730
v 4.0649999999999995 -0.185 6.529497474683058
v 4.081058136494883 -0.17427029622932683 6.529497474683058
v 4.075251262658471 -0.16025126265847084 6.506787840265556
v 4.054270296229326 -0.17427029622932683 6.506787840265556
f 8731 8732 8733
f 8731 8733 8734
v 4.0649999999999995 -0.185 6.430502525316941
v 4.081058136494883 -0.17427029622932683 6.430502525316941
v 4.089748737341528 -0.19525126265847084 6.415328432724209
v 4.081058136494883 -0.2010581364948831 6.415328432724209
f 8735 8736 8737
f 8735 8737 8738
v 4.081058136494883 -0.2010581364948831 6.54467156727579
v 4.089748737341528 -0.19525126265847084 6.54467156727579
v 4.081058136494883 -0.17427029622932683 6.529497474683058
v 4.0649999999999995 -0.185 6.529497474683058
f 8739 8740 8741
f 8739 8741 8742
v 4.081058136494883 -0.2010581364948831 6.415328432724209
v 4.089748737341528 -0.19525126265847084 6.415328432724209
v 4.1 -0.22 6.409999999999999
f 8743 8744 8745
v 4.1 -0.22 6.55
v 4.089748737341528 -0.19525126265847084 6.54467156727579
v 4.081058136494883 -0.2010581364948831 6.54467156727579
f 8746 8747 8748
v 4.073212159734443 -0.15532843272420993 6.4799999999999995
v 4.1 -0.15 6.4799999999999995
v 4.1 -0.15532843272420993 6.453212159734443
v 4.075251262658471 -0.16025126265847084 6.453212159734443
f 8749 8750 8751
f 8749 8751 8752
v 4.075251262658471 -0.16025126265847084 6.506787840265556
v 4.1 -0.15532843272420993 6.506787840265556
v 4.1 -0.15 6.4799999999999995
v 4.073212159734443 -0.15532843272420993 6.4799999999999995
f 8753 8754 8755
f 8753 8755 8756
v 4.075251262658471 -0.16025126265847084 6.453212159734443
v 4.1 -0.15532843272420993 6.453212159734443
v 4.1 -0.17050252531694166 6.430502525316941
v 4.081058136494883 -0.17427029622932683 6.430502525316941
f 8757 8758 8759
f 8757 8759 8760
v 4.081058136494883 -0.17427029622932683 6.529497474683058
v 4.1 -0.17050252531694166 6.529497474683058
v 4.1 -0.15532843272420993 6.506787840265556
v 4.075251262658471 -0.16025126265847084 6.506787840265556
f 8761 8762 8763
f 8761 8763 8764
v 4.081058136494883 -0.17427029622932683 6.430502525316941
v 4.1 -0.17050252531694166 6.430502525316941
v 4.1 -0.19321215973444372 6.415328432724209
v 4.089748737341528 -0.19525126265847084 6.415328432724209
f 8765 8766 8767
f 8765 8767 8768
v 4.089748737341528 -0.19525126265847084 6.54467156727579
v 4.1 -0.19321215973444372 6.54467156727579
v 4.1 -0.17050252531694166 6.529497474683058
v 4.081058136494883 -0.17427029622932683 6.529497474683058
f 8769 8770 8771
f 8769 8771 8772
v 4.089748737341528 -0.19525126265847084 6.415328432724209
v 4.1 -0.19321215973444372 6.415328432724209
v 4.1 -0.22 6.409999999999999
f 8773 8774 8775
v 4.1 -0.22 6.55
v 4.1 -0.19321215973444372 6.54467156727579
v 4.089748737341528 -0.19525126265847084 6.54467156727579
f 8776 8777 8778
v 4.1 -0.15 6.4799999999999995
v 4.126787840265556 -0.15532843272420993 6.4799999999999995
v 4.124748737341529 -0.16025126265847084 6.453212159734443
v 4.1 -0.15532843272420993 6.453212159734443
f 8779 8780 8781
f 8779 8781 8782
v 4.1 -0.15532843272420993 6.506787840265556
v 4.124748737341529 -0.16025126265847084 6.506787840265556
v 4.126787840265556 -0.15532843272420993 6.4799999999999995
v 4.1 -0.15 6.4799999999999995
f 8783 8784 8785
f 8783 8785 8786
v 4.1 -0.15532843272420993 6.453212159734443
v 4.124748737341529 -0.16025126265847084 6.453212159734443
v 4.118941863505117 -0.17427029622932683 6.430502525316941
v 4.1 -0.17050252531694166 6.430502525316941
f 8787 8788 8789
f 8787 8789 8790
v 4.1 -0.17050252531694166 6.529497474683058
v 4.118941863505117 -0.17427029622932683 6.529497474683058
v 4.124748737341529 -0.16025126265847084 6.506787840265556
v 4.1 -0.15532843272420993 6.506787840265556
f 8791 8792 8793
f 8791 8793 8794
v 4.1 -0.17050252531694166 6.430502525316941
v 4.118941863505117 -0.17427029622932683 6.430502525316941
v 4.110251262658471 -0.19525126265847084 6.415328432724209
v 4.1 -0.19321215973444372 6.415328432724209
f 8795 8796 8797
f 8795 8797 8798
v 4.1 -0.19321215973444372 6.54467156727579
v 4.110251262658471 -0.19525126265847084 6.54467156727579
v 4.118941863505117 -0.17427029622932683 6.529497474683058
v 4.1 -0.17050252531694166 6.529497474683058
f 8799 8800 8801
f 8799 8801 8802
v 4.1 -0.19321215973444372 6.415328432724209
v 4.110251262658471 -0.19525126265847084 6.415328432724209
v 4.1 -0.22 6.409999999999999
f 8803 8804 8805
v 4.1 -0.22 6.55
v 4.110251262658471 -0.19525126265847084 6.54467156727579
v 4.1 -0.19321215973444372 6.54467156727579
f 8806 8807 8808
v 4.126787840265556 -0.15532843272420993 6.4799999999999995
v 4.1494974746830575 -0.17050252531694166 6.4799999999999995
v 4.145729703770673 -0.1742702962293268 6.453212159734443
v 4.124748737341529 -0.16025126265847084 6.453212159734443
f 8809 8810 8811
f 8809 8811 8812
v 4.124748737341529 -0.16025126265847084 6.506787840265556
v 4.145729703770673 -0.1742702962293268 6.506787840265556
v 4.1494974746830575 -0.17050252531694166 6.4799999999999995
v 4.126787840265556 -0.15532843272420993 6.4799999999999995
f 8813 8814 8815
f 8813 8815 8816
v 4.124748737341529 -0.16025126265847084 6.453212159734443
v 4.145729703770673 -0.1742702962293268 6.453212159734443
v 4.135 -0.185 6.430502525316941
v 4.118941863505117 -0.17427029622932683 6.430502525316941
f 8817 8818 8819
f 8817 8819 8820
v 4.118941863505117 -0.17427029622932683 6.529497474683058
v 4.135 -0.185 6.529497474683058
v 4.145729703770673 -0.1742702962293268 6.506787840265556
v 4.124748737341529 -0.16025126265847084 6.506787840265556
f 8821 8822 8823
f 8821 8823 8824
v 4.118941863505117 -0.17427029622932683 6.430502525316941
v 4.135 -0.185 6.430502525316941
v 4.118941863505117 -0.2010581364948831 6.415328432724209
v 4.110251262658471 -0.19525126265847084 6.415328432724209
f 8825 8826 8827
f 8825 8827 8828
v 4.110251262658471 -0.19525126265847084 6.54467156727579
v 4.118941863505117 -0.2010581364948831 6.54467156727579
v 4.135 -0.185 6.529497474683058
v 4.118941863505117 -0.17427029622932683 6.529497474683058
f 8829 8830 8831
f 8829 8831 8832
v 4.110251262658471 -0.19525126265847084 6.415328432724209
v 4.118941863505117 -0.2010581364948831 6.415328432724209
v 4.1 -0.22 6.409999999999999
f 8833 8834 8835
v 4.1 -0.22 6.55
v 4.118941863505117 -0.2010581364948831 6.54467156727579
v 4.110251262658471 -0.19525126265847084 6.54467156727579
f 8836 8837 8838
v 4.1494974746830575 -0.17050252531694166 6.4799999999999995
v 4.16467156727579 -0.19321215973444367 6.4799999999999995
v 4.159748737341529 -0.1952512626584708 6.453212159734443
v 4.145729703770673 -0.1742702962293268 6.453212159734443
f 8839 8840 8841
f 8839 8841 8842
v 4.145729703770673 -0.1742702962293268 6.506787840265556
v 4.159748737341529 -0.1952512626584708 6.506787840265556
v 4.16467156727579 -0.19321215973444367 6.4799999999999995
v 4.1494974746830575 -0.17050252531694166 6.4799999999999995
f 8843 8844 8845
f 8843 8845 8846
v 4.145729703770673 -0.1742702962293268 6.453212159734443
v 4.159748737341529 -0.1952512626584708 6.453212159734443
v 4.145729703770673 -0.20105813649488308 6.430502525316941
v 4.135 -0.185 6.430502525316941
f 8847 8848 8849
f 8847 8849 8850
v 4.135 -0.185 6.529497474683058
v 4.145729703770673 -0.20105813649488308 6.529497474683058
v 4.159748737341529 -0.1952512626584708 6.506787840265556
v 4.145729703770673 -0.1742702962293268 6.506787840265556
f 8851 8852 8853
f 8851 8853 8854
v 4.135 -0.185 6.430502525316941
v 4.145729703770673 -0.20105813649488308 6.430502525316941
v 4.124748737341529 -0.20974873734152916 6.415328432724209
v 4.118941863505117 -0.2010581364948831 6.415328432724209
f 8855 8856 8857
f 8855 8857 8858
v 4.118941863505117 -0.2010581364948831 6.54467156727579
v 4.124748737341529 -0.20974873734152916 6.54467156727579
v 4.145729703770673 -0.20105813649488308 6.529497474683058
v 4.135 -0.185 6.529497474683058
f 8859 8860 8861
f 8859 8861 8862
v 4.118941863505117 -0.2010581364948831 6.415328432724209
v 4.124748737341529 -0.20974873734152916 6.415328432724209
v 4.1 -0.22 6.409999999999999
f 8863 8864 8865
v 4.1 -0.22 6.55
v 4.124748737341529 -0.20974873734152916 6.54467156727579
v 4.118941863505117 -0.2010581364948831 6.54467156727579
f 8866 8867 8868
v 4.16467156727579 -0.19321215973444367 6.4799999999999995
v 4.17 -0.22 6.4799999999999995
v 4.16467156727579 -0.22 6.453212159734443
v 4.159748737341529 -0.1952512626584708 6.453212159734443
f 8869 8870 8871
f 8869 8871 8872
v 4.159748737341529 -0.1952512626584708 6.506787840265556
v 4.16467156727579 -0.22 6.506787840265556
v 4.17 -0.22 6.4799999999999995
v 4.16467156727579 -0.19321215973444367 6.4799999999999995
f 8873 8874 8875
f 8873 8875 8876
v 4.159748737341529 -0.1952512626584708 6.453212159734443
v 4.16467156727579 -0.22 6.453212159734443
v 4.149497474683058 -0.22 6.430502525316941
v 4.145729703770673 -0.20105813649488308 6.430502525316941
f 8877 8878 8879
f 8877 8879 8880
v 4.145729703770673 -0.20105813649488308 6.529497474683058
v 4.149497474683058 -0.22 6.529497474683058
v 4.16467156727579 -0.22 6.506787840265556
v 4.159748737341529 -0.1952512626584708 6.506787840265556
f 8881 8882 8883
f 8881 8883 8884
v 4.145729703770673 -0.20105813649488308 6.430502525316941
v 4.149497474683058 -0.22 6.430502525316941
v 4.126787840265556 -0.22 6.415328432724209
v 4.124748737341529 -0.20974873734152916 6.415328432724209
f 8885 8886 8887
f 8885 8887 8888
v 4.124748737341529 -0.20974873734152916 6.54467156727579
v 4.126787840265556 -0.22 6.54467156727579
v 4.149497474683058 -0.22 6.529497474683058
v 4.145729703770673 -0.20105813649488308 6.529497474683058
f 8889 8890 8891
f 8889 8891 8892
v 4.124748737341529 -0.20974873734152916 6.415328432724209
v 4.126787840265556 -0.22 6.415328432724209
v 4.1 -0.22 6.409999999999999
f 8893 8894 8895
v 4.1 -0.22 6.55
v 4.126787840265556 -0.22 6.54467156727579
v 4.124748737341529 -0.20974873734152916 6.54467156727579
f 8896 8897 8898
usemtl c_16_18_20
v 7.17 -0.19 6.39
v 7.17 -0.19 6.669999999999999
v 7.17 -0.13 6.669999999999999
v 7.17 -0.13 6.39
f 8899 8900 8901
f 8899 8901 8902
v 7.33 -0.19 6.39
v 7.33 -0.13 6.39
v 7.33 -0.13 6.669999999999999
v 7.33 -0.19 6.669999999999999
f 8903 8904 8905
f 8903 8905 8906
v 7.17 -0.19 6.39
v 7.33 -0.19 6.39
v 7.33 -0.19 6.669999999999999
v 7.17 -0.19 6.669999999999999
f 8907 8908 8909
f 8907 8909 8910
v 7.17 -0.13 6.39
v 7.17 -0.13 6.669999999999999
v 7.33 -0.13 6.669999999999999
v 7.33 -0.13 6.39
f 8911 8912 8913
f 8911 8913 8914
v 7.17 -0.19 6.39
v 7.17 -0.13 6.39
v 7.33 -0.13 6.39
v 7.33 -0.19 6.39
f 8915 8916 8917
f 8915 8917 8918
v 7.17 -0.19 6.669999999999999
v 7.33 -0.19 6.669999999999999
v 7.33 -0.13 6.669999999999999
v 7.17 -0.13 6.669999999999999
f 8919 8920 8921
f 8919 8921 8922
usemtl c_255_163_56
v 7.32 -0.22 6.4799999999999995
v 7.3146715672757905 -0.24678784026555628 6.4799999999999995
v 7.309748737341529 -0.24474873734152916 6.453212159734443
v 7.3146715672757905 -0.22 6.453212159734443
f 8923 8924 8925
f 8923 8925 8926
v 7.3146715672757905 -0.22 6.506787840265556
v 7.309748737341529 -0.24474873734152916 6.506787840265556
v 7.3146715672757905 -0.24678784026555628 6.4799999999999995
v 7.32 -0.22 6.4799999999999995
f 8927 8928 8929
f 8927 8929 8930
v 7.3146715672757905 -0.22 6.453212159734443
v 7.309748737341529 -0.24474873734152916 6.453212159734443
v 7.295729703770673 -0.2389418635051169 6.430502525316941
v 7.299497474683059 -0.22 6.430502525316941
f 8931 8932 8933
f 8931 8933 8934
v 7.299497474683059 -0.22 6.529497474683058
v 7.295729703770673 -0.2389418635051169 6.529497474683058
v 7.309748737341529 -0.24474873734152916 6.506787840265556
v 7.3146715672757905 -0.22 6.506787840265556
f 8935 8936 8937
f 8935 8937 8938
v 7.299497474683059 -0.22 6.430502525316941
v 7.295729703770673 -0.2389418635051169 6.430502525316941
v 7.274748737341529 -0.23025126265847085 6.415328432724209
v 7.276787840265556 -0.22 6.415328432724209
f 8939 8940 8941
f 8939 8941 8942
v 7.276787840265556 -0.22 6.54467156727579
v 7.274748737341529 -0.23025126265847085 6.54467156727579
v 7.295729703770673 -0.2389418635051169 6.529497474683058
v 7.299497474683059 -0.22 6.529497474683058
f 8943 8944 8945
f 8943 8945 8946
v 7.276787840265556 -0.22 6.415328432724209
v 7.274748737341529 -0.23025126265847085 6.415328432724209
v 7.25 -0.22 6.409999999999999
f 8947 8948 8949
v 7.25 -0.22 6.55
v 7.274748737341529 -0.23025126265847085 6.54467156727579
v 7.276787840265556 -0.22 6.54467156727579
f 8950 8951 8952
v 7.3146715672757905 -0.24678784026555628 6.4799999999999995
v 7.299497474683059 -0.26949747468305835 6.4799999999999995
v 7.295729703770673 -0.2657297037706732 6.453212159734443
v 7.309748737341529 -0.24474873734152916 6.453212159734443
f 8953 8954 8955
f 8953 8955 8956
v 7.309748737341529 -0.24474873734152916 6.506787840265556
v 7.295729703770673 -0.2657297037706732 6.506787840265556
v 7.299497474683059 -0.26949747468305835 6.4799999999999995
v 7.3146715672757905 -0.24678784026555628 6.4799999999999995
f 8957 8958 8959
f 8957 8959 8960
v 7.309748737341529 -0.24474873734152916 6.453212159734443
v 7.295729703770673 -0.2657297037706732 6.453212159734443
v 7.285 -0.255 6.430502525316941
v 7.295729703770673 -0.2389418635051169 6.430502525316941
f 8961 8962 8963
f 8961 8963 8964
v 7.295729703770673 -0.2389418635051169 6.529497474683058
v 7.285 -0.255 6.529497474683058
v 7.295729703770673 -0.2657297037706732 6.506787840265556
v 7.309748737341529 -0.24474873734152916 6.506787840265556
f 8965 8966 8967
f 8965 8967 8968
v 7.295729703770673 -0.2389418635051169 6.430502525316941
v 7.285 -0.255 6.430502525316941
v 7.268941863505117 -0.2389418635051169 6.415328432724209
v 7.274748737341529 -0.23025126265847085 6.415328432724209
f 8969 8970 8971
f 8969 8971 8972
v 7.274748737341529 -0.23025126265847085 6.54467156727579
v 7.268941863505117 -0.2389418635051169 6.54467156727579
v 7.285 -0.255 6.529497474683058
v 7.295729703770673 -0.2389418635051169 6.529497474683058
f 8973 8974 8975
f 8973 8975 8976
v 7.274748737341529 -0.23025126265847085 6.415328432724209
v 7.268941863505117 -0.2389418635051169 6.415328432724209
v 7.25 -0.22 6.409999999999999
f 8977 8978 8979
v 7.25 -0.22 6.55
v 7.268941863505117 -0.2389418635051169 6.54467156727579
v 7.274748737341529 -0.23025126265847085 6.54467156727579
f 8980 8981 8982
v 7.299497474683059 -0.26949747468305835 6.4799999999999995
v 7.276787840265556 -0.28467156727579007 6.4799999999999995
v 7.274748737341529 -0.27974873734152916 6.453212159734443
v 7.295729703770673 -0.2657297037706732 6.453212159734443
f 8983 8984 8985
f 8983 8985 8986
v 7.295729703770673 -0.2657297037706732 6.506787840265556
v 7.274748737341529 -0.27974873734152916 6.506787840265556
v 7.276787840265556 -0.28467156727579007 6.4799999999999995
v 7.299497474683059 -0.26949747468305835 6.4799999999999995
f 8987 8988 8989
f 8987 8989 8990
v 7.295729703770673 -0.2657297037706732 6.453212159734443
v 7.274748737341529 -0.27974873734152916 6.453212159734443
v 7.268941863505117 -0.2657297037706732 6.430502525316941
v 7.285 -0.255 6.430502525316941
f 8991 8992 8993
f 8991 8993 8994
v 7.285 -0.255 6.529497474683058
v 7.268941863505117 -0.2657297037706732 6.529497474683058
v 7.274748737341529 -0.27974873734152916 6.506787840265556
v 7.295729703770673 -0.2657297037706732 6.506787840265556
f 8995 8996 8997
f 8995 8997 8998
v 7.285 -0.255 6.430502525316941
v 7.268941863505117 -0.2657297037706732 6.430502525316941
v 7.260251262658471 -0.2447487373415292 6.415328432724209
v 7.268941863505117 -0.2389418635051169 6.415328432724209
f 8999 9000 9001
f 8999 9001 9002
v 7.268941863505117 -0.2389418635051169 6.54467156727579
v 7.260251262658471 -0.2447487373415292 6.54467156727579
v 7.268941863505117 -0.2657297037706732 6.529497474683058
v 7.285 -0.255 6.529497474683058
f 9003 9004 9005
f 9003 9005 9006
v 7.268941863505117 -0.2389418635051169 6.415328432724209
v 7.260251262658471 -0.2447487373415292 6.415328432724209
v 7.25 -0.22 6.409999999999999
f 9007 9008 9009
v 7.25 -0.22 6.55
v 7.260251262658471 -0.2447487373415292 6.54467156727579
v 7.268941863505117 -0.2389418635051169 6.54467156727579
f 9010 9011 9012
v 7.276787840265556 -0.28467156727579007 6.4799999999999995
v 7.25 -0.29000000000000004 6.4799999999999995
v 7.25 -0.28467156727579007 6.453212159734443
v 7.274748737341529 -0.27974873734152916 6.453212159734443
f 9013 9014 9015
f 9013 9015 9016
v 7.274748737341529 -0.27974873734152916 6.506787840265556
v 7.25 -0.28467156727579007 6.506787840265556
v 7.25 -0.29000000000000004 6.4799999999999995
v 7.276787840265556 -0.28467156727579007 6.4799999999999995
f 9017 9018 9019
f 9017 9019 9020
v 7.274748737341529 -0.27974873734152916 6.453212159734443
v 7.25 -0.28467156727579007 6.453212159734443
v 7.25 -0.26949747468305835 6.430502525316941
v 7.268941863505117 -0.2657297037706732 6.430502525316941
f 9021 9022 9023
f 9021 9023 9024
v 7.268941863505117 -0.2657297037706732 6.529497474683058
v 7.25 -0.26949747468305835 6.529497474683058
v 7.25 -0.28467156727579007 6.506787840265556
v 7.274748737341529 -0.27974873734152916 6.506787840265556
f 9025 9026 9027
f 9025 9027 9028
v 7.268941863505117 -0.2657297037706732 6.430502525316941
v 7.25 -0.26949747468305835 6.430502525316941
v 7.25 -0.24678784026555628 6.415328432724209
v 7.260251262658471 -0.2447487373415292 6.415328432724209
f 9029 9030 9031
f 9029 9031 9032
v 7.260251262658471 -0.2447487373415292 6.54467156727579
v 7.25 -0.24678784026555628 6.54467156727579
v 7.25 -0.26949747468305835 6.529497474683058
v 7.268941863505117 -0.2657297037706732 6.529497474683058
f 9033 9034 9035
f 9033 9035 9036
v 7.260251262658471 -0.2447487373415292 6.415328432724209
v 7.25 -0.24678784026555628 6.415328432724209
v 7.25 -0.22 6.409999999999999
f 9037 9038 9039
v 7.25 -0.22 6.55
v 7.25 -0.24678784026555628 6.54467156727579
v 7.260251262658471 -0.2447487373415292 6.54467156727579
f 9040 9041 9042
v 7.25 -0.29000000000000004 6.4799999999999995
v 7.223212159734444 -0.28467156727579007 6.4799999999999995
v 7.225251262658471 -0.27974873734152916 6.453212159734443
v 7.25 -0.28467156727579007 6.453212159734443
f 9043 9044 9045
f 9043 9045 9046
v 7.25 -0.28467156727579007 6.506787840265556
v 7.225251262658471 -0.27974873734152916 6.506787840265556
v 7.223212159734444 -0.28467156727579007 6.4799999999999995
v 7.25 -0.29000000000000004 6.4799999999999995
f 9047 9048 9049
f 9047 9049 9050
v 7.25 -0.28467156727579007 6.453212159734443
v 7.225251262658471 -0.27974873734152916 6.453212159734443
v 7.231058136494883 -0.2657297037706732 6.430502525316941
v 7.25 -0.26949747468305835 6.430502525316941
f 9051 9052 9053
f 9051 9053 9054
v 7.25 -0.26949747468305835 6.529497474683058
v 7.231058136494883 -0.2657297037706732 6.529497474683058
v 7.225251262658471 -0.27974873734152916 6.506787840265556
v 7.25 -0.28467156727579007 6.506787840265556
f 9055 9056 9057
f 9055 9057 9058
v 7.25 -0.26949747468305835 6.430502525316941
v 7.231058136494883 -0.2657297037706732 6.430502525316941
v 7.239748737341529 -0.2447487373415292 6.415328432724209
v 7.25 -0.24678784026555628 6.415328432724209
f 9059 9060 9061
f 9059 9061 9062
v 7.25 -0.24678784026555628 6.54467156727579
v 7.239748737341529 -0.2447487373415292 6.54467156727579
v 7.231058136494883 -0.2657297037706732 6.529497474683058
v 7.25 -0.26949747468305835 6.529497474683058
f 9063 9064 9065
f 9063 9065 9066
v 7.25 -0.24678784026555628 6.415328432724209
v 7.239748737341529 -0.2447487373415292 6.415328432724209
v 7.25 -0.22 6.409999999999999
f 9067 9068 9069
v 7.25 -0.22 6.55
v 7.239748737341529 -0.2447487373415292 6.54467156727579
v 7.25 -0.24678784026555628 6.54467156727579
f 9070 9071 9072
v 7.223212159734444 -0.28467156727579007 6.4799999999999995
v 7.200502525316941 -0.26949747468305835 6.4799999999999995
v 7.204270296229327 -0.2657297037706732 6.453212159734443
v 7.225251262658471 -0.27974873734152916 6.453212159734443
f 9073 9074 9075
f 9073 9075 9076
v 7.225251262658471 -0.27974873734152916 6.506787840265556
v 7.204270296229327 -0.2657297037706732 6.506787840265556
v 7.200502525316941 -0.26949747468305835 6.4799999999999995
v 7.223212159734444 -0.28467156727579007 6.4799999999999995
f 9077 9078 9079
f 9077 9079 9080
v 7.225251262658471 -0.27974873734152916 6.453212159734443
v 7.204270296229327 -0.2657297037706732 6.453212159734443
v 7.215 -0.255 6.430502525316941
v 7.231058136494883 -0.2657297037706732 6.430502525316941
f 9081 9082 9083
f 9081 9083 9084
v 7.231058136494883 -0.2657297037706732 6.529497474683058
v 7.215 -0.255 6.529497474683058
v 7.204270296229327 -0.2657297037706732 6.506787840265556
v 7.225251262658471 -0.27974873734152916 6.506787840265556
f 9085 9086 9087
f 9085 9087 9088
v 7.231058136494883 -0.2657297037706732 6.430502525316941
v 7.215 -0.255 6.430502525316941
v 7.231058136494883 -0.2389418635051169 6.415328432724209
v 7.239748737341529 -0.2447487373415292 6.415328432724209
f 9089 9090 9091
f 9089 9091 9092
v 7.239748737341529 -0.2447487373415292 6.54467156727579
v 7.231058136494883 -0.2389418635051169 6.54467156727579
v 7.215 -0.255 6.529497474683058
v 7.231058136494883 -0.2657297037706732 6.529497474683058
f 9093 9094 9095
f 9093 9095 9096
v 7.239748737341529 -0.2447487373415292 6.415328432724209
v 7.231058136494883 -0.2389418635051169 6.415328432724209
v 7.25 -0.22 6.409999999999999
f 9097 9098 9099
v 7.25 -0.22 6.55
v 7.231058136494883 -0.2389418635051169 6.54467156727579
v 7.239748737341529 -0.2447487373415292 6.54467156727579
f 9100 9101 9102
v 7.200502525316941 -0.26949747468305835 6.4799999999999995
v 7.1853284327242095 -0.2467878402655563 6.4799999999999995
v 7.190251262658471 -0.2447487373415292 6.453212159734443
v 7.204270296229327 -0.2657297037706732 6.453212159734443
f 9103 9104 9105
f 9103 9105 9106
v 7.204270296229327 -0.2657297037706732 6.506787840265556
v 7.190251262658471 -0.2447487373415292 6.506787840265556
v 7.1853284327242095 -0.2467878402655563 6.4799999999999995
v 7.200502525316941 -0.26949747468305835 6.4799999999999995
f 9107 9108 9109
f 9107 9109 9110
v 7.204270296229327 -0.2657297037706732 6.453212159734443
v 7.190251262658471 -0.2447487373415292 6.453212159734443
v 7.204270296229327 -0.2389418635051169 6.430502525316941
v 7.215 -0.255 6.430502525316941
f 9111 9112 9113
f 9111 9113 9114
v 7.215 -0.255 6.529497474683058
v 7.204270296229327 -0.2389418635051169 6.529497474683058
v 7.190251262658471 -0.2447487373415292 6.506787840265556
v 7.204270296229327 -0.2657297037706732 6.506787840265556
f 9115 9116 9117
f 9115 9117 9118
v 7.215 -0.255 6.430502525316941
v 7.204270296229327 -0.2389418635051169 6.430502525316941
v 7.225251262658471 -0.23025126265847085 6.415328432724209
v 7.231058136494883 -0.2389418635051169 6.415328432724209
f 9119 9120 9121
f 9119 9121 9122
v 7.231058136494883 -0.2389418635051169 6.54467156727579
v 7.225251262658471 -0.23025126265847085 6.54467156727579
v 7.204270296229327 -0.2389418635051169 6.529497474683058
v 7.215 -0.255 6.529497474683058
f 9123 9124 9125
f 9123 9125 9126
v 7.231058136494883 -0.2389418635051169 6.415328432724209
v 7.225251262658471 -0.23025126265847085 6.415328432724209
v 7.25 -0.22 6.409999999999999
f 9127 9128 9129
v 7.25 -0.22 6.55
v 7.225251262658471 -0.23025126265847085 6.54467156727579
v 7.231058136494883 -0.2389418635051169 6.54467156727579
f 9130 9131 9132
v 7.1853284327242095 -0.2467878402655563 6.4799999999999995
v 7.18 -0.22 6.4799999999999995
v 7.1853284327242095 -0.22 6.453212159734443
v 7.190251262658471 -0.2447487373415292 6.453212159734443
f 9133 9134 9135
f 9133 9135 9136
v 7.190251262658471 -0.2447487373415292 6.506787840265556
v 7.1853284327242095 -0.22 6.506787840265556
v 7.18 -0.22 6.4799999999999995
v 7.1853284327242095 -0.2467878402655563 6.4799999999999995
f 9137 9138 9139
f 9137 9139 9140
v 7.190251262658471 -0.2447487373415292 6.453212159734443
v 7.1853284327242095 -0.22 6.453212159734443
v 7.200502525316941 -0.22 6.430502525316941
v 7.204270296229327 -0.2389418635051169 6.430502525316941
f 9141 9142 9143
f 9141 9143 9144
v 7.204270296229327 -0.2389418635051169 6.529497474683058
v 7.200502525316941 -0.22 6.529497474683058
v 7.1853284327242095 -0.22 6.506787840265556
v 7.190251262658471 -0.2447487373415292 6.506787840265556
f 9145 9146 9147
f 9145 9147 9148
v 7.204270296229327 -0.2389418635051169 6.430502525316941
v 7.200502525316941 -0.22 6.430502525316941
v 7.223212159734444 -0.22 6.415328432724209
v 7.225251262658471 -0.23025126265847085 6.415328432724209
f 9149 9150 9151
f 9149 9151 9152
v 7.225251262658471 -0.23025126265847085 6.54467156727579
v 7.223212159734444 -0.22 6.54467156727579
v 7.200502525316941 -0.22 6.529497474683058
v 7.204270296229327 -0.2389418635051169 6.529497474683058
f 9153 9154 9155
f 9153 9155 9156
v 7.225251262658471 -0.23025126265847085 6.415328432724209
v 7.223212159734444 -0.22 6.415328432724209
v 7.25 -0.22 6.409999999999999
f 9157 9158 9159
v 7.25 -0.22 6.55
v 7.223212159734444 -0.22 6.54467156727579
v 7.225251262658471 -0.23025126265847085 6.54467156727579
f 9160 9161 9162
v 7.18 -0.22 6.4799999999999995
v 7.1853284327242095 -0.19321215973444372 6.4799999999999995
v 7.190251262658471 -0.19525126265847084 6.453212159734443
v 7.1853284327242095 -0.22 6.453212159734443
f 9163 9164 9165
f 9163 9165 9166
v 7.1853284327242095 -0.22 6.506787840265556
v 7.190251262658471 -0.19525126265847084 6.506787840265556
v 7.1853284327242095 -0.19321215973444372 6.4799999999999995
v 7.18 -0.22 6.4799999999999995
f 9167 9168 9169
f 9167 9169 9170
v 7.1853284327242095 -0.22 6.453212159734443
v 7.190251262658471 -0.19525126265847084 6.453212159734443
v 7.204270296229327 -0.2010581364948831 6.430502525316941
v 7.200502525316941 -0.22 6.430502525316941
f 9171 9172 9173
f 9171 9173 9174
v 7.200502525316941 -0.22 6.529497474683058
v 7.204270296229327 -0.2010581364948831 6.529497474683058
v 7.190251262658471 -0.19525126265847084 6.506787840265556
v 7.1853284327242095 -0.22 6.506787840265556
f 9175 9176 9177
f 9175 9177 9178
v 7.200502525316941 -0.22 6.430502525316941
v 7.204270296229327 -0.2010581364948831 6.430502525316941
v 7.225251262658471 -0.20974873734152916 6.415328432724209
v 7.223212159734444 -0.22 6.415328432724209
f 9179 9180 9181
f 9179 9181 9182
v 7.223212159734444 -0.22 6.54467156727579
v 7.225251262658471 -0.20974873734152916 6.54467156727579
v 7.204270296229327 -0.2010581364948831 6.529497474683058
v 7.200502525316941 -0.22 6.529497474683058
f 9183 9184 9185
f 9183 9185 9186
v 7.223212159734444 -0.22 6.415328432724209
v 7.225251262658471 -0.20974873734152916 6.415328432724209
v 7.25 -0.22 6.409999999999999
f 9187 9188 9189
v 7.25 -0.22 6.55
v 7.225251262658471 -0.20974873734152916 6.54467156727579
v 7.223212159734444 -0.22 6.54467156727579
f 9190 9191 9192
v 7.1853284327242095 -0.19321215973444372 6.4799999999999995
v 7.200502525316941 -0.17050252531694168 6.4799999999999995
v 7.204270296229327 -0.17427029622932683 6.453212159734443
v 7.190251262658471 -0.19525126265847084 6.453212159734443
f 9193 9194 9195
f 9193 9195 9196
v 7.190251262658471 -0.19525126265847084 6.506787840265556
v 7.204270296229327 -0.17427029622932683 6.506787840265556
v 7.200502525316941 -0.17050252531694168 6.4799999999999995
v 7.1853284327242095 -0.19321215973444372 6.4799999999999995
f 9197 9198 9199
f 9197 9199 9200
v 7.190251262658471 -0.19525126265847084 6.453212159734443
v 7.204270296229327 -0.17427029622932683 6.453212159734443
v 7.215 -0.185 6.430502525316941
v 7.204270296229327 -0.2010581364948831 6.430502525316941
f 9201 9202 9203
f 9201 9203 9204
v 7.204270296229327 -0.2010581364948831 6.529497474683058
v 7.215 -0.185 6.529497474683058
v 7.204270296229327 -0.17427029622932683 6.506787840265556
v 7.190251262658471 -0.19525126265847084 6.506787840265556
f 9205 9206 9207
f 9205 9207 9208
v 7.204270296229327 -0.2010581364948831 6.430502525316941
v 7.215 -0.185 6.430502525316941
v 7.231058136494883 -0.2010581364948831 6.415328432724209
v 7.225251262658471 -0.20974873734152916 6.415328432724209
f 9209 9210 9211
f 9209 9211 9212
v 7.225251262658471 -0.20974873734152916 6.54467156727579
v 7.231058136494883 -0.2010581364948831 6.54467156727579
v 7.215 -0.185 6.529497474683058
v 7.204270296229327 -0.2010581364948831 6.529497474683058
f 9213 9214 9215
f 9213 9215 9216
v 7.225251262658471 -0.20974873734152916 6.415328432724209
v 7.231058136494883 -0.2010581364948831 6.415328432724209
v 7.25 -0.22 6.409999999999999
f 9217 9218 9219
v 7.25 -0.22 6.55
v 7.231058136494883 -0.2010581364948831 6.54467156727579
v 7.225251262658471 -0.20974873734152916 6.54467156727579
f 9220 9221 9222
v 7.200502525316941 -0.17050252531694168 6.4799999999999995
v 7.223212159734444 -0.15532843272420993 6.4799999999999995
v 7.225251262658471 -0.16025126265847084 6.453212159734443
v 7.204270296229327 -0.17427029622932683 6.453212159734443
f 9223 9224 9225
f 9223 9225 9226
v 7.204270296229327 -0.17427029622932683 6.506787840265556
v 7.225251262658471 -0.16025126265847084 6.506787840265556
v 7.223212159734444 -0.15532843272420993 6.4799999999999995
v 7.200502525316941 -0.17050252531694168 6.4799999999999995
f 9227 9228 9229
f 9227 9229 9230
v 7.204270296229327 -0.17427029622932683 6.453212159734443
v 7.225251262658471 -0.16025126265847084 6.453212159734443
v 7.231058136494883 -0.17427029622932683 6.430502525316941
v 7.215 -0.185 6.430502525316941
f 9231 9232 9233
f 9231 9233 9234
v 7.215 -0.185 6.529497474683058
v 7.231058136494883 -0.17427029622932683 6.529497474683058
v 7.225251262658471 -0.16025126265847084 6.506787840265556
v 7.204270296229327 -0.17427029622932683 6.506787840265556
f 9235 9236 9237
f 9235 9237 9238
v 7.215 -0.185 6.430502525316941
v 7.231058136494883 -0.17427029622932683 6.430502525316941
v 7.239748737341529 -0.19525126265847084 6.415328432724209
v 7.231058136494883 -0.2010581364948831 6.415328432724209
f 9239 9240 9241
f 9239 9241 9242
v 7.231058136494883 -0.2010581364948831 6.54467156727579
v 7.239748737341529 -0.19525126265847084 6.54467156727579
v 7.231058136494883 -0.17427029622932683 6.529497474683058
v 7.215 -0.185 6.529497474683058
f 9243 9244 9245
f 9243 9245 9246
v 7.231058136494883 -0.2010581364948831 6.415328432724209
v 7.239748737341529 -0.19525126265847084 6.415328432724209
v 7.25 -0.22 6.409999999999999
f 9247 9248 9249
v 7.25 -0.22 6.55
v 7.239748737341529 -0.19525126265847084 6.54467156727579
v 7.231058136494883 -0.2010581364948831 6.54467156727579
f 9250 9251 9252
v 7.223212159734444 -0.15532843272420993 6.4799999999999995
v 7.25 -0.15 6.4799999999999995
v 7.25 -0.15532843272420993 6.453212159734443
v 7.225251262658471 -0.16025126265847084 6.453212159734443
f 9253 9254 9255
f 9253 9255 9256
v 7.225251262658471 -0.16025126265847084 6.506787840265556
v 7.25 -0.15532843272420993 6.506787840265556
v 7.25 -0.15 6.4799999999999995
v 7.223212159734444 -0.15532843272420993 6.4799999999999995
f 9257 9258 9259
f 9257 9259 9260
v 7.225251262658471 -0.16025126265847084 6.453212159734443
v 7.25 -0.15532843272420993 6.453212159734443
v 7.25 -0.17050252531694166 6.430502525316941
v 7.231058136494883 -0.17427029622932683 6.430502525316941
f 9261 9262 9263
f 9261 9263 9264
v 7.231058136494883 -0.17427029622932683 6.529497474683058
v 7.25 -0.17050252531694166 6.529497474683058
v 7.25 -0.15532843272420993 6.506787840265556
v 7.225251262658471 -0.16025126265847084 6.506787840265556
f 9265 9266 9267
f 9265 9267 9268
v 7.231058136494883 -0.17427029622932683 6.430502525316941
v 7.25 -0.17050252531694166 6.430502525316941
v 7.25 -0.19321215973444372 6.415328432724209
v 7.239748737341529 -0.19525126265847084 6.415328432724209
f 9269 9270 9271
f 9269 9271 9272
v 7.239748737341529 -0.19525126265847084 6.54467156727579
v 7.25 -0.19321215973444372 6.54467156727579
v 7.25 -0.17050252531694166 6.529497474683058
v 7.231058136494883 -0.17427029622932683 6.529497474683058
f 9273 9274 9275
f 9273 9275 9276
v 7.239748737341529 -0.19525126265847084 6.415328432724209
v 7.25 -0.19321215973444372 6.415328432724209
v 7.25 -0.22 6.409999999999999
f 9277 9278 9279
v 7.25 -0.22 6.55
v 7.25 -0.19321215973444372 6.54467156727579
v 7.239748737341529 -0.19525126265847084 6.54467156727579
f 9280 9281 9282
v 7.25 -0.15 6.4799999999999995
v 7.276787840265556 -0.15532843272420993 6.4799999999999995
v 7.274748737341529 -0.16025126265847084 6.453212159734443
v 7.25 -0.15532843272420993 6.453212159734443
f 9283 9284 9285
f 9283 9285 9286
v 7.25 -0.15532843272420993 6.506787840265556
v 7.274748737341529 -0.16025126265847084 6.506787840265556
v 7.276787840265556 -0.15532843272420993 6.4799999999999995
v 7.25 -0.15 6.4799999999999995
f 9287 9288 9289
f 9287 9289 9290
v 7.25 -0.15532843272420993 6.453212159734443
v 7.274748737341529 -0.16025126265847084 6.453212159734443
v 7.268941863505117 -0.17427029622932683 6.430502525316941
v 7.25 -0.17050252531694166 6.430502525316941
f 9291 9292 9293
f 9291 9293 9294
v 7.25 -0.17050252531694166 6.529497474683058
v 7.268941863505117 -0.17427029622932683 6.529497474683058
v 7.274748737341529 -0.16025126265847084 6.506787840265556
v 7.25 -0.15532843272420993 6.506787840265556
f 9295 9296 9297
f 9295 9297 9298
v 7.25 -0.17050252531694166 6.430502525316941
v 7.268941863505117 -0.17427029622932683 6.430502525316941
v 7.260251262658471 -0.19525126265847084 6.415328432724209
v 7.25 -0.19321215973444372 6.415328432724209
f 9299 9300 9301
f 9299 9301 9302
v 7.25 -0.19321215973444372 6.54467156727579
v 7.260251262658471 -0.19525126265847084 6.54467156727579
v 7.268941863505117 -0.17427029622932683 6.529497474683058
v 7.25 -0.17050252531694166 6.529497474683058
f 9303 9304 9305
f 9303 9305 9306
v 7.25 -0.19321215973444372 6.415328432724209
v 7.260251262658471 -0.19525126265847084 6.415328432724209
v 7.25 -0.22 6.409999999999999
f 9307 9308 9309
v 7.25 -0.22 6.55
v 7.260251262658471 -0.19525126265847084 6.54467156727579
v 7.25 -0.19321215973444372 6.54467156727579
f 9310 9311 9312
v 7.276787840265556 -0.15532843272420993 6.4799999999999995
v 7.299497474683058 -0.17050252531694166 6.4799999999999995
v 7.295729703770673 -0.1742702962293268 6.453212159734443
v 7.274748737341529 -0.16025126265847084 6.453212159734443
f 9313 9314 9315
f 9313 9315 9316
v 7.274748737341529 -0.16025126265847084 6.506787840265556
v 7.295729703770673 -0.1742702962293268 6.506787840265556
v 7.299497474683058 -0.17050252531694166 6.4799999999999995
v 7.276787840265556 -0.15532843272420993 6.4799999999999995
f 9317 9318 9319
f 9317 9319 9320
v 7.274748737341529 -0.16025126265847084 6.453212159734443
v 7.295729703770673 -0.1742702962293268 6.453212159734443
v 7.285 -0.185 6.430502525316941
v 7.268941863505117 -0.17427029622932683 6.430502525316941
f 9321 9322 9323
f 9321 9323 9324
v 7.268941863505117 -0.17427029622932683 6.529497474683058
v 7.285 -0.185 6.529497474683058
v 7.295729703770673 -0.1742702962293268 6.506787840265556
v 7.274748737341529 -0.16025126265847084 6.506787840265556
f 9325 9326 9327
f 9325 9327 9328
v 7.268941863505117 -0.17427029622932683 6.430502525316941
v 7.285 -0.185 6.430502525316941
v 7.268941863505117 -0.2010581364948831 6.415328432724209
v 7.260251262658471 -0.19525126265847084 6.415328432724209
f 9329 9330 9331
f 9329 9331 9332
v 7.260251262658471 -0.19525126265847084 6.54467156727579
v 7.268941863505117 -0.2010581364948831 6.54467156727579
v 7.285 -0.185 6.529497474683058
v 7.268941863505117 -0.17427029622932683 6.529497474683058
f 9333 9334 9335
f 9333 9335 9336
v 7.260251262658471 -0.19525126265847084 6.415328432724209
v 7.268941863505117 -0.2010581364948831 6.415328432724209
v 7.25 -0.22 6.409999999999999
f 9337 9338 9339
v 7.25 -0.22 6.55
v 7.268941863505117 -0.2010581364948831 6.54467156727579
v 7.260251262658471 -0.19525126265847084 6.54467156727579
f 9340 9341 9342
v 7.299497474683058 -0.17050252531694166 6.4799999999999995
v 7.3146715672757905 -0.19321215973444367 6.4799999999999995
v 7.309748737341529 -0.1952512626584708 6.453212159734443
v 7.295729703770673 -0.1742702962293268 6.453212159734443
f 9343 9344 9345
f 9343 9345 9346
v 7.295729703770673 -0.1742702962293268 6.506787840265556
v 7.309748737341529 -0.1952512626584708 6.506787840265556
v 7.3146715672757905 -0.19321215973444367 6.4799999999999995
v 7.299497474683058 -0.17050252531694166 6.4799999999999995
f 9347 9348 9349
f 9347 9349 9350
v 7.295729703770673 -0.1742702962293268 6.453212159734443
v 7.309748737341529 -0.1952512626584708 6.453212159734443
v 7.295729703770673 -0.20105813649488308 6.430502525316941
v 7.285 -0.185 6.430502525316941
f 9351 9352 9353
f 9351 9353 9354
v 7.285 -0.185 6.529497474683058
v 7.295729703770673 -0.20105813649488308 6.529497474683058
v 7.309748737341529 -0.1952512626584708 6.506787840265556
v 7.295729703770673 -0.1742702962293268 6.506787840265556
f 9355 9356 9357
f 9355 9357 9358
v 7.285 -0.185 6.430502525316941
v 7.295729703770673 -0.20105813649488308 6.430502525316941
v 7.274748737341529 -0.20974873734152916 6.415328432724209
v 7.268941863505117 -0.2010581364948831 6.415328432724209
f 9359 9360 9361
f 9359 9361 9362
v 7.268941863505117 -0.2010581364948831 6.54467156727579
v 7.274748737341529 -0.20974873734152916 6.54467156727579
v 7.295729703770673 -0.20105813649488308 6.529497474683058
v 7.285 -0.185 6.529497474683058
f 9363 9364 9365
f 9363 9365 9366
v 7.268941863505117 -0.2010581364948831 6.415328432724209
v 7.274748737341529 -0.20974873734152916 6.415328432724209
v 7.25 -0.22 6.409999999999999
f 9367 9368 9369
v 7.25 -0.22 6.55
v 7.274748737341529 -0.20974873734152916 6.54467156727579
v 7.268941863505117 -0.2010581364948831 6.54467156727579
f 9370 9371 9372
v 7.3146715672757905 -0.19321215973444367 6.4799999999999995
v 7.32 -0.22 6.4799999999999995
v 7.3146715672757905 -0.22 6.453212159734443
v 7.309748737341529 -0.1952512626584708 6.453212159734443
f 9373 9374 9375
f 9373 9375 9376
v 7.309748737341529 -0.1952512626584708 6.506787840265556
v 7.3146715672757905 -0.22 6.506787840265556
v 7.32 -0.22 6.4799999999999995
v 7.3146715672757905 -0.19321215973444367 6.4799999999999995
f 9377 9378 9379
f 9377 9379 9380
v 7.309748737341529 -0.1952512626584708 6.453212159734443
v 7.3146715672757905 -0.22 6.453212159734443
v 7.299497474683059 -0.22 6.430502525316941
v 7.295729703770673 -0.20105813649488308 6.430502525316941
f 9381 9382 9383
f 9381 9383 9384
v 7.295729703770673 -0.20105813649488308 6.529497474683058
v 7.299497474683059 -0.22 6.529497474683058
v 7.3146715672757905 -0.22 6.506787840265556
v 7.309748737341529 -0.1952512626584708 6.506787840265556
f 9385 9386 9387
f 9385 9387 9388
v 7.295729703770673 -0.20105813649488308 6.430502525316941
v 7.299497474683059 -0.22 6.430502525316941
v 7.276787840265556 -0.22 6.415328432724209
v 7.274748737341529 -0.20974873734152916 6.415328432724209
f 9389 9390 9391
f 9389 9391 9392
v 7.274748737341529 -0.20974873734152916 6.54467156727579
v 7.276787840265556 -0.22 6.54467156727579
v 7.299497474683059 -0.22 6.529497474683058
v 7.295729703770673 -0.20105813649488308 6.529497474683058
f 9393 9394 9395
f 9393 9395 9396
v 7.274748737341529 -0.20974873734152916 6.415328432724209
v 7.276787840265556 -0.22 6.415328432724209
v 7.25 -0.22 6.409999999999999
f 9397 9398 9399
v 7.25 -0.22 6.55
v 7.276787840265556 -0.22 6.54467156727579
v 7.274748737341529 -0.20974873734152916 6.54467156727579
f 9400 9401 9402
usemtl c_16_18_20
v 9.27 -0.19 6.39
v 9.27 -0.19 6.669999999999999
v 9.27 -0.13 6.669999999999999
v 9.27 -0.13 6.39
f 9403 9404 9405
f 9403 9405 9406
v 9.43 -0.19 6.39
v 9.43 -0.13 6.39
v 9.43 -0.13 6.669999999999999
v 9.43 -0.19 6.669999999999999
f 9407 9408 9409
f 9407 9409 9410
v 9.27 -0.19 6.39
v 9.43 -0.19 6.39
v 9.43 -0.19 6.669999999999999
v 9.27 -0.19 6.669999999999999
f 9411 9412 9413
f 9411 9413 9414
v 9.27 -0.13 6.39
v 9.27 -0.13 6.669999999999999
v 9.43 -0.13 6.669999999999999
v 9.43 -0.13 6.39
f 9415 9416 9417
f 9415 9417 9418
v 9.27 -0.19 6.39
v 9.27 -0.13 6.39
v 9.43 -0.13 6.39
v 9.43 -0.19 6.39
f 9419 9420 9421
f 9419 9421 9422
v 9.27 -0.19 6.669999999999999
v 9.43 -0.19 6.669999999999999
v 9.43 -0.13 6.669999999999999
v 9.27 -0.13 6.669999999999999
f 9423 9424 9425
f 9423 9425 9426
usemtl c_255_163_56
v 9.42 -0.22 6.4799999999999995
v 9.41467156727579 -0.24678784026555628 6.4799999999999995
v 9.409748737341529 -0.24474873734152916 6.453212159734443
v 9.41467156727579 -0.22 6.453212159734443
f 9427 9428 9429
f 9427 9429 9430
v 9.41467156727579 -0.22 6.506787840265556
v 9.409748737341529 -0.24474873734152916 6.506787840265556
v 9.41467156727579 -0.24678784026555628 6.4799999999999995
v 9.42 -0.22 6.4799999999999995
f 9431 9432 9433
f 9431 9433 9434
v 9.41467156727579 -0.22 6.453212159734443
v 9.409748737341529 -0.24474873734152916 6.453212159734443
v 9.395729703770673 -0.2389418635051169 6.430502525316941
v 9.399497474683058 -0.22 6.430502525316941
f 9435 9436 9437
f 9435 9437 9438
v 9.399497474683058 -0.22 6.529497474683058
v 9.395729703770673 -0.2389418635051169 6.529497474683058
v 9.409748737341529 -0.24474873734152916 6.506787840265556
v 9.41467156727579 -0.22 6.506787840265556
f 9439 9440 9441
f 9439 9441 9442
v 9.399497474683058 -0.22 6.430502525316941
v 9.395729703770673 -0.2389418635051169 6.430502525316941
v 9.374748737341529 -0.23025126265847085 6.415328432724209
v 9.376787840265555 -0.22 6.415328432724209
f 9443 9444 9445
f 9443 9445 9446
v 9.376787840265555 -0.22 6.54467156727579
v 9.374748737341529 -0.23025126265847085 6.54467156727579
v 9.395729703770673 -0.2389418635051169 6.529497474683058
v 9.399497474683058 -0.22 6.529497474683058
f 9447 9448 9449
f 9447 9449 9450
v 9.376787840265555 -0.22 6.415328432724209
v 9.374748737341529 -0.23025126265847085 6.415328432724209
v 9.35 -0.22 6.409999999999999
f 9451 9452 9453
v 9.35 -0.22 6.55
v 9.374748737341529 -0.23025126265847085 6.54467156727579
v 9.376787840265555 -0.22 6.54467156727579
f 9454 9455 9456
v 9.41467156727579 -0.24678784026555628 6.4799999999999995
v 9.399497474683058 -0.26949747468305835 6.4799999999999995
v 9.395729703770673 -0.2657297037706732 6.453212159734443
v 9.409748737341529 -0.24474873734152916 6.453212159734443
f 9457 9458 9459
f 9457 9459 9460
v 9.409748737341529 -0.24474873734152916 6.506787840265556
v 9.395729703770673 -0.2657297037706732 6.506787840265556
v 9.399497474683058 -0.26949747468305835 6.4799999999999995
v 9.41467156727579 -0.24678784026555628 6.4799999999999995
f 9461 9462 9463
f 9461 9463 9464
v 9.409748737341529 -0.24474873734152916 6.453212159734443
v 9.395729703770673 -0.2657297037706732 6.453212159734443
v 9.385 -0.255 6.430502525316941
v 9.395729703770673 -0.2389418635051169 6.430502525316941
f 9465 9466 9467
f 9465 9467 9468
v 9.395729703770673 -0.2389418635051169 6.529497474683058
v 9.385 -0.255 6.529497474683058
v 9.395729703770673 -0.2657297037706732 6.506787840265556
v 9.409748737341529 -0.24474873734152916 6.506787840265556
f 9469 9470 9471
f 9469 9471 9472
v 9.395729703770673 -0.2389418635051169 6.430502525316941
v 9.385 -0.255 6.430502525316941
v 9.368941863505116 -0.2389418635051169 6.415328432724209
v 9.374748737341529 -0.23025126265847085 6.415328432724209
f 9473 9474 9475
f 9473 9475 9476
v 9.374748737341529 -0.23025126265847085 6.54467156727579
v 9.368941863505116 -0.2389418635051169 6.54467156727579
v 9.385 -0.255 6.529497474683058
v 9.395729703770673 -0.2389418635051169 6.529497474683058
f 9477 9478 9479
f 9477 9479 9480
v 9.374748737341529 -0.23025126265847085 6.415328432724209
v 9.368941863505116 -0.2389418635051169 6.415328432724209
v 9.35 -0.22 6.409999999999999
f 9481 9482 9483
v 9.35 -0.22 6.55
v 9.368941863505116 -0.2389418635051169 6.54467156727579
v 9.374748737341529 -0.23025126265847085 6.54467156727579
f 9484 9485 9486
v 9.399497474683058 -0.26949747468305835 6.4799999999999995
v 9.376787840265555 -0.28467156727579007 6.4799999999999995
v 9.374748737341529 -0.27974873734152916 6.453212159734443
v 9.395729703770673 -0.2657297037706732 6.453212159734443
f 9487 9488 9489
f 9487 9489 9490
v 9.395729703770673 -0.2657297037706732 6.506787840265556
v 9.374748737341529 -0.27974873734152916 6.506787840265556
v 9.376787840265555 -0.28467156727579007 6.4799999999999995
v 9.399497474683058 -0.26949747468305835 6.4799999999999995
f 9491 9492 9493
f 9491 9493 9494
v 9.395729703770673 -0.2657297037706732 6.453212159734443
v 9.374748737341529 -0.27974873734152916 6.453212159734443
v 9.368941863505116 -0.2657297037706732 6.430502525316941
v 9.385 -0.255 6.430502525316941
f 9495 9496 9497
f 9495 9497 9498
v 9.385 -0.255 6.529497474683058
v 9.368941863505116 -0.2657297037706732 6.529497474683058
v 9.374748737341529 -0.27974873734152916 6.506787840265556
v 9.395729703770673 -0.2657297037706732 6.506787840265556
f 9499 9500 9501
f 9499 9501 9502
v 9.385 -0.255 6.430502525316941
v 9.368941863505116 -0.2657297037706732 6.430502525316941
v 9.36025126265847 -0.2447487373415292 6.415328432724209
v 9.368941863505116 -0.2389418635051169 6.415328432724209
f 9503 9504 9505
f 9503 9505 9506
v 9.368941863505116 -0.2389418635051169 6.54467156727579
v 9.36025126265847 -0.2447487373415292 6.54467156727579
v 9.368941863505116 -0.2657297037706732 6.529497474683058
v 9.385 -0.255 6.529497474683058
f 9507 9508 9509
f 9507 9509 9510
v 9.368941863505116 -0.2389418635051169 6.415328432724209
v 9.36025126265847 -0.2447487373415292 6.415328432724209
v 9.35 -0.22 6.409999999999999
f 9511 9512 9513
v 9.35 -0.22 6.55
v 9.36025126265847 -0.2447487373415292 6.54467156727579
v 9.368941863505116 -0.2389418635051169 6.54467156727579
f 9514 9515 9516
v 9.376787840265555 -0.28467156727579007 6.4799999999999995
v 9.35 -0.29000000000000004 6.4799999999999995
v 9.35 -0.28467156727579007 6.453212159734443
v 9.374748737341529 -0.27974873734152916 6.453212159734443
f 9517 9518 9519
f 9517 9519 9520
v 9.374748737341529 -0.27974873734152916 6.506787840265556
v 9.35 -0.28467156727579007 6.506787840265556
v 9.35 -0.29000000000000004 6.4799999999999995
v 9.376787840265555 -0.28467156727579007 6.4799999999999995
f 9521 9522 9523
f 9521 9523 9524
v 9.374748737341529 -0.27974873734152916 6.453212159734443
v 9.35 -0.28467156727579007 6.453212159734443
v 9.35 -0.26949747468305835 6.430502525316941
v 9.368941863505116 -0.2657297037706732 6.430502525316941
f 9525 9526 9527
f 9525 9527 9528
v 9.368941863505116 -0.2657297037706732 6.529497474683058
v 9.35 -0.26949747468305835 6.529497474683058
v 9.35 -0.28467156727579007 6.506787840265556
v 9.374748737341529 -0.27974873734152916 6.506787840265556
f 9529 9530 9531
f 9529 9531 9532
v 9.368941863505116 -0.2657297037706732 6.430502525316941
v 9.35 -0.26949747468305835 6.430502525316941
v 9.35 -0.24678784026555628 6.415328432724209
v 9.36025126265847 -0.2447487373415292 6.415328432724209
f 9533 9534 9535
f 9533 9535 9536
v 9.36025126265847 -0.2447487373415292 6.54467156727579
v 9.35 -0.24678784026555628 6.54467156727579
v 9.35 -0.26949747468305835 6.529497474683058
v 9.368941863505116 -0.2657297037706732 6.529497474683058
f 9537 9538 9539
f 9537 9539 9540
v 9.36025126265847 -0.2447487373415292 6.415328432724209
v 9.35 -0.24678784026555628 6.415328432724209
v 9.35 -0.22 6.409999999999999
f 9541 9542 9543
v 9.35 -0.22 6.55
v 9.35 -0.24678784026555628 6.54467156727579
v 9.36025126265847 -0.2447487373415292 6.54467156727579
f 9544 9545 9546
v 9.35 -0.29000000000000004 6.4799999999999995
v 9.323212159734444 -0.28467156727579007 6.4799999999999995
v 9.32525126265847 -0.27974873734152916 6.453212159734443
v 9.35 -0.28467156727579007 6.453212159734443
f 9547 9548 9549
f 9547 9549 9550
v 9.35 -0.28467156727579007 6.506787840265556
v 9.32525126265847 -0.27974873734152916 6.506787840265556
v 9.323212159734444 -0.28467156727579007 6.4799999999999995
v 9.35 -0.29000000000000004 6.4799999999999995
f 9551 9552 9553
f 9551 9553 9554
v 9.35 -0.28467156727579007 6.453212159734443
v 9.32525126265847 -0.27974873734152916 6.453212159734443
v 9.331058136494883 -0.2657297037706732 6.430502525316941
v 9.35 -0.26949747468305835 6.430502525316941
f 9555 9556 9557
f 9555 9557 9558
v 9.35 -0.26949747468305835 6.529497474683058
v 9.331058136494883 -0.2657297037706732 6.529497474683058
v 9.32525126265847 -0.27974873734152916 6.506787840265556
v 9.35 -0.28467156727579007 6.506787840265556
f 9559 9560 9561
f 9559 9561 9562
v 9.35 -0.26949747468305835 6.430502525316941
v 9.331058136494883 -0.2657297037706732 6.430502525316941
v 9.339748737341528 -0.2447487373415292 6.415328432724209
v 9.35 -0.24678784026555628 6.415328432724209
f 9563 9564 9565
f 9563 9565 9566
v 9.35 -0.24678784026555628 6.54467156727579
v 9.339748737341528 -0.2447487373415292 6.54467156727579
v 9.331058136494883 -0.2657297037706732 6.529497474683058
v 9.35 -0.26949747468305835 6.529497474683058
f 9567 9568 9569
f 9567 9569 9570
v 9.35 -0.24678784026555628 6.415328432724209
v 9.339748737341528 -0.2447487373415292 6.415328432724209
v 9.35 -0.22 6.409999999999999
f 9571 9572 9573
v 9.35 -0.22 6.55
v 9.339748737341528 -0.2447487373415292 6.54467156727579
v 9.35 -0.24678784026555628 6.54467156727579
f 9574 9575 9576
v 9.323212159734444 -0.28467156727579007 6.4799999999999995
v 9.300502525316942 -0.26949747468305835 6.4799999999999995
v 9.304270296229326 -0.2657297037706732 6.453212159734443
v 9.32525126265847 -0.27974873734152916 6.453212159734443
f 9577 9578 9579
f 9577 9579 9580
v 9.32525126265847 -0.27974873734152916 6.506787840265556
v 9.304270296229326 -0.2657297037706732 6.506787840265556
v 9.300502525316942 -0.26949747468305835 6.4799999999999995
v 9.323212159734444 -0.28467156727579007 6.4799999999999995
f 9581 9582 9583
f 9581 9583 9584
v 9.32525126265847 -0.27974873734152916 6.453212159734443
v 9.304270296229326 -0.2657297037706732 6.453212159734443
v 9.315 -0.255 6.430502525316941
v 9.331058136494883 -0.2657297037706732 6.430502525316941
f 9585 9586 9587
f 9585 9587 9588
v 9.331058136494883 -0.2657297037706732 6.529497474683058
v 9.315 -0.255 6.529497474683058
v 9.304270296229326 -0.2657297037706732 6.506787840265556
v 9.32525126265847 -0.27974873734152916 6.506787840265556
f 9589 9590 9591
f 9589 9591 9592
v 9.331058136494883 -0.2657297037706732 6.430502525316941
v 9.315 -0.255 6.430502525316941
v 9.331058136494883 -0.2389418635051169 6.415328432724209
v 9.339748737341528 -0.2447487373415292 6.415328432724209
f 9593 9594 9595
f 9593 9595 9596
v 9.339748737341528 -0.2447487373415292 6.54467156727579
v 9.331058136494883 -0.2389418635051169 6.54467156727579
v 9.315 -0.255 6.529497474683058
v 9.331058136494883 -0.2657297037706732 6.529497474683058
f 9597 9598 9599
f 9597 9599 9600
v 9.339748737341528 -0.2447487373415292 6.415328432724209
v 9.331058136494883 -0.2389418635051169 6.415328432724209
v 9.35 -0.22 6.409999999999999
f 9601 9602 9603
v 9.35 -0.22 6.55
v 9.331058136494883 -0.2389418635051169 6.54467156727579
v 9.339748737341528 -0.2447487373415292 6.54467156727579
f 9604 9605 9606
v 9.300502525316942 -0.26949747468305835 6.4799999999999995
v 9.28532843272421 -0.2467878402655563 6.4799999999999995
v 9.29025126265847 -0.2447487373415292 6.453212159734443
v 9.304270296229326 -0.2657297037706732 6.453212159734443
f 9607 9608 9609
f 9607 9609 9610
v 9.304270296229326 -0.2657297037706732 6.506787840265556
v 9.29025126265847 -0.2447487373415292 6.506787840265556
v 9.28532843272421 -0.2467878402655563 6.4799999999999995
v 9.300502525316942 -0.26949747468305835 6.4799999999999995
f 9611 9612 9613
f 9611 9613 9614
v 9.304270296229326 -0.2657297037706732 6.453212159734443
v 9.29025126265847 -0.2447487373415292 6.453212159734443
v 9.304270296229326 -0.2389418635051169 6.430502525316941
v 9.315 -0.255 6.430502525316941
f 9615 9616 9617
f 9615 9617 9618
v 9.315 -0.255 6.529497474683058
v 9.304270296229326 -0.2389418635051169 6.529497474683058
v 9.29025126265847 -0.2447487373415292 6.506787840265556
v 9.304270296229326 -0.2657297037706732 6.506787840265556
f 9619 9620 9621
f 9619 9621 9622
v 9.315 -0.255 6.430502525316941
v 9.304270296229326 -0.2389418635051169 6.430502525316941
v 9.32525126265847 -0.23025126265847085 6.415328432724209
v 9.331058136494883 -0.2389418635051169 6.415328432724209
f 9623 9624 9625
f 9623 9625 9626
v 9.331058136494883 -0.2389418635051169 6.54467156727579
v 9.32525126265847 -0.23025126265847085 6.54467156727579
v 9.304270296229326 -0.2389418635051169 6.529497474683058
v 9.315 -0.255 6.529497474683058
f 9627 9628 9629
f 9627 9629 9630
v 9.331058136494883 -0.2389418635051169 6.415328432724209
v 9.32525126265847 -0.23025126265847085 6.415328432724209
v 9.35 -0.22 6.409999999999999
f 9631 9632 9633
v 9.35 -0.22 6.55
v 9.32525126265847 -0.23025126265847085 6.54467156727579
v 9.331058136494883 -0.2389418635051169 6.54467156727579
f 9634 9635 9636
v 9.28532843272421 -0.2467878402655563 6.4799999999999995
v 9.28 -0.22 6.4799999999999995
v 9.28532843272421 -0.22 6.453212159734443
v 9.29025126265847 -0.2447487373415292 6.453212159734443
f 9637 9638 9639
f 9637 9639 9640
v 9.29025126265847 -0.2447487373415292 6.506787840265556
v 9.28532843272421 -0.22 6.506787840265556
v 9.28 -0.22 6.4799999999999995
v 9.28532843272421 -0.2467878402655563 6.4799999999999995
f 9641 9642 9643
f 9641 9643 9644
v 9.29025126265847 -0.2447487373415292 6.453212159734443
v 9.28532843272421 -0.22 6.453212159734443
v 9.300502525316942 -0.22 6.430502525316941
v 9.304270296229326 -0.2389418635051169 6.430502525316941
f 9645 9646 9647
f 9645 9647 9648
v 9.304270296229326 -0.2389418635051169 6.529497474683058
v 9.300502525316942 -0.22 6.529497474683058
v 9.28532843272421 -0.22 6.506787840265556
v 9.29025126265847 -0.2447487373415292 6.506787840265556
f 9649 9650 9651
f 9649 9651 9652
v 9.304270296229326 -0.2389418635051169 6.430502525316941
v 9.300502525316942 -0.22 6.430502525316941
v 9.323212159734444 -0.22 6.415328432724209
v 9.32525126265847 -0.23025126265847085 6.415328432724209
f 9653 9654 9655
f 9653 9655 9656
v 9.32525126265847 -0.23025126265847085 6.54467156727579
v 9.323212159734444 -0.22 6.54467156727579
v 9.300502525316942 -0.22 6.529497474683058
v 9.304270296229326 -0.2389418635051169 6.529497474683058
f 9657 9658 9659
f 9657 9659 9660
v 9.32525126265847 -0.23025126265847085 6.415328432724209
v 9.323212159734444 -0.22 6.415328432724209
v 9.35 -0.22 6.409999999999999
f 9661 9662 9663
v 9.35 -0.22 6.55
v 9.323212159734444 -0.22 6.54467156727579
v 9.32525126265847 -0.23025126265847085 6.54467156727579
f 9664 9665 9666
v 9.28 -0.22 6.4799999999999995
v 9.28532843272421 -0.19321215973444372 6.4799999999999995
v 9.29025126265847 -0.19525126265847084 6.453212159734443
v 9.28532843272421 -0.22 6.453212159734443
f 9667 9668 9669
f 9667 9669 9670
v 9.28532843272421 -0.22 6.506787840265556
v 9.29025126265847 -0.19525126265847084 6.506787840265556
v 9.28532843272421 -0.19321215973444372 6.4799999999999995
v 9.28 -0.22 6.4799999999999995
f 9671 9672 9673
f 9671 9673 9674
v 9.28532843272421 -0.22 6.453212159734443
v 9.29025126265847 -0.19525126265847084 6.453212159734443
v 9.304270296229326 -0.2010581364948831 6.430502525316941
v 9.300502525316942 -0.22 6.430502525316941
f 9675 9676 9677
f 9675 9677 9678
v 9.300502525316942 -0.22 6.529497474683058
v 9.304270296229326 -0.2010581364948831 6.529497474683058
v 9.29025126265847 -0.19525126265847084 6.506787840265556
v 9.28532843272421 -0.22 6.506787840265556
f 9679 9680 9681
f 9679 9681 9682
v 9.300502525316942 -0.22 6.430502525316941
v 9.304270296229326 -0.2010581364948831 6.430502525316941
v 9.32525126265847 -0.20974873734152916 6.415328432724209
v 9.323212159734444 -0.22 6.415328432724209
f 9683 9684 9685
f 9683 9685 9686
v 9.323212159734444 -0.22 6.54467156727579
v 9.32525126265847 -0.20974873734152916 6.54467156727579
v 9.304270296229326 -0.2010581364948831 6.529497474683058
v 9.300502525316942 -0.22 6.529497474683058
f 9687 9688 9689
f 9687 9689 9690
v 9.323212159734444 -0.22 6.415328432724209
v 9.32525126265847 -0.20974873734152916 6.415328432724209
v 9.35 -0.22 6.409999999999999
f 9691 9692 9693
v 9.35 -0.22 6.55
v 9.32525126265847 -0.20974873734152916 6.54467156727579
v 9.323212159734444 -0.22 6.54467156727579
f 9694 9695 9696
v 9.28532843272421 -0.19321215973444372 6.4799999999999995
v 9.300502525316942 -0.17050252531694168 6.4799999999999995
v 9.304270296229326 -0.17427029622932683 6.453212159734443
v 9.29025126265847 -0.19525126265847084 6.453212159734443
f 9697 9698 9699
f 9697 9699 9700
v 9.29025126265847 -0.19525126265847084 6.506787840265556
v 9.304270296229326 -0.17427029622932683 6.506787840265556
v 9.300502525316942 -0.17050252531694168 6.4799999999999995
v 9.28532843272421 -0.19321215973444372 6.4799999999999995
f 9701 9702 9703
f 9701 9703 9704
v 9.29025126265847 -0.19525126265847084 6.453212159734443
v 9.304270296229326 -0.17427029622932683 6.453212159734443
v 9.315 -0.185 6.430502525316941
v 9.304270296229326 -0.2010581364948831 6.430502525316941
f 9705 9706 9707
f 9705 9707 9708
v 9.304270296229326 -0.2010581364948831 6.529497474683058
v 9.315 -0.185 6.529497474683058
v 9.304270296229326 -0.17427029622932683 6.506787840265556
v 9.29025126265847 -0.19525126265847084 6.506787840265556
f 9709 9710 9711
f 9709 9711 9712
v 9.304270296229326 -0.2010581364948831 6.430502525316941
v 9.315 -0.185 6.430502525316941
v 9.331058136494883 -0.2010581364948831 6.415328432724209
v 9.32525126265847 -0.20974873734152916 6.415328432724209
f 9713 9714 9715
f 9713 9715 9716
v 9.32525126265847 -0.20974873734152916 6.54467156727579
v 9.331058136494883 -0.2010581364948831 6.54467156727579
v 9.315 -0.185 6.529497474683058
v 9.304270296229326 -0.2010581364948831 6.529497474683058
f 9717 9718 9719
f 9717 9719 9720
v 9.32525126265847 -0.20974873734152916 6.415328432724209
v 9.331058136494883 -0.2010581364948831 6.415328432724209
v 9.35 -0.22 6.409999999999999
f 9721 9722 9723
v 9.35 -0.22 6.55
v 9.331058136494883 -0.2010581364948831 6.54467156727579
v 9.32525126265847 -0.20974873734152916 6.54467156727579
f 9724 9725 9726
v 9.300502525316942 -0.17050252531694168 6.4799999999999995
v 9.323212159734444 -0.15532843272420993 6.4799999999999995
v 9.32525126265847 -0.16025126265847084 6.453212159734443
v 9.304270296229326 -0.17427029622932683 6.453212159734443
f 9727 9728 9729
f 9727 9729 9730
v 9.304270296229326 -0.17427029622932683 6.506787840265556
v 9.32525126265847 -0.16025126265847084 6.506787840265556
v 9.323212159734444 -0.15532843272420993 6.4799999999999995
v 9.300502525316942 -0.17050252531694168 6.4799999999999995
f 9731 9732 9733
f 9731 9733 9734
v 9.304270296229326 -0.17427029622932683 6.453212159734443
v 9.32525126265847 -0.16025126265847084 6.453212159734443
v 9.331058136494883 -0.17427029622932683 6.430502525316941
v 9.315 -0.185 6.430502525316941
f 9735 9736 9737
f 9735 9737 9738
v 9.315 -0.185 6.529497474683058
v 9.331058136494883 -0.17427029622932683 6.529497474683058
v 9.32525126265847 -0.16025126265847084 6.506787840265556
v 9.304270296229326 -0.17427029622932683 6.506787840265556
f 9739 9740 9741
f 9739 9741 9742
v 9.315 -0.185 6.430502525316941
v 9.331058136494883 -0.17427029622932683 6.430502525316941
v 9.339748737341528 -0.19525126265847084 6.415328432724209
v 9.331058136494883 -0.2010581364948831 6.415328432724209
f 9743 9744 9745
f 9743 9745 9746
v 9.331058136494883 -0.2010581364948831 6.54467156727579
v 9.339748737341528 -0.19525126265847084 6.54467156727579
v 9.331058136494883 -0.17427029622932683 6.529497474683058
v 9.315 -0.185 6.529497474683058
f 9747 9748 9749
f 9747 9749 9750
v 9.331058136494883 -0.2010581364948831 6.415328432724209
v 9.339748737341528 -0.19525126265847084 6.415328432724209
v 9.35 -0.22 6.409999999999999
f 9751 9752 9753
v 9.35 -0.22 6.55
v 9.339748737341528 -0.19525126265847084 6.54467156727579
v 9.331058136494883 -0.2010581364948831 6.54467156727579
f 9754 9755 9756
v 9.323212159734444 -0.15532843272420993 6.4799999999999995
v 9.35 -0.15 6.4799999999999995
v 9.35 -0.15532843272420993 6.453212159734443
v 9.32525126265847 -0.16025126265847084 6.453212159734443
f 9757 9758 9759
f 9757 9759 9760
v 9.32525126265847 -0.16025126265847084 6.506787840265556
v 9.35 -0.15532843272420993 6.506787840265556
v 9.35 -0.15 6.4799999999999995
v 9.323212159734444 -0.15532843272420993 6.4799999999999995
f 9761 9762 9763
f 9761 9763 9764
v 9.32525126265847 -0.16025126265847084 6.453212159734443
v 9.35 -0.15532843272420993 6.453212159734443
v 9.35 -0.17050252531694166 6.430502525316941
v 9.331058136494883 -0.17427029622932683 6.430502525316941
f 9765 9766 9767
f 9765 9767 9768
v 9.331058136494883 -0.17427029622932683 6.529497474683058
v 9.35 -0.17050252531694166 6.529497474683058
v 9.35 -0.15532843272420993 6.506787840265556
v 9.32525126265847 -0.16025126265847084 6.506787840265556
f 9769 9770 9771
f 9769 9771 9772
v 9.331058136494883 -0.17427029622932683 6.430502525316941
v 9.35 -0.17050252531694166 6.430502525316941
v 9.35 -0.19321215973444372 6.415328432724209
v 9.339748737341528 -0.19525126265847084 6.415328432724209
f 9773 9774 9775
f 9773 9775 9776
v 9.339748737341528 -0.19525126265847084 6.54467156727579
v 9.35 -0.19321215973444372 6.54467156727579
v 9.35 -0.17050252531694166 6.529497474683058
v 9.331058136494883 -0.17427029622932683 6.529497474683058
f 9777 9778 9779
f 9777 9779 9780
v 9.339748737341528 -0.19525126265847084 6.415328432724209
v 9.35 -0.19321215973444372 6.415328432724209
v 9.35 -0.22 6.409999999999999
f 9781 9782 9783
v 9.35 -0.22 6.55
v 9.35 -0.19321215973444372 6.54467156727579
v 9.339748737341528 -0.19525126265847084 6.54467156727579
f 9784 9785 9786
v 9.35 -0.15 6.4799999999999995
v 9.376787840265555 -0.15532843272420993 6.4799999999999995
v 9.374748737341529 -0.16025126265847084 6.453212159734443
v 9.35 -0.15532843272420993 6.453212159734443
f 9787 9788 9789
f 9787 9789 9790
v 9.35 -0.15532843272420993 6.506787840265556
v 9.374748737341529 -0.16025126265847084 6.506787840265556
v 9.376787840265555 -0.15532843272420993 6.4799999999999995
v 9.35 -0.15 6.4799999999999995
f 9791 9792 9793
f 9791 9793 9794
v 9.35 -0.15532843272420993 6.453212159734443
v 9.374748737341529 -0.16025126265847084 6.453212159734443
v 9.368941863505116 -0.17427029622932683 6.430502525316941
v 9.35 -0.17050252531694166 6.430502525316941
f 9795 9796 9797
f 9795 9797 9798
v 9.35 -0.17050252531694166 6.529497474683058
v 9.368941863505116 -0.17427029622932683 6.529497474683058
v 9.374748737341529 -0.16025126265847084 6.506787840265556
v 9.35 -0.15532843272420993 6.506787840265556
f 9799 9800 9801
f 9799 9801 9802
v 9.35 -0.17050252531694166 6.430502525316941
v 9.368941863505116 -0.17427029622932683 6.430502525316941
v 9.36025126265847 -0.19525126265847084 6.415328432724209
v 9.35 -0.19321215973444372 6.415328432724209
f 9803 9804 9805
f 9803 9805 9806
v 9.35 -0.19321215973444372 6.54467156727579
v 9.36025126265847 -0.19525126265847084 6.54467156727579
v 9.368941863505116 -0.17427029622932683 6.529497474683058
v 9.35 -0.17050252531694166 6.529497474683058
f 9807 9808 9809
f 9807 9809 9810
v 9.35 -0.19321215973444372 6.415328432724209
v 9.36025126265847 -0.19525126265847084 6.415328432724209
v 9.35 -0.22 6.409999999999999
f 9811 9812 9813
v 9.35 -0.22 6.55
v 9.36025126265847 -0.19525126265847084 6.54467156727579
v 9.35 -0.19321215973444372 6.54467156727579
f 9814 9815 9816
v 9.376787840265555 -0.15532843272420993 6.4799999999999995
v 9.399497474683058 -0.17050252531694166 6.4799999999999995
v 9.395729703770673 -0.1742702962293268 6.453212159734443
v 9.374748737341529 -0.16025126265847084 6.453212159734443
f 9817 9818 9819
f 9817 9819 9820
v 9.374748737341529 -0.16025126265847084 6.506787840265556
v 9.395729703770673 -0.1742702962293268 6.506787840265556
v 9.399497474683058 -0.17050252531694166 6.4799999999999995
v 9.376787840265555 -0.15532843272420993 6.4799999999999995
f 9821 9822 9823
f 9821 9823 9824
v 9.374748737341529 -0.16025126265847084 6.453212159734443
v 9.395729703770673 -0.1742702962293268 6.453212159734443
v 9.385 -0.185 6.430502525316941
v 9.368941863505116 -0.17427029622932683 6.430502525316941
f 9825 9826 9827
f 9825 9827 9828
v 9.368941863505116 -0.17427029622932683 6.529497474683058
v 9.385 -0.185 6.529497474683058
v 9.395729703770673 -0.1742702962293268 6.506787840265556
v 9.374748737341529 -0.16025126265847084 6.506787840265556
f 9829 9830 9831
f 9829 9831 9832
v 9.368941863505116 -0.17427029622932683 6.430502525316941
v 9.385 -0.185 6.430502525316941
v 9.368941863505116 -0.2010581364948831 6.415328432724209
v 9.36025126265847 -0.19525126265847084 6.415328432724209
f 9833 9834 9835
f 9833 9835 9836
v 9.36025126265847 -0.19525126265847084 6.54467156727579
v 9.368941863505116 -0.2010581364948831 6.54467156727579
v 9.385 -0.185 6.529497474683058
v 9.368941863505116 -0.17427029622932683 6.529497474683058
f 9837 9838 9839
f 9837 9839 9840
v 9.36025126265847 -0.19525126265847084 6.415328432724209
v 9.368941863505116 -0.2010581364948831 6.415328432724209
v 9.35 -0.22 6.409999999999999
f 9841 9842 9843
v 9.35 -0.22 6.55
v 9.368941863505116 -0.2010581364948831 6.54467156727579
v 9.36025126265847 -0.19525126265847084 6.54467156727579
f 9844 9845 9846
v 9.399497474683058 -0.17050252531694166 6.4799999999999995
v 9.41467156727579 -0.19321215973444367 6.4799999999999995
v 9.409748737341529 -0.1952512626584708 6.453212159734443
v 9.395729703770673 -0.1742702962293268 6.453212159734443
f 9847 9848 9849
f 9847 9849 9850
v 9.395729703770673 -0.1742702962293268 6.506787840265556
v 9.409748737341529 -0.1952512626584708 6.506787840265556
v 9.41467156727579 -0.19321215973444367 6.4799999999999995
v 9.399497474683058 -0.17050252531694166 6.4799999999999995
f 9851 9852 9853
f 9851 9853 9854
v 9.395729703770673 -0.1742702962293268 6.453212159734443
v 9.409748737341529 -0.1952512626584708 6.453212159734443
v 9.395729703770673 -0.20105813649488308 6.430502525316941
v 9.385 -0.185 6.430502525316941
f 9855 9856 9857
f 9855 9857 9858
v 9.385 -0.185 6.529497474683058
v 9.395729703770673 -0.20105813649488308 6.529497474683058
v 9.409748737341529 -0.1952512626584708 6.506787840265556
v 9.395729703770673 -0.1742702962293268 6.506787840265556
f 9859 9860 9861
f 9859 9861 9862
v 9.385 -0.185 6.430502525316941
v 9.395729703770673 -0.20105813649488308 6.430502525316941
v 9.374748737341529 -0.20974873734152916 6.415328432724209
v 9.368941863505116 -0.2010581364948831 6.415328432724209
f 9863 9864 9865
f 9863 9865 9866
v 9.368941863505116 -0.2010581364948831 6.54467156727579
v 9.374748737341529 -0.20974873734152916 6.54467156727579
v 9.395729703770673 -0.20105813649488308 6.529497474683058
v 9.385 -0.185 6.529497474683058
f 9867 9868 9869
f 9867 9869 9870
v 9.368941863505116 -0.2010581364948831 6.415328432724209
v 9.374748737341529 -0.20974873734152916 6.415328432724209
v 9.35 -0.22 6.409999999999999
f 9871 9872 9873
v 9.35 -0.22 6.55
v 9.374748737341529 -0.20974873734152916 6.54467156727579
v 9.368941863505116 -0.2010581364948831 6.54467156727579
f 9874 9875 9876
v 9.41467156727579 -0.19321215973444367 6.4799999999999995
v 9.42 -0.22 6.4799999999999995
v 9.41467156727579 -0.22 6.453212159734443
v 9.409748737341529 -0.1952512626584708 6.453212159734443
f 9877 9878 9879
f 9877 9879 9880
v 9.409748737341529 -0.1952512626584708 6.506787840265556
v 9.41467156727579 -0.22 6.506787840265556
v 9.42 -0.22 6.4799999999999995
v 9.41467156727579 -0.19321215973444367 6.4799999999999995
f 9881 9882 9883
f 9881 9883 9884
v 9.409748737341529 -0.1952512626584708 6.453212159734443
v 9.41467156727579 -0.22 6.453212159734443
v 9.399497474683058 -0.22 6.430502525316941
v 9.395729703770673 -0.20105813649488308 6.430502525316941
f 9885 9886 9887
f 9885 9887 9888
v 9.395729703770673 -0.20105813649488308 6.529497474683058
v 9.399497474683058 -0.22 6.529497474683058
v 9.41467156727579 -0.22 6.506787840265556
v 9.409748737341529 -0.1952512626584708 6.506787840265556
f 9889 9890 9891
f 9889 9891 9892
v 9.395729703770673 -0.20105813649488308 6.430502525316941
v 9.399497474683058 -0.22 6.430502525316941
v 9.376787840265555 -0.22 6.415328432724209
v 9.374748737341529 -0.20974873734152916 6.415328432724209
f 9893 9894 9895
f 9893 9895 9896
v 9.374748737341529 -0.20974873734152916 6.54467156727579
v 9.376787840265555 -0.22 6.54467156727579
v 9.399497474683058 -0.22 6.529497474683058
v 9.395729703770673 -0.20105813649488308 6.529497474683058
f 9897 9898 9899
f 9897 9899 9900
v 9.374748737341529 -0.20974873734152916 6.415328432724209
v 9.376787840265555 -0.22 6.415328432724209
v 9.35 -0.22 6.409999999999999
f 9901 9902 9903
v 9.35 -0.22 6.55
v 9.376787840265555 -0.22 6.54467156727579
v 9.374748737341529 -0.20974873734152916 6.54467156727579
f 9904 9905 9906
usemtl c_16_18_20
v 12.47 -0.19 6.39
v 12.47 -0.19 6.669999999999999
v 12.47 -0.13 6.669999999999999
v 12.47 -0.13 6.39
f 9907 9908 9909
f 9907 9909 9910
v 12.63 -0.19 6.39
v 12.63 -0.13 6.39
v 12.63 -0.13 6.669999999999999
v 12.63 -0.19 6.669999999999999
f 9911 9912 9913
f 9911 9913 9914
v 12.47 -0.19 6.39
v 12.63 -0.19 6.39
v 12.63 -0.19 6.669999999999999
v 12.47 -0.19 6.669999999999999
f 9915 9916 9917
f 9915 9917 9918
v 12.47 -0.13 6.39
v 12.47 -0.13 6.669999999999999
v 12.63 -0.13 6.669999999999999
v 12.63 -0.13 6.39
f 9919 9920 9921
f 9919 9921 9922
v 12.47 -0.19 6.39
v 12.47 -0.13 6.39
v 12.63 -0.13 6.39
v 12.63 -0.19 6.39
f 9923 9924 9925
f 9923 9925 9926
v 12.47 -0.19 6.669999999999999
v 12.63 -0.19 6.669999999999999
v 12.63 -0.13 6.669999999999999
v 12.47 -0.13 6.669999999999999
f 9927 9928 9929
f 9927 9929 9930
usemtl c_255_163_56
v 12.620000000000001 -0.22 6.4799999999999995
v 12.61467156727579 -0.24678784026555628 6.4799999999999995
v 12.60974873734153 -0.24474873734152916 6.453212159734443
v 12.61467156727579 -0.22 6.453212159734443
f 9931 9932 9933
f 9931 9933 9934
v 12.61467156727579 -0.22 6.506787840265556
v 12.60974873734153 -0.24474873734152916 6.506787840265556
v 12.61467156727579 -0.24678784026555628 6.4799999999999995
v 12.620000000000001 -0.22 6.4799999999999995
f 9935 9936 9937
f 9935 9937 9938
v 12.61467156727579 -0.22 6.453212159734443
v 12.60974873734153 -0.24474873734152916 6.453212159734443
v 12.595729703770674 -0.2389418635051169 6.430502525316941
v 12.599497474683059 -0.22 6.430502525316941
f 9939 9940 9941
f 9939 9941 9942
v 12.599497474683059 -0.22 6.529497474683058
v 12.595729703770674 -0.2389418635051169 6.529497474683058
v 12.60974873734153 -0.24474873734152916 6.506787840265556
v 12.61467156727579 -0.22 6.506787840265556
f 9943 9944 9945
f 9943 9945 9946
v 12.599497474683059 -0.22 6.430502525316941
v 12.595729703770674 -0.2389418635051169 6.430502525316941
v 12.57474873734153 -0.23025126265847085 6.415328432724209
v 12.576787840265556 -0.22 6.415328432724209
f 9947 9948 9949
f 9947 9949 9950
v 12.576787840265556 -0.22 6.54467156727579
v 12.57474873734153 -0.23025126265847085 6.54467156727579
v 12.595729703770674 -0.2389418635051169 6.529497474683058
v 12.599497474683059 -0.22 6.529497474683058
f 9951 9952 9953
f 9951 9953 9954
v 12.576787840265556 -0.22 6.415328432724209
v 12.57474873734153 -0.23025126265847085 6.415328432724209
v 12.55 -0.22 6.409999999999999
f 9955 9956 9957
v 12.55 -0.22 6.55
v 12.57474873734153 -0.23025126265847085 6.54467156727579
v 12.576787840265556 -0.22 6.54467156727579
f 9958 9959 9960
v 12.61467156727579 -0.24678784026555628 6.4799999999999995
v 12.599497474683059 -0.26949747468305835 6.4799999999999995
v 12.595729703770674 -0.2657297037706732 6.453212159734443
v 12.60974873734153 -0.24474873734152916 6.453212159734443
f 9961 9962 9963
f 9961 9963 9964
v 12.60974873734153 -0.24474873734152916 6.506787840265556
v 12.595729703770674 -0.2657297037706732 6.506787840265556
v 12.599497474683059 -0.26949747468305835 6.4799999999999995
v 12.61467156727579 -0.24678784026555628 6.4799999999999995
f 9965 9966 9967
f 9965 9967 9968
v 12.60974873734153 -0.24474873734152916 6.453212159734443
v 12.595729703770674 -0.2657297037706732 6.453212159734443
v 12.585 -0.255 6.430502525316941
v 12.595729703770674 -0.2389418635051169 6.430502525316941
f 9969 9970 9971
f 9969 9971 9972
v 12.595729703770674 -0.2389418635051169 6.529497474683058
v 12.585 -0.255 6.529497474683058
v 12.595729703770674 -0.2657297037706732 6.506787840265556
v 12.60974873734153 -0.24474873734152916 6.506787840265556
f 9973 9974 9975
f 9973 9975 9976
v 12.595729703770674 -0.2389418635051169 6.430502525316941
v 12.585 -0.255 6.430502525316941
v 12.568941863505117 -0.2389418635051169 6.415328432724209
v 12.57474873734153 -0.23025126265847085 6.415328432724209
f 9977 9978 9979
f 9977 9979 9980
v 12.57474873734153 -0.23025126265847085 6.54467156727579
v 12.568941863505117 -0.2389418635051169 6.54467156727579
v 12.585 -0.255 6.529497474683058
v 12.595729703770674 -0.2389418635051169 6.529497474683058
f 9981 9982 9983
f 9981 9983 9984
v 12.57474873734153 -0.23025126265847085 6.415328432724209
v 12.568941863505117 -0.2389418635051169 6.415328432724209
v 12.55 -0.22 6.409999999999999
f 9985 9986 9987
v 12.55 -0.22 6.55
v 12.568941863505117 -0.2389418635051169 6.54467156727579
v 12.57474873734153 -0.23025126265847085 6.54467156727579
f 9988 9989 9990
v 12.599497474683059 -0.26949747468305835 6.4799999999999995
v 12.576787840265556 -0.28467156727579007 6.4799999999999995
v 12.57474873734153 -0.27974873734152916 6.453212159734443
v 12.595729703770674 -0.2657297037706732 6.453212159734443
f 9991 9992 9993
f 9991 9993 9994
v 12.595729703770674 -0.2657297037706732 6.506787840265556
v 12.57474873734153 -0.27974873734152916 6.506787840265556
v 12.576787840265556 -0.28467156727579007 6.4799999999999995
v 12.599497474683059 -0.26949747468305835 6.4799999999999995
f 9995 9996 9997
f 9995 9997 9998
v 12.595729703770674 -0.2657297037706732 6.453212159734443
v 12.57474873734153 -0.27974873734152916 6.453212159734443
v 12.568941863505117 -0.2657297037706732 6.430502525316941
v 12.585 -0.255 6.430502525316941
f 9999 10000 10001
f 9999 10001 10002
v 12.585 -0.255 6.529497474683058
v 12.568941863505117 -0.2657297037706732 6.529497474683058
v 12.57474873734153 -0.27974873734152916 6.506787840265556
v 12.595729703770674 -0.2657297037706732 6.506787840265556
f 10003 10004 10005
f 10003 10005 10006
v 12.585 -0.255 6.430502525316941
v 12.568941863505117 -0.2657297037706732 6.430502525316941
v 12.560251262658472 -0.2447487373415292 6.415328432724209
v 12.568941863505117 -0.2389418635051169 6.415328432724209
f 10007 10008 10009
f 10007 10009 10010
v 12.568941863505117 -0.2389418635051169 6.54467156727579
v 12.560251262658472 -0.2447487373415292 6.54467156727579
v 12.568941863505117 -0.2657297037706732 6.529497474683058
v 12.585 -0.255 6.529497474683058
f 10011 10012 10013
f 10011 10013 10014
v 12.568941863505117 -0.2389418635051169 6.415328432724209
v 12.560251262658472 -0.2447487373415292 6.415328432724209
v 12.55 -0.22 6.409999999999999
f 10015 10016 10017
v 12.55 -0.22 6.55
v 12.560251262658472 -0.2447487373415292 6.54467156727579
v 12.568941863505117 -0.2389418635051169 6.54467156727579
f 10018 10019 10020
v 12.576787840265556 -0.28467156727579007 6.4799999999999995
v 12.55 -0.29000000000000004 6.4799999999999995
v 12.55 -0.28467156727579007 6.453212159734443
v 12.57474873734153 -0.27974873734152916 6.453212159734443
f 10021 10022 10023
f 10021 10023 10024
v 12.57474873734153 -0.27974873734152916 6.506787840265556
v 12.55 -0.28467156727579007 6.506787840265556
v 12.55 -0.29000000000000004 6.4799999999999995
v 12.576787840265556 -0.28467156727579007 6.4799999999999995
f 10025 10026 10027
f 10025 10027 10028
v 12.57474873734153 -0.27974873734152916 6.453212159734443
v 12.55 -0.28467156727579007 6.453212159734443
v 12.55 -0.26949747468305835 6.430502525316941
v 12.568941863505117 -0.2657297037706732 6.430502525316941
f 10029 10030 10031
f 10029 10031 10032
v 12.568941863505117 -0.2657297037706732 6.529497474683058
v 12.55 -0.26949747468305835 6.529497474683058
v 12.55 -0.28467156727579007 6.506787840265556
v 12.57474873734153 -0.27974873734152916 6.506787840265556
f 10033 10034 10035
f 10033 10035 10036
v 12.568941863505117 -0.2657297037706732 6.430502525316941
v 12.55 -0.26949747468305835 6.430502525316941
v 12.55 -0.24678784026555628 6.415328432724209
v 12.560251262658472 -0.2447487373415292 6.415328432724209
f 10037 10038 10039
f 10037 10039 10040
v 12.560251262658472 -0.2447487373415292 6.54467156727579
v 12.55 -0.24678784026555628 6.54467156727579
v 12.55 -0.26949747468305835 6.529497474683058
v 12.568941863505117 -0.2657297037706732 6.529497474683058
f 10041 10042 10043
f 10041 10043 10044
v 12.560251262658472 -0.2447487373415292 6.415328432724209
v 12.55 -0.24678784026555628 6.415328432724209
v 12.55 -0.22 6.409999999999999
f 10045 10046 10047
v 12.55 -0.22 6.55
v 12.55 -0.24678784026555628 6.54467156727579
v 12.560251262658472 -0.2447487373415292 6.54467156727579
f 10048 10049 10050
v 12.55 -0.29000000000000004 6.4799999999999995
v 12.523212159734445 -0.28467156727579007 6.4799999999999995
v 12.525251262658472 -0.27974873734152916 6.453212159734443
v 12.55 -0.28467156727579007 6.453212159734443
f 10051 10052 10053
f 10051 10053 10054
v 12.55 -0.28467156727579007 6.506787840265556
v 12.525251262658472 -0.27974873734152916 6.506787840265556
v 12.523212159734445 -0.28467156727579007 6.4799999999999995
v 12.55 -0.29000000000000004 6.4799999999999995
f 10055 10056 10057
f 10055 10057 10058
v 12.55 -0.28467156727579007 6.453212159734443
v 12.525251262658472 -0.27974873734152916 6.453212159734443
v 12.531058136494885 -0.2657297037706732 6.430502525316941
v 12.55 -0.26949747468305835 6.430502525316941
f 10059 10060 10061
f 10059 10061 10062
v 12.55 -0.26949747468305835 6.529497474683058
v 12.531058136494885 -0.2657297037706732 6.529497474683058
v 12.525251262658472 -0.27974873734152916 6.506787840265556
v 12.55 -0.28467156727579007 6.506787840265556
f 10063 10064 10065
f 10063 10065 10066
v 12.55 -0.26949747468305835 6.430502525316941
v 12.531058136494885 -0.2657297037706732 6.430502525316941
v 12.53974873734153 -0.2447487373415292 6.415328432724209
v 12.55 -0.24678784026555628 6.415328432724209
f 10067 10068 10069
f 10067 10069 10070
v 12.55 -0.24678784026555628 6.54467156727579
v 12.53974873734153 -0.2447487373415292 6.54467156727579
v 12.531058136494885 -0.2657297037706732 6.529497474683058
v 12.55 -0.26949747468305835 6.529497474683058
f 10071 10072 10073
f 10071 10073 10074
v 12.55 -0.24678784026555628 6.415328432724209
v 12.53974873734153 -0.2447487373415292 6.415328432724209
v 12.55 -0.22 6.409999999999999
f 10075 10076 10077
v 12.55 -0.22 6.55
v 12.53974873734153 -0.2447487373415292 6.54467156727579
v 12.55 -0.24678784026555628 6.54467156727579
f 10078 10079 10080
v 12.523212159734445 -0.28467156727579007 6.4799999999999995
v 12.500502525316943 -0.26949747468305835 6.4799999999999995
v 12.504270296229327 -0.2657297037706732 6.453212159734443
v 12.525251262658472 -0.27974873734152916 6.453212159734443
f 10081 10082 10083
f 10081 10083 10084
v 12.525251262658472 -0.27974873734152916 6.506787840265556
v 12.504270296229327 -0.2657297037706732 6.506787840265556
v 12.500502525316943 -0.26949747468305835 6.4799999999999995
v 12.523212159734445 -0.28467156727579007 6.4799999999999995
f 10085 10086 10087
f 10085 10087 10088
v 12.525251262658472 -0.27974873734152916 6.453212159734443
v 12.504270296229327 -0.2657297037706732 6.453212159734443
v 12.515 -0.255 6.430502525316941
v 12.531058136494885 -0.2657297037706732 6.430502525316941
f 10089 10090 10091
f 10089 10091 10092
v 12.531058136494885 -0.2657297037706732 6.529497474683058
v 12.515 -0.255 6.529497474683058
v 12.504270296229327 -0.2657297037706732 6.506787840265556
v 12.525251262658472 -0.27974873734152916 6.506787840265556
f 10093 10094 10095
f 10093 10095 10096
v 12.531058136494885 -0.2657297037706732 6.430502525316941
v 12.515 -0.255 6.430502525316941
v 12.531058136494885 -0.2389418635051169 6.415328432724209
v 12.53974873734153 -0.2447487373415292 6.415328432724209
f 10097 10098 10099
f 10097 10099 10100
v 12.53974873734153 -0.2447487373415292 6.54467156727579
v 12.531058136494885 -0.2389418635051169 6.54467156727579
v 12.515 -0.255 6.529497474683058
v 12.531058136494885 -0.2657297037706732 6.529497474683058
f 10101 10102 10103
f 10101 10103 10104
v 12.53974873734153 -0.2447487373415292 6.415328432724209
v 12.531058136494885 -0.2389418635051169 6.415328432724209
v 12.55 -0.22 6.409999999999999
f 10105 10106 10107
v 12.55 -0.22 6.55
v 12.531058136494885 -0.2389418635051169 6.54467156727579
v 12.53974873734153 -0.2447487373415292 6.54467156727579
f 10108 10109 10110
v 12.500502525316943 -0.26949747468305835 6.4799999999999995
v 12.485328432724211 -0.2467878402655563 6.4799999999999995
v 12.490251262658472 -0.2447487373415292 6.453212159734443
v 12.504270296229327 -0.2657297037706732 6.453212159734443
f 10111 10112 10113
f 10111 10113 10114
v 12.504270296229327 -0.2657297037706732 6.506787840265556
v 12.490251262658472 -0.2447487373415292 6.506787840265556
v 12.485328432724211 -0.2467878402655563 6.4799999999999995
v 12.500502525316943 -0.26949747468305835 6.4799999999999995
f 10115 10116 10117
f 10115 10117 10118
v 12.504270296229327 -0.2657297037706732 6.453212159734443
v 12.490251262658472 -0.2447487373415292 6.453212159734443
v 12.504270296229327 -0.2389418635051169 6.430502525316941
v 12.515 -0.255 6.430502525316941
f 10119 10120 10121
f 10119 10121 10122
v 12.515 -0.255 6.529497474683058
v 12.504270296229327 -0.2389418635051169 6.529497474683058
v 12.490251262658472 -0.2447487373415292 6.506787840265556
v 12.504270296229327 -0.2657297037706732 6.506787840265556
f 10123 10124 10125
f 10123 10125 10126
v 12.515 -0.255 6.430502525316941
v 12.504270296229327 -0.2389418635051169 6.430502525316941
v 12.525251262658472 -0.23025126265847085 6.415328432724209
v 12.531058136494885 -0.2389418635051169 6.415328432724209
f 10127 10128 10129
f 10127 10129 10130
v 12.531058136494885 -0.2389418635051169 6.54467156727579
v 12.525251262658472 -0.23025126265847085 6.54467156727579
v 12.504270296229327 -0.2389418635051169 6.529497474683058
v 12.515 -0.255 6.529497474683058
f 10131 10132 10133
f 10131 10133 10134
v 12.531058136494885 -0.2389418635051169 6.415328432724209
v 12.525251262658472 -0.23025126265847085 6.415328432724209
v 12.55 -0.22 6.409999999999999
f 10135 10136 10137
v 12.55 -0.22 6.55
v 12.525251262658472 -0.23025126265847085 6.54467156727579
v 12.531058136494885 -0.2389418635051169 6.54467156727579
f 10138 10139 10140
v 12.485328432724211 -0.2467878402655563 6.4799999999999995
v 12.48 -0.22 6.4799999999999995
v 12.485328432724211 -0.22 6.453212159734443
v 12.490251262658472 -0.2447487373415292 6.453212159734443
f 10141 10142 10143
f 10141 10143 10144
v 12.490251262658472 -0.2447487373415292 6.506787840265556
v 12.485328432724211 -0.22 6.506787840265556
v 12.48 -0.22 6.4799999999999995
v 12.485328432724211 -0.2467878402655563 6.4799999999999995
f 10145 10146 10147
f 10145 10147 10148
v 12.490251262658472 -0.2447487373415292 6.453212159734443
v 12.485328432724211 -0.22 6.453212159734443
v 12.500502525316943 -0.22 6.430502525316941
v 12.504270296229327 -0.2389418635051169 6.430502525316941
f 10149 10150 10151
f 10149 10151 10152
v 12.504270296229327 -0.2389418635051169 6.529497474683058
v 12.500502525316943 -0.22 6.529497474683058
v 12.485328432724211 -0.22 6.506787840265556
v 12.490251262658472 -0.2447487373415292 6.506787840265556
f 10153 10154 10155
f 10153 10155 10156
v 12.504270296229327 -0.2389418635051169 6.430502525316941
v 12.500502525316943 -0.22 6.430502525316941
v 12.523212159734445 -0.22 6.415328432724209
v 12.525251262658472 -0.23025126265847085 6.415328432724209
f 10157 10158 10159
f 10157 10159 10160
v 12.525251262658472 -0.23025126265847085 6.54467156727579
v 12.523212159734445 -0.22 6.54467156727579
v 12.500502525316943 -0.22 6.529497474683058
v 12.504270296229327 -0.2389418635051169 6.529497474683058
f 10161 10162 10163
f 10161 10163 10164
v 12.525251262658472 -0.23025126265847085 6.415328432724209
v 12.523212159734445 -0.22 6.415328432724209
v 12.55 -0.22 6.409999999999999
f 10165 10166 10167
v 12.55 -0.22 6.55
v 12.523212159734445 -0.22 6.54467156727579
v 12.525251262658472 -0.23025126265847085 6.54467156727579
f 10168 10169 10170
v 12.48 -0.22 6.4799999999999995
v 12.485328432724211 -0.19321215973444372 6.4799999999999995
v 12.490251262658472 -0.19525126265847084 6.453212159734443
v 12.485328432724211 -0.22 6.453212159734443
f 10171 10172 10173
f 10171 10173 10174
v 12.485328432724211 -0.22 6.506787840265556
v 12.490251262658472 -0.19525126265847084 6.506787840265556
v 12.485328432724211 -0.19321215973444372 6.4799999999999995
v 12.48 -0.22 6.4799999999999995
f 10175 10176 10177
f 10175 10177 10178
v 12.485328432724211 -0.22 6.453212159734443
v 12.490251262658472 -0.19525126265847084 6.453212159734443
v 12.504270296229327 -0.2010581364948831 6.430502525316941
v 12.500502525316943 -0.22 6.430502525316941
f 10179 10180 10181
f 10179 10181 10182
v 12.500502525316943 -0.22 6.529497474683058
v 12.504270296229327 -0.2010581364948831 6.529497474683058
v 12.490251262658472 -0.19525126265847084 6.506787840265556
v 12.485328432724211 -0.22 6.506787840265556
f 10183 10184 10185
f 10183 10185 10186
v 12.500502525316943 -0.22 6.430502525316941
v 12.504270296229327 -0.2010581364948831 6.430502525316941
v 12.525251262658472 -0.20974873734152916 6.415328432724209
v 12.523212159734445 -0.22 6.415328432724209
f 10187 10188 10189
f 10187 10189 10190
v 12.523212159734445 -0.22 6.54467156727579
v 12.525251262658472 -0.20974873734152916 6.54467156727579
v 12.504270296229327 -0.2010581364948831 6.529497474683058
v 12.500502525316943 -0.22 6.529497474683058
f 10191 10192 10193
f 10191 10193 10194
v 12.523212159734445 -0.22 6.415328432724209
v 12.525251262658472 -0.20974873734152916 6.415328432724209
v 12.55 -0.22 6.409999999999999
f 10195 10196 10197
v 12.55 -0.22 6.55
v 12.525251262658472 -0.20974873734152916 6.54467156727579
v 12.523212159734445 -0.22 6.54467156727579
f 10198 10199 10200
v 12.485328432724211 -0.19321215973444372 6.4799999999999995
v 12.500502525316943 -0.17050252531694168 6.4799999999999995
v 12.504270296229327 -0.17427029622932683 6.453212159734443
v 12.490251262658472 -0.19525126265847084 6.453212159734443
f 10201 10202 10203
f 10201 10203 10204
v 12.490251262658472 -0.19525126265847084 6.506787840265556
v 12.504270296229327 -0.17427029622932683 6.506787840265556
v 12.500502525316943 -0.17050252531694168 6.4799999999999995
v 12.485328432724211 -0.19321215973444372 6.4799999999999995
f 10205 10206 10207
f 10205 10207 10208
v 12.490251262658472 -0.19525126265847084 6.453212159734443
v 12.504270296229327 -0.17427029622932683 6.453212159734443
v 12.515 -0.185 6.430502525316941
v 12.504270296229327 -0.2010581364948831 6.430502525316941
f 10209 10210 10211
f 10209 10211 10212
v 12.504270296229327 -0.2010581364948831 6.529497474683058
v 12.515 -0.185 6.529497474683058
v 12.504270296229327 -0.17427029622932683 6.506787840265556
v 12.490251262658472 -0.19525126265847084 6.506787840265556
f 10213 10214 10215
f 10213 10215 10216
v 12.504270296229327 -0.2010581364948831 6.430502525316941
v 12.515 -0.185 6.430502525316941
v 12.531058136494885 -0.2010581364948831 6.415328432724209
v 12.525251262658472 -0.20974873734152916 6.415328432724209
f 10217 10218 10219
f 10217 10219 10220
v 12.525251262658472 -0.20974873734152916 6.54467156727579
v 12.531058136494885 -0.2010581364948831 6.54467156727579
v 12.515 -0.185 6.529497474683058
v 12.504270296229327 -0.2010581364948831 6.529497474683058
f 10221 10222 10223
f 10221 10223 10224
v 12.525251262658472 -0.20974873734152916 6.415328432724209
v 12.531058136494885 -0.2010581364948831 6.415328432724209
v 12.55 -0.22 6.409999999999999
f 10225 10226 10227
v 12.55 -0.22 6.55
v 12.531058136494885 -0.2010581364948831 6.54467156727579
v 12.525251262658472 -0.20974873734152916 6.54467156727579
f 10228 10229 10230
v 12.500502525316943 -0.17050252531694168 6.4799999999999995
v 12.523212159734445 -0.15532843272420993 6.4799999999999995
v 12.525251262658472 -0.16025126265847084 6.453212159734443
v 12.504270296229327 -0.17427029622932683 6.453212159734443
f 10231 10232 10233
f 10231 10233 10234
v 12.504270296229327 -0.17427029622932683 6.506787840265556
v 12.525251262658472 -0.16025126265847084 6.506787840265556
v 12.523212159734445 -0.15532843272420993 6.4799999999999995
v 12.500502525316943 -0.17050252531694168 6.4799999999999995
f 10235 10236 10237
f 10235 10237 10238
v 12.504270296229327 -0.17427029622932683 6.453212159734443
v 12.525251262658472 -0.16025126265847084 6.453212159734443
v 12.531058136494885 -0.17427029622932683 6.430502525316941
v 12.515 -0.185 6.430502525316941
f 10239 10240 10241
f 10239 10241 10242
v 12.515 -0.185 6.529497474683058
v 12.531058136494885 -0.17427029622932683 6.529497474683058
v 12.525251262658472 -0.16025126265847084 6.506787840265556
v 12.504270296229327 -0.17427029622932683 6.506787840265556
f 10243 10244 10245
f 10243 10245 10246
v 12.515 -0.185 6.430502525316941
v 12.531058136494885 -0.17427029622932683 6.430502525316941
v 12.53974873734153 -0.19525126265847084 6.415328432724209
v 12.531058136494885 -0.2010581364948831 6.415328432724209
f 10247 10248 10249
f 10247 10249 10250
v 12.531058136494885 -0.2010581364948831 6.54467156727579
v 12.53974873734153 -0.19525126265847084 6.54467156727579
v 12.531058136494885 -0.17427029622932683 6.529497474683058
v 12.515 -0.185 6.529497474683058
f 10251 10252 10253
f 10251 10253 10254
v 12.531058136494885 -0.2010581364948831 6.415328432724209
v 12.53974873734153 -0.19525126265847084 6.415328432724209
v 12.55 -0.22 6.409999999999999
f 10255 10256 10257
v 12.55 -0.22 6.55
v 12.53974873734153 -0.19525126265847084 6.54467156727579
v 12.531058136494885 -0.2010581364948831 6.54467156727579
f 10258 10259 10260
v 12.523212159734445 -0.15532843272420993 6.4799999999999995
v 12.55 -0.15 6.4799999999999995
v 12.55 -0.15532843272420993 6.453212159734443
v 12.525251262658472 -0.16025126265847084 6.453212159734443
f 10261 10262 10263
f 10261 10263 10264
v 12.525251262658472 -0.16025126265847084 6.506787840265556
v 12.55 -0.15532843272420993 6.506787840265556
v 12.55 -0.15 6.4799999999999995
v 12.523212159734445 -0.15532843272420993 6.4799999999999995
f 10265 10266 10267
f 10265 10267 10268
v 12.525251262658472 -0.16025126265847084 6.453212159734443
v 12.55 -0.15532843272420993 6.453212159734443
v 12.55 -0.17050252531694166 6.430502525316941
v 12.531058136494885 -0.17427029622932683 6.430502525316941
f 10269 10270 10271
f 10269 10271 10272
v 12.531058136494885 -0.17427029622932683 6.529497474683058
v 12.55 -0.17050252531694166 6.529497474683058
v 12.55 -0.15532843272420993 6.506787840265556
v 12.525251262658472 -0.16025126265847084 6.506787840265556
f 10273 10274 10275
f 10273 10275 10276
v 12.531058136494885 -0.17427029622932683 6.430502525316941
v 12.55 -0.17050252531694166 6.430502525316941
v 12.55 -0.19321215973444372 6.415328432724209
v 12.53974873734153 -0.19525126265847084 6.415328432724209
f 10277 10278 10279
f 10277 10279 10280
v 12.53974873734153 -0.19525126265847084 6.54467156727579
v 12.55 -0.19321215973444372 6.54467156727579
v 12.55 -0.17050252531694166 6.529497474683058
v 12.531058136494885 -0.17427029622932683 6.529497474683058
f 10281 10282 10283
f 10281 10283 10284
v 12.53974873734153 -0.19525126265847084 6.415328432724209
v 12.55 -0.19321215973444372 6.415328432724209
v 12.55 -0.22 6.409999999999999
f 10285 10286 10287
v 12.55 -0.22 6.55
v 12.55 -0.19321215973444372 6.54467156727579
v 12.53974873734153 -0.19525126265847084 6.54467156727579
f 10288 10289 10290
v 12.55 -0.15 6.4799999999999995
v 12.576787840265556 -0.15532843272420993 6.4799999999999995
v 12.57474873734153 -0.16025126265847084 6.453212159734443
v 12.55 -0.15532843272420993 6.453212159734443
f 10291 10292 10293
f 10291 10293 10294
v 12.55 -0.15532843272420993 6.506787840265556
v 12.57474873734153 -0.16025126265847084 6.506787840265556
v 12.576787840265556 -0.15532843272420993 6.4799999999999995
v 12.55 -0.15 6.4799999999999995
f 10295 10296 10297
f 10295 10297 10298
v 12.55 -0.15532843272420993 6.453212159734443
v 12.57474873734153 -0.16025126265847084 6.453212159734443
v 12.568941863505117 -0.17427029622932683 6.430502525316941
v 12.55 -0.17050252531694166 6.430502525316941
f 10299 10300 10301
f 10299 10301 10302
v 12.55 -0.17050252531694166 6.529497474683058
v 12.568941863505117 -0.17427029622932683 6.529497474683058
v 12.57474873734153 -0.16025126265847084 6.506787840265556
v 12.55 -0.15532843272420993 6.506787840265556
f 10303 10304 10305
f 10303 10305 10306
v 12.55 -0.17050252531694166 6.430502525316941
v 12.568941863505117 -0.17427029622932683 6.430502525316941
v 12.560251262658472 -0.19525126265847084 6.415328432724209
v 12.55 -0.19321215973444372 6.415328432724209
f 10307 10308 10309
f 10307 10309 10310
v 12.55 -0.19321215973444372 6.54467156727579
v 12.560251262658472 -0.19525126265847084 6.54467156727579
v 12.568941863505117 -0.17427029622932683 6.529497474683058
v 12.55 -0.17050252531694166 6.529497474683058
f 10311 10312 10313
f 10311 10313 10314
v 12.55 -0.19321215973444372 6.415328432724209
v 12.560251262658472 -0.19525126265847084 6.415328432724209
v 12.55 -0.22 6.409999999999999
f 10315 10316 10317
v 12.55 -0.22 6.55
v 12.560251262658472 -0.19525126265847084 6.54467156727579
v 12.55 -0.19321215973444372 6.54467156727579
f 10318 10319 10320
v 12.576787840265556 -0.15532843272420993 6.4799999999999995
v 12.599497474683059 -0.17050252531694166 6.4799999999999995
v 12.595729703770674 -0.1742702962293268 6.453212159734443
v 12.57474873734153 -0.16025126265847084 6.453212159734443
f 10321 10322 10323
f 10321 10323 10324
v 12.57474873734153 -0.16025126265847084 6.506787840265556
v 12.595729703770674 -0.1742702962293268 6.506787840265556
v 12.599497474683059 -0.17050252531694166 6.4799999999999995
v 12.576787840265556 -0.15532843272420993 6.4799999999999995
f 10325 10326 10327
f 10325 10327 10328
v 12.57474873734153 -0.16025126265847084 6.453212159734443
v 12.595729703770674 -0.1742702962293268 6.453212159734443
v 12.585 -0.185 6.430502525316941
v 12.568941863505117 -0.17427029622932683 6.430502525316941
f 10329 10330 10331
f 10329 10331 10332
v 12.568941863505117 -0.17427029622932683 6.529497474683058
v 12.585 -0.185 6.529497474683058
v 12.595729703770674 -0.1742702962293268 6.506787840265556
v 12.57474873734153 -0.16025126265847084 6.506787840265556
f 10333 10334 10335
f 10333 10335 10336
v 12.568941863505117 -0.17427029622932683 6.430502525316941
v 12.585 -0.185 6.430502525316941
v 12.568941863505117 -0.2010581364948831 6.415328432724209
v 12.560251262658472 -0.19525126265847084 6.415328432724209
f 10337 10338 10339
f 10337 10339 10340
v 12.560251262658472 -0.19525126265847084 6.54467156727579
v 12.568941863505117 -0.2010581364948831 6.54467156727579
v 12.585 -0.185 6.529497474683058
v 12.568941863505117 -0.17427029622932683 6.529497474683058
f 10341 10342 10343
f 10341 10343 10344
v 12.560251262658472 -0.19525126265847084 6.415328432724209
v 12.568941863505117 -0.2010581364948831 6.415328432724209
v 12.55 -0.22 6.409999999999999
f 10345 10346 10347
v 12.55 -0.22 6.55
v 12.568941863505117 -0.2010581364948831 6.54467156727579
v 12.560251262658472 -0.19525126265847084 6.54467156727579
f 10348 10349 10350
v 12.599497474683059 -0.17050252531694166 6.4799999999999995
v 12.61467156727579 -0.19321215973444367 6.4799999999999995
v 12.60974873734153 -0.1952512626584708 6.453212159734443
v 12.595729703770674 -0.1742702962293268 6.453212159734443
f 10351 10352 10353
f 10351 10353 10354
v 12.595729703770674 -0.1742702962293268 6.506787840265556
v 12.60974873734153 -0.1952512626584708 6.506787840265556
v 12.61467156727579 -0.19321215973444367 6.4799999999999995
v 12.599497474683059 -0.17050252531694166 6.4799999999999995
f 10355 10356 10357
f 10355 10357 10358
v 12.595729703770674 -0.1742702962293268 6.453212159734443
v 12.60974873734153 -0.1952512626584708 6.453212159734443
v 12.595729703770674 -0.20105813649488308 6.430502525316941
v 12.585 -0.185 6.430502525316941
f 10359 10360 10361
f 10359 10361 10362
v 12.585 -0.185 6.529497474683058
v 12.595729703770674 -0.20105813649488308 6.529497474683058
v 12.60974873734153 -0.1952512626584708 6.506787840265556
v 12.595729703770674 -0.1742702962293268 6.506787840265556
f 10363 10364 10365
f 10363 10365 10366
v 12.585 -0.185 6.430502525316941
v 12.595729703770674 -0.20105813649488308 6.430502525316941
v 12.57474873734153 -0.20974873734152916 6.415328432724209
v 12.568941863505117 -0.2010581364948831 6.415328432724209
f 10367 10368 10369
f 10367 10369 10370
v 12.568941863505117 -0.2010581364948831 6.54467156727579
v 12.57474873734153 -0.20974873734152916 6.54467156727579
v 12.595729703770674 -0.20105813649488308 6.529497474683058
v 12.585 -0.185 6.529497474683058
f 10371 10372 10373
f 10371 10373 10374
v 12.568941863505117 -0.2010581364948831 6.415328432724209
v 12.57474873734153 -0.20974873734152916 6.415328432724209
v 12.55 -0.22 6.409999999999999
f 10375 10376 10377
v 12.55 -0.22 6.55
v 12.57474873734153 -0.20974873734152916 6.54467156727579
v 12.568941863505117 -0.2010581364948831 6.54467156727579
f 10378 10379 10380
v 12.61467156727579 -0.19321215973444367 6.4799999999999995
v 12.620000000000001 -0.22 6.4799999999999995
v 12.61467156727579 -0.22 6.453212159734443
v 12.60974873734153 -0.1952512626584708 6.453212159734443
f 10381 10382 10383
f 10381 10383 10384
v 12.60974873734153 -0.1952512626584708 6.506787840265556
v 12.61467156727579 -0.22 6.506787840265556
v 12.620000000000001 -0.22 6.4799999999999995
v 12.61467156727579 -0.19321215973444367 6.4799999999999995
f 10385 10386 10387
f 10385 10387 10388
v 12.60974873734153 -0.1952512626584708 6.453212159734443
v 12.61467156727579 -0.22 6.453212159734443
v 12.599497474683059 -0.22 6.430502525316941
v 12.595729703770674 -0.20105813649488308 6.430502525316941
f 10389 10390 10391
f 10389 10391 10392
v 12.595729703770674 -0.20105813649488308 6.529497474683058
v 12.599497474683059 -0.22 6.529497474683058
v 12.61467156727579 -0.22 6.506787840265556
v 12.60974873734153 -0.1952512626584708 6.506787840265556
f 10393 10394 10395
f 10393 10395 10396
v 12.595729703770674 -0.20105813649488308 6.430502525316941
v 12.599497474683059 -0.22 6.430502525316941
v 12.576787840265556 -0.22 6.415328432724209
v 12.57474873734153 -0.20974873734152916 6.415328432724209
f 10397 10398 10399
f 10397 10399 10400
v 12.57474873734153 -0.20974873734152916 6.54467156727579
v 12.576787840265556 -0.22 6.54467156727579
v 12.599497474683059 -0.22 6.529497474683058
v 12.595729703770674 -0.20105813649488308 6.529497474683058
f 10401 10402 10403
f 10401 10403 10404
v 12.57474873734153 -0.20974873734152916 6.415328432724209
v 12.576787840265556 -0.22 6.415328432724209
v 12.55 -0.22 6.409999999999999
f 10405 10406 10407
v 12.55 -0.22 6.55
v 12.576787840265556 -0.22 6.54467156727579
v 12.57474873734153 -0.20974873734152916 6.54467156727579
f 10408 10409 10410
usemtl c_16_18_20
v 2.02 12.510000000000002 3.69
v 2.02 12.510000000000002 3.97
v 2.02 12.57 3.97
v 2.02 12.57 3.69
f 10411 10412 10413
f 10411 10413 10414
v 2.18 12.510000000000002 3.69
v 2.18 12.57 3.69
v 2.18 12.57 3.97
v 2.18 12.510000000000002 3.97
f 10415 10416 10417
f 10415 10417 10418
v 2.02 12.510000000000002 3.69
v 2.18 12.510000000000002 3.69
v 2.18 12.510000000000002 3.97
v 2.02 12.510000000000002 3.97
f 10419 10420 10421
f 10419 10421 10422
v 2.02 12.57 3.69
v 2.02 12.57 3.97
v 2.18 12.57 3.97
v 2.18 12.57 3.69
f 10423 10424 10425
f 10423 10425 10426
v 2.02 12.510000000000002 3.69
v 2.02 12.57 3.69
v 2.18 12.57 3.69
v 2.18 12.510000000000002 3.69
f 10427 10428 10429
f 10427 10429 10430
v 2.02 12.510000000000002 3.97
v 2.18 12.510000000000002 3.97
v 2.18 12.57 3.97
v 2.02 12.57 3.97
f 10431 10432 10433
f 10431 10433 10434
usemtl c_255_163_56
v 2.17 12.600000000000001 3.7800000000000002
v 2.16467156727579 12.573212159734446 3.7800000000000002
v 2.159748737341529 12.575251262658472 3.753212159734444
v 2.16467156727579 12.600000000000001 3.753212159734444
f 10435 10436 10437
f 10435 10437 10438
v 2.16467156727579 12.600000000000001 3.8067878402655566
v 2.159748737341529 12.575251262658472 3.8067878402655566
v 2.16467156727579 12.573212159734446 3.7800000000000002
v 2.17 12.600000000000001 3.7800000000000002
f 10439 10440 10441
f 10439 10441 10442
v 2.16467156727579 12.600000000000001 3.753212159734444
v 2.159748737341529 12.575251262658472 3.753212159734444
v 2.145729703770673 12.581058136494885 3.730502525316942
v 2.1494974746830584 12.600000000000001 3.730502525316942
f 10443 10444 10445
f 10443 10445 10446
v 2.1494974746830584 12.600000000000001 3.8294974746830586
v 2.145729703770673 12.581058136494885 3.8294974746830586
v 2.159748737341529 12.575251262658472 3.8067878402655566
v 2.16467156727579 12.600000000000001 3.8067878402655566
f 10447 10448 10449
f 10447 10449 10450
v 2.1494974746830584 12.600000000000001 3.730502525316942
v 2.145729703770673 12.581058136494885 3.730502525316942
v 2.1247487373415295 12.58974873734153 3.71532843272421
v 2.1267878402655565 12.600000000000001 3.71532843272421
f 10451 10452 10453
f 10451 10453 10454
v 2.1267878402655565 12.600000000000001 3.8446715672757903
v 2.1247487373415295 12.58974873734153 3.8446715672757903
v 2.145729703770673 12.581058136494885 3.8294974746830586
v 2.1494974746830584 12.600000000000001 3.8294974746830586
f 10455 10456 10457
f 10455 10457 10458
v 2.1267878402655565 12.600000000000001 3.71532843272421
v 2.1247487373415295 12.58974873734153 3.71532843272421
v 2.1 12.600000000000001 3.7100000000000004
f 10459 10460 10461
v 2.1 12.600000000000001 3.85
v 2.1247487373415295 12.58974873734153 3.8446715672757903
v 2.1267878402655565 12.600000000000001 3.8446715672757903
f 10462 10463 10464
v 2.16467156727579 12.573212159734446 3.7800000000000002
v 2.1494974746830584 12.550502525316944 3.7800000000000002
v 2.145729703770673 12.554270296229328 3.753212159734444
v 2.159748737341529 12.575251262658472 3.753212159734444
f 10465 10466 10467
f 10465 10467 10468
v 2.159748737341529 12.575251262658472 3.8067878402655566
v 2.145729703770673 12.554270296229328 3.8067878402655566
v 2.1494974746830584 12.550502525316944 3.7800000000000002
v 2.16467156727579 12.573212159734446 3.7800000000000002
f 10469 10470 10471
f 10469 10471 10472
v 2.159748737341529 12.575251262658472 3.753212159734444
v 2.145729703770673 12.554270296229328 3.753212159734444
v 2.1350000000000002 12.565000000000001 3.730502525316942
v 2.145729703770673 12.581058136494885 3.730502525316942
f 10473 10474 10475
f 10473 10475 10476
v 2.145729703770673 12.581058136494885 3.8294974746830586
v 2.1350000000000002 12.565000000000001 3.8294974746830586
v 2.145729703770673 12.554270296229328 3.8067878402655566
v 2.159748737341529 12.575251262658472 3.8067878402655566
f 10477 10478 10479
f 10477 10479 10480
v 2.145729703770673 12.581058136494885 3.730502525316942
v 2.1350000000000002 12.565000000000001 3.730502525316942
v 2.118941863505117 12.581058136494885 3.71532843272421
v 2.1247487373415295 12.58974873734153 3.71532843272421
f 10481 10482 10483
f 10481 10483 10484
v 2.1247487373415295 12.58974873734153 3.8446715672757903
v 2.118941863505117 12.581058136494885 3.8446715672757903
v 2.1350000000000002 12.565000000000001 3.8294974746830586
v 2.145729703770673 12.581058136494885 3.8294974746830586
f 10485 10486 10487
f 10485 10487 10488
v 2.1247487373415295 12.58974873734153 3.71532843272421
v 2.118941863505117 12.581058136494885 3.71532843272421
v 2.1 12.600000000000001 3.7100000000000004
f 10489 10490 10491
v 2.1 12.600000000000001 3.85
v 2.118941863505117 12.581058136494885 3.8446715672757903
v 2.1247487373415295 12.58974873734153 3.8446715672757903
f 10492 10493 10494
v 2.1494974746830584 12.550502525316944 3.7800000000000002
v 2.1267878402655565 12.535328432724212 3.7800000000000002
v 2.1247487373415295 12.540251262658472 3.753212159734444
v 2.145729703770673 12.554270296229328 3.753212159734444
f 10495 10496 10497
f 10495 10497 10498
v 2.145729703770673 12.554270296229328 3.8067878402655566
v 2.1247487373415295 12.540251262658472 3.8067878402655566
v 2.1267878402655565 12.535328432724212 3.7800000000000002
v 2.1494974746830584 12.550502525316944 3.7800000000000002
f 10499 10500 10501
f 10499 10501 10502
v 2.145729703770673 12.554270296229328 3.753212159734444
v 2.1247487373415295 12.540251262658472 3.753212159734444
v 2.118941863505117 12.554270296229328 3.730502525316942
v 2.1350000000000002 12.565000000000001 3.730502525316942
f 10503 10504 10505
f 10503 10505 10506
v 2.1350000000000002 12.565000000000001 3.8294974746830586
v 2.118941863505117 12.554270296229328 3.8294974746830586
v 2.1247487373415295 12.540251262658472 3.8067878402655566
v 2.145729703770673 12.554270296229328 3.8067878402655566
f 10507 10508 10509
f 10507 10509 10510
v 2.1350000000000002 12.565000000000001 3.730502525316942
v 2.118941863505117 12.554270296229328 3.730502525316942
v 2.110251262658471 12.575251262658472 3.71532843272421
v 2.118941863505117 12.581058136494885 3.71532843272421
f 10511 10512 10513
f 10511 10513 10514
v 2.118941863505117 12.581058136494885 3.8446715672757903
v 2.110251262658471 12.575251262658472 3.8446715672757903
v 2.118941863505117 12.554270296229328 3.8294974746830586
v 2.1350000000000002 12.565000000000001 3.8294974746830586
f 10515 10516 10517
f 10515 10517 10518
v 2.118941863505117 12.581058136494885 3.71532843272421
v 2.110251262658471 12.575251262658472 3.71532843272421
v 2.1 12.600000000000001 3.7100000000000004
f 10519 10520 10521
v 2.1 12.600000000000001 3.85
v 2.110251262658471 12.575251262658472 3.8446715672757903
v 2.118941863505117 12.581058136494885 3.8446715672757903
f 10522 10523 10524
v 2.1267878402655565 12.535328432724212 3.7800000000000002
v 2.1 12.530000000000001 3.7800000000000002
v 2.1 12.535328432724212 3.753212159734444
v 2.1247487373415295 12.540251262658472 3.753212159734444
f 10525 10526 10527
f 10525 10527 10528
v 2.1247487373415295 12.540251262658472 3.8067878402655566
v 2.1 12.535328432724212 3.8067878402655566
v 2.1 12.530000000000001 3.7800000000000002
v 2.1267878402655565 12.535328432724212 3.7800000000000002
f 10529 10530 10531
f 10529 10531 10532
v 2.1247487373415295 12.540251262658472 3.753212159734444
v 2.1 12.535328432724212 3.753212159734444
v 2.1 12.550502525316944 3.730502525316942
v 2.118941863505117 12.554270296229328 3.730502525316942
f 10533 10534 10535
f 10533 10535 10536
v 2.118941863505117 12.554270296229328 3.8294974746830586
v 2.1 12.550502525316944 3.8294974746830586
v 2.1 12.535328432724212 3.8067878402655566
v 2.1247487373415295 12.540251262658472 3.8067878402655566
f 10537 10538 10539
f 10537 10539 10540
v 2.118941863505117 12.554270296229328 3.730502525316942
v 2.1 12.550502525316944 3.730502525316942
v 2.1 12.573212159734446 3.71532843272421
v 2.110251262658471 12.575251262658472 3.71532843272421
f 10541 10542 10543
f 10541 10543 10544
v 2.110251262658471 12.575251262658472 3.8446715672757903
v 2.1 12.573212159734446 3.8446715672757903
v 2.1 12.550502525316944 3.8294974746830586
v 2.118941863505117 12.554270296229328 3.8294974746830586
f 10545 10546 10547
f 10545 10547 10548
v 2.110251262658471 12.575251262658472 3.71532843272421
v 2.1 12.573212159734446 3.71532843272421
v 2.1 12.600000000000001 3.7100000000000004
f 10549 10550 10551
v 2.1 12.600000000000001 3.85
v 2.1 12.573212159734446 3.8446715672757903
v 2.110251262658471 12.575251262658472 3.8446715672757903
f 10552 10553 10554
v 2.1 12.530000000000001 3.7800000000000002
v 2.0732121597344437 12.535328432724212 3.7800000000000002
v 2.0752512626584707 12.540251262658472 3.753212159734444
v 2.1 12.535328432724212 3.753212159734444
f 10555 10556 10557
f 10555 10557 10558
v 2.1 12.535328432724212 3.8067878402655566
v 2.0752512626584707 12.540251262658472 3.8067878402655566
v 2.0732121597344437 12.535328432724212 3.7800000000000002
v 2.1 12.530000000000001 3.7800000000000002
f 10559 10560 10561
f 10559 10561 10562
v 2.1 12.535328432724212 3.753212159734444
v 2.0752512626584707 12.540251262658472 3.753212159734444
v 2.081058136494883 12.554270296229328 3.730502525316942
v 2.1 12.550502525316944 3.730502525316942
f 10563 10564 10565
f 10563 10565 10566
v 2.1 12.550502525316944 3.8294974746830586
v 2.081058136494883 12.554270296229328 3.8294974746830586
v 2.0752512626584707 12.540251262658472 3.8067878402655566
v 2.1 12.535328432724212 3.8067878402655566
f 10567 10568 10569
f 10567 10569 10570
v 2.1 12.550502525316944 3.730502525316942
v 2.081058136494883 12.554270296229328 3.730502525316942
v 2.0897487373415293 12.575251262658472 3.71532843272421
v 2.1 12.573212159734446 3.71532843272421
f 10571 10572 10573
f 10571 10573 10574
v 2.1 12.573212159734446 3.8446715672757903
v 2.0897487373415293 12.575251262658472 3.8446715672757903
v 2.081058136494883 12.554270296229328 3.8294974746830586
v 2.1 12.550502525316944 3.8294974746830586
f 10575 10576 10577
f 10575 10577 10578
v 2.1 12.573212159734446 3.71532843272421
v 2.0897487373415293 12.575251262658472 3.71532843272421
v 2.1 12.600000000000001 3.7100000000000004
f 10579 10580 10581
v 2.1 12.600000000000001 3.85
v 2.0897487373415293 12.575251262658472 3.8446715672757903
v 2.1 12.573212159734446 3.8446715672757903
f 10582 10583 10584
v 2.0732121597344437 12.535328432724212 3.7800000000000002
v 2.0505025253169418 12.550502525316944 3.7800000000000002
v 2.054270296229327 12.554270296229328 3.753212159734444
v 2.0752512626584707 12.540251262658472 3.753212159734444
f 10585 10586 10587
f 10585 10587 10588
v 2.0752512626584707 12.540251262658472 3.8067878402655566
v 2.054270296229327 12.554270296229328 3.8067878402655566
v 2.0505025253169418 12.550502525316944 3.7800000000000002
v 2.0732121597344437 12.535328432724212 3.7800000000000002
f 10589 10590 10591
f 10589 10591 10592
v 2.0752512626584707 12.540251262658472 3.753212159734444
v 2.054270296229327 12.554270296229328 3.753212159734444
v 2.065 12.565000000000001 3.730502525316942
v 2.081058136494883 12.554270296229328 3.730502525316942
f 10593 10594 10595
f 10593 10595 10596
v 2.081058136494883 12.554270296229328 3.8294974746830586
v 2.065 12.565000000000001 3.8294974746830586
v 2.054270296229327 12.554270296229328 3.8067878402655566
v 2.0752512626584707 12.540251262658472 3.8067878402655566
f 10597 10598 10599
f 10597 10599 10600
v 2.081058136494883 12.554270296229328 3.730502525316942
v 2.065 12.565000000000001 3.730502525316942
v 2.081058136494883 12.581058136494885 3.71532843272421
v 2.0897487373415293 12.575251262658472 3.71532843272421
f 10601 10602 10603
f 10601 10603 10604
v 2.0897487373415293 12.575251262658472 3.8446715672757903
v 2.081058136494883 12.581058136494885 3.8446715672757903
v 2.065 12.565000000000001 3.8294974746830586
v 2.081058136494883 12.554270296229328 3.8294974746830586
f 10605 10606 10607
f 10605 10607 10608
v 2.0897487373415293 12.575251262658472 3.71532843272421
v 2.081058136494883 12.581058136494885 3.71532843272421
v 2.1 12.600000000000001 3.7100000000000004
f 10609 10610 10611
v 2.1 12.600000000000001 3.85
v 2.081058136494883 12.581058136494885 3.8446715672757903
v 2.0897487373415293 12.575251262658472 3.8446715672757903
f 10612 10613 10614
v 2.0505025253169418 12.550502525316944 3.7800000000000002
v 2.03532843272421 12.573212159734446 3.7800000000000002
v 2.040251262658471 12.575251262658472 3.753212159734444
v 2.054270296229327 12.554270296229328 3.753212159734444
f 10615 10616 10617
f 10615 10617 10618
v 2.054270296229327 12.554270296229328 3.8067878402655566
v 2.040251262658471 12.575251262658472 3.8067878402655566
v 2.03532843272421 12.573212159734446 3.7800000000000002
v 2.0505025253169418 12.550502525316944 3.7800000000000002
f 10619 10620 10621
f 10619 10621 10622
v 2.054270296229327 12.554270296229328 3.753212159734444
v 2.040251262658471 12.575251262658472 3.753212159734444
v 2.054270296229327 12.581058136494885 3.730502525316942
v 2.065 12.565000000000001 3.730502525316942
f 10623 10624 10625
f 10623 10625 10626
v 2.065 12.565000000000001 3.8294974746830586
v 2.054270296229327 12.581058136494885 3.8294974746830586
v 2.040251262658471 12.575251262658472 3.8067878402655566
v 2.054270296229327 12.554270296229328 3.8067878402655566
f 10627 10628 10629
f 10627 10629 10630
v 2.065 12.565000000000001 3.730502525316942
v 2.054270296229327 12.581058136494885 3.730502525316942
v 2.0752512626584707 12.58974873734153 3.71532843272421
v 2.081058136494883 12.581058136494885 3.71532843272421
f 10631 10632 10633
f 10631 10633 10634
v 2.081058136494883 12.581058136494885 3.8446715672757903
v 2.0752512626584707 12.58974873734153 3.8446715672757903
v 2.054270296229327 12.581058136494885 3.8294974746830586
v 2.065 12.565000000000001 3.8294974746830586
f 10635 10636 10637
f 10635 10637 10638
v 2.081058136494883 12.581058136494885 3.71532843272421
v 2.0752512626584707 12.58974873734153 3.71532843272421
v 2.1 12.600000000000001 3.7100000000000004
f 10639 10640 10641
v 2.1 12.600000000000001 3.85
v 2.0752512626584707 12.58974873734153 3.8446715672757903
v 2.081058136494883 12.581058136494885 3.8446715672757903
f 10642 10643 10644
v 2.03532843272421 12.573212159734446 3.7800000000000002
v 2.0300000000000002 12.600000000000001 3.7800000000000002
v 2.03532843272421 12.600000000000001 3.753212159734444
v 2.040251262658471 12.575251262658472 3.753212159734444
f 10645 10646 10647
f 10645 10647 10648
v 2.040251262658471 12.575251262658472 3.8067878402655566
v 2.03532843272421 12.600000000000001 3.8067878402655566
v 2.0300000000000002 12.600000000000001 3.7800000000000002
v 2.03532843272421 12.573212159734446 3.7800000000000002
f 10649 10650 10651
f 10649 10651 10652
v 2.040251262658471 12.575251262658472 3.753212159734444
v 2.03532843272421 12.600000000000001 3.753212159734444
v 2.0505025253169418 12.600000000000001 3.730502525316942
v 2.054270296229327 12.581058136494885 3.730502525316942
f 10653 10654 10655
f 10653 10655 10656
v 2.054270296229327 12.581058136494885 3.8294974746830586
v 2.0505025253169418 12.600000000000001 3.8294974746830586
v 2.03532843272421 12.600000000000001 3.8067878402655566
v 2.040251262658471 12.575251262658472 3.8067878402655566
f 10657 10658 10659
f 10657 10659 10660
v 2.054270296229327 12.581058136494885 3.730502525316942
v 2.0505025253169418 12.600000000000001 3.730502525316942
v 2.0732121597344437 12.600000000000001 3.71532843272421
v 2.0752512626584707 12.58974873734153 3.71532843272421
f 10661 10662 10663
f 10661 10663 10664
v 2.0752512626584707 12.58974873734153 3.8446715672757903
v 2.0732121597344437 12.600000000000001 3.8446715672757903
v 2.0505025253169418 12.600000000000001 3.8294974746830586
v 2.054270296229327 12.581058136494885 3.8294974746830586
f 10665 10666 10667
f 10665 10667 10668
v 2.0752512626584707 12.58974873734153 3.71532843272421
v 2.0732121597344437 12.600000000000001 3.71532843272421
v 2.1 12.600000000000001 3.7100000000000004
f 10669 10670 10671
v 2.1 12.600000000000001 3.85
v 2.0732121597344437 12.600000000000001 3.8446715672757903
v 2.0752512626584707 12.58974873734153 3.8446715672757903
f 10672 10673 10674
v 2.0300000000000002 12.600000000000001 3.7800000000000002
v 2.03532843272421 12.626787840265557 3.7800000000000002
v 2.040251262658471 12.62474873734153 3.753212159734444
v 2.03532843272421 12.600000000000001 3.753212159734444
f 10675 10676 10677
f 10675 10677 10678
v 2.03532843272421 12.600000000000001 3.8067878402655566
v 2.040251262658471 12.62474873734153 3.8067878402655566
v 2.03532843272421 12.626787840265557 3.7800000000000002
v 2.0300000000000002 12.600000000000001 3.7800000000000002
f 10679 10680 10681
f 10679 10681 10682
v 2.03532843272421 12.600000000000001 3.753212159734444
v 2.040251262658471 12.62474873734153 3.753212159734444
v 2.054270296229327 12.618941863505118 3.730502525316942
v 2.0505025253169418 12.600000000000001 3.730502525316942
f 10683 10684 10685
f 10683 10685 10686
v 2.0505025253169418 12.600000000000001 3.8294974746830586
v 2.054270296229327 12.618941863505118 3.8294974746830586
v 2.040251262658471 12.62474873734153 3.8067878402655566
v 2.03532843272421 12.600000000000001 3.8067878402655566
f 10687 10688 10689
f 10687 10689 10690
v 2.0505025253169418 12.600000000000001 3.730502525316942
v 2.054270296229327 12.618941863505118 3.730502525316942
v 2.0752512626584707 12.610251262658473 3.71532843272421
v 2.0732121597344437 12.600000000000001 3.71532843272421
f 10691 10692 10693
f 10691 10693 10694
v 2.0732121597344437 12.600000000000001 3.8446715672757903
v 2.0752512626584707 12.610251262658473 3.8446715672757903
v 2.054270296229327 12.618941863505118 3.8294974746830586
v 2.0505025253169418 12.600000000000001 3.8294974746830586
f 10695 10696 10697
f 10695 10697 10698
v 2.0732121597344437 12.600000000000001 3.71532843272421
v 2.0752512626584707 12.610251262658473 3.71532843272421
v 2.1 12.600000000000001 3.7100000000000004
f 10699 10700 10701
v 2.1 12.600000000000001 3.85
v 2.0752512626584707 12.610251262658473 3.8446715672757903
v 2.0732121597344437 12.600000000000001 3.8446715672757903
f 10702 10703 10704
v 2.03532843272421 12.626787840265557 3.7800000000000002
v 2.0505025253169418 12.64949747468306 3.7800000000000002
v 2.054270296229327 12.645729703770675 3.753212159734444
v 2.040251262658471 12.62474873734153 3.753212159734444
f 10705 10706 10707
f 10705 10707 10708
v 2.040251262658471 12.62474873734153 3.8067878402655566
v 2.054270296229327 12.645729703770675 3.8067878402655566
v 2.0505025253169418 12.64949747468306 3.7800000000000002
v 2.03532843272421 12.626787840265557 3.7800000000000002
f 10709 10710 10711
f 10709 10711 10712
v 2.040251262658471 12.62474873734153 3.753212159734444
v 2.054270296229327 12.645729703770675 3.753212159734444
v 2.065 12.635000000000002 3.730502525316942
v 2.054270296229327 12.618941863505118 3.730502525316942
f 10713 10714 10715
f 10713 10715 10716
v 2.054270296229327 12.618941863505118 3.8294974746830586
v 2.065 12.635000000000002 3.8294974746830586
v 2.054270296229327 12.645729703770675 3.8067878402655566
v 2.040251262658471 12.62474873734153 3.8067878402655566
f 10717 10718 10719
f 10717 10719 10720
v 2.054270296229327 12.618941863505118 3.730502525316942
v 2.065 12.635000000000002 3.730502525316942
v 2.081058136494883 12.618941863505118 3.71532843272421
v 2.0752512626584707 12.610251262658473 3.71532843272421
f 10721 10722 10723
f 10721 10723 10724
v 2.0752512626584707 12.610251262658473 3.8446715672757903
v 2.081058136494883 12.618941863505118 3.8446715672757903
v 2.065 12.635000000000002 3.8294974746830586
v 2.054270296229327 12.618941863505118 3.8294974746830586
f 10725 10726 10727
f 10725 10727 10728
v 2.0752512626584707 12.610251262658473 3.71532843272421
v 2.081058136494883 12.618941863505118 3.71532843272421
v 2.1 12.600000000000001 3.7100000000000004
f 10729 10730 10731
v 2.1 12.600000000000001 3.85
v 2.081058136494883 12.618941863505118 3.8446715672757903
v 2.0752512626584707 12.610251262658473 3.8446715672757903
f 10732 10733 10734
v 2.0505025253169418 12.64949747468306 3.7800000000000002
v 2.0732121597344437 12.664671567275791 3.7800000000000002
v 2.0752512626584707 12.65974873734153 3.753212159734444
v 2.054270296229327 12.645729703770675 3.753212159734444
f 10735 10736 10737
f 10735 10737 10738
v 2.054270296229327 12.645729703770675 3.8067878402655566
v 2.0752512626584707 12.65974873734153 3.8067878402655566
v 2.0732121597344437 12.664671567275791 3.7800000000000002
v 2.0505025253169418 12.64949747468306 3.7800000000000002
f 10739 10740 10741
f 10739 10741 10742
v 2.054270296229327 12.645729703770675 3.753212159734444
v 2.0752512626584707 12.65974873734153 3.753212159734444
v 2.081058136494883 12.645729703770675 3.730502525316942
v 2.065 12.635000000000002 3.730502525316942
f 10743 10744 10745
f 10743 10745 10746
v 2.065 12.635000000000002 3.8294974746830586
v 2.081058136494883 12.645729703770675 3.8294974746830586
v 2.0752512626584707 12.65974873734153 3.8067878402655566
v 2.054270296229327 12.645729703770675 3.8067878402655566
f 10747 10748 10749
f 10747 10749 10750
v 2.065 12.635000000000002 3.730502525316942
v 2.081058136494883 12.645729703770675 3.730502525316942
v 2.0897487373415293 12.62474873734153 3.71532843272421
v 2.081058136494883 12.618941863505118 3.71532843272421
f 10751 10752 10753
f 10751 10753 10754
v 2.081058136494883 12.618941863505118 3.8446715672757903
v 2.0897487373415293 12.62474873734153 3.8446715672757903
v 2.081058136494883 12.645729703770675 3.8294974746830586
v 2.065 12.635000000000002 3.8294974746830586
f 10755 10756 10757
f 10755 10757 10758
v 2.081058136494883 12.618941863505118 3.71532843272421
v 2.0897487373415293 12.62474873734153 3.71532843272421
v 2.1 12.600000000000001 3.7100000000000004
f 10759 10760 10761
v 2.1 12.600000000000001 3.85
v 2.0897487373415293 12.62474873734153 3.8446715672757903
v 2.081058136494883 12.618941863505118 3.8446715672757903
f 10762 10763 10764
v 2.0732121597344437 12.664671567275791 3.7800000000000002
v 2.1 12.670000000000002 3.7800000000000002
v 2.1 12.664671567275791 3.753212159734444
v 2.0752512626584707 12.65974873734153 3.753212159734444
f 10765 10766 10767
f 10765 10767 10768
v 2.0752512626584707 12.65974873734153 3.8067878402655566
v 2.1 12.664671567275791 3.8067878402655566
v 2.1 12.670000000000002 3.7800000000000002
v 2.0732121597344437 12.664671567275791 3.7800000000000002
f 10769 10770 10771
f 10769 10771 10772
v 2.0752512626584707 12.65974873734153 3.753212159734444
v 2.1 12.664671567275791 3.753212159734444
v 2.1 12.64949747468306 3.730502525316942
v 2.081058136494883 12.645729703770675 3.730502525316942
f 10773 10774 10775
f 10773 10775 10776
v 2.081058136494883 12.645729703770675 3.8294974746830586
v 2.1 12.64949747468306 3.8294974746830586
v 2.1 12.664671567275791 3.8067878402655566
v 2.0752512626584707 12.65974873734153 3.8067878402655566
f 10777 10778 10779
f 10777 10779 10780
v 2.081058136494883 12.645729703770675 3.730502525316942
v 2.1 12.64949747468306 3.730502525316942
v 2.1 12.626787840265557 3.71532843272421
v 2.0897487373415293 12.62474873734153 3.71532843272421
f 10781 10782 10783
f 10781 10783 10784
v 2.0897487373415293 12.62474873734153 3.8446715672757903
v 2.1 12.626787840265557 3.8446715672757903
v 2.1 12.64949747468306 3.8294974746830586
v 2.081058136494883 12.645729703770675 3.8294974746830586
f 10785 10786 10787
f 10785 10787 10788
v 2.0897487373415293 12.62474873734153 3.71532843272421
v 2.1 12.626787840265557 3.71532843272421
v 2.1 12.600000000000001 3.7100000000000004
f 10789 10790 10791
v 2.1 12.600000000000001 3.85
v 2.1 12.626787840265557 3.8446715672757903
v 2.0897487373415293 12.62474873734153 3.8446715672757903
f 10792 10793 10794
v 2.1 12.670000000000002 3.7800000000000002
v 2.1267878402655565 12.664671567275791 3.7800000000000002
v 2.1247487373415295 12.65974873734153 3.753212159734444
v 2.1 12.664671567275791 3.753212159734444
f 10795 10796 10797
f 10795 10797 10798
v 2.1 12.664671567275791 3.8067878402655566
v 2.1247487373415295 12.65974873734153 3.8067878402655566
v 2.1267878402655565 12.664671567275791 3.7800000000000002
v 2.1 12.670000000000002 3.7800000000000002
f 10799 10800 10801
f 10799 10801 10802
v 2.1 12.664671567275791 3.753212159734444
v 2.1247487373415295 12.65974873734153 3.753212159734444
v 2.118941863505117 12.645729703770675 3.730502525316942
v 2.1 12.64949747468306 3.730502525316942
f 10803 10804 10805
f 10803 10805 10806
v 2.1 12.64949747468306 3.8294974746830586
v 2.118941863505117 12.645729703770675 3.8294974746830586
v 2.1247487373415295 12.65974873734153 3.8067878402655566
v 2.1 12.664671567275791 3.8067878402655566
f 10807 10808 10809
f 10807 10809 10810
v 2.1 12.64949747468306 3.730502525316942
v 2.118941863505117 12.645729703770675 3.730502525316942
v 2.110251262658471 12.62474873734153 3.71532843272421
v 2.1 12.626787840265557 3.71532843272421
f 10811 10812 10813
f 10811 10813 10814
v 2.1 12.626787840265557 3.8446715672757903
v 2.110251262658471 12.62474873734153 3.8446715672757903
v 2.118941863505117 12.645729703770675 3.8294974746830586
v 2.1 12.64949747468306 3.8294974746830586
f 10815 10816 10817
f 10815 10817 10818
v 2.1 12.626787840265557 3.71532843272421
v 2.110251262658471 12.62474873734153 3.71532843272421
v 2.1 12.600000000000001 3.7100000000000004
f 10819 10820 10821
v 2.1 12.600000000000001 3.85
v 2.110251262658471 12.62474873734153 3.8446715672757903
v 2.1 12.626787840265557 3.8446715672757903
f 10822 10823 10824
v 2.1267878402655565 12.664671567275791 3.7800000000000002
v 2.1494974746830584 12.64949747468306 3.7800000000000002
v 2.145729703770673 12.645729703770675 3.753212159734444
v 2.1247487373415295 12.65974873734153 3.753212159734444
f 10825 10826 10827
f 10825 10827 10828
v 2.1247487373415295 12.65974873734153 3.8067878402655566
v 2.145729703770673 12.645729703770675 3.8067878402655566
v 2.1494974746830584 12.64949747468306 3.7800000000000002
v 2.1267878402655565 12.664671567275791 3.7800000000000002
f 10829 10830 10831
f 10829 10831 10832
v 2.1247487373415295 12.65974873734153 3.753212159734444
v 2.145729703770673 12.645729703770675 3.753212159734444
v 2.1350000000000002 12.635000000000002 3.730502525316942
v 2.118941863505117 12.645729703770675 3.730502525316942
f 10833 10834 10835
f 10833 10835 10836
v 2.118941863505117 12.645729703770675 3.8294974746830586
v 2.1350000000000002 12.635000000000002 3.8294974746830586
v 2.145729703770673 12.645729703770675 3.8067878402655566
v 2.1247487373415295 12.65974873734153 3.8067878402655566
f 10837 10838 10839
f 10837 10839 10840
v 2.118941863505117 12.645729703770675 3.730502525316942
v 2.1350000000000002 12.635000000000002 3.730502525316942
v 2.118941863505117 12.618941863505118 3.71532843272421
v 2.110251262658471 12.62474873734153 3.71532843272421
f 10841 10842 10843
f 10841 10843 10844
v 2.110251262658471 12.62474873734153 3.8446715672757903
v 2.118941863505117 12.618941863505118 3.8446715672757903
v 2.1350000000000002 12.635000000000002 3.8294974746830586
v 2.118941863505117 12.645729703770675 3.8294974746830586
f 10845 10846 10847
f 10845 10847 10848
v 2.110251262658471 12.62474873734153 3.71532843272421
v 2.118941863505117 12.618941863505118 3.71532843272421
v 2.1 12.600000000000001 3.7100000000000004
f 10849 10850 10851
v 2.1 12.600000000000001 3.85
v 2.118941863505117 12.618941863505118 3.8446715672757903
v 2.110251262658471 12.62474873734153 3.8446715672757903
f 10852 10853 10854
v 2.1494974746830584 12.64949747468306 3.7800000000000002
v 2.16467156727579 12.626787840265557 3.7800000000000002
v 2.159748737341529 12.62474873734153 3.753212159734444
v 2.145729703770673 12.645729703770675 3.753212159734444
f 10855 10856 10857
f 10855 10857 10858
v 2.145729703770673 12.645729703770675 3.8067878402655566
v 2.159748737341529 12.62474873734153 3.8067878402655566
v 2.16467156727579 12.626787840265557 3.7800000000000002
v 2.1494974746830584 12.64949747468306 3.7800000000000002
f 10859 10860 10861
f 10859 10861 10862
v 2.145729703770673 12.645729703770675 3.753212159734444
v 2.159748737341529 12.62474873734153 3.753212159734444
v 2.145729703770673 12.618941863505118 3.730502525316942
v 2.1350000000000002 12.635000000000002 3.730502525316942
f 10863 10864 10865
f 10863 10865 10866
v 2.1350000000000002 12.635000000000002 3.8294974746830586
v 2.145729703770673 12.618941863505118 3.8294974746830586
v 2.159748737341529 12.62474873734153 3.8067878402655566
v 2.145729703770673 12.645729703770675 3.8067878402655566
f 10867 10868 10869
f 10867 10869 10870
v 2.1350000000000002 12.635000000000002 3.730502525316942
v 2.145729703770673 12.618941863505118 3.730502525316942
v 2.1247487373415295 12.610251262658473 3.71532843272421
v 2.118941863505117 12.618941863505118 3.71532843272421
f 10871 10872 10873
f 10871 10873 10874
v 2.118941863505117 12.618941863505118 3.8446715672757903
v 2.1247487373415295 12.610251262658473 3.8446715672757903
v 2.145729703770673 12.618941863505118 3.8294974746830586
v 2.1350000000000002 12.635000000000002 3.8294974746830586
f 10875 10876 10877
f 10875 10877 10878
v 2.118941863505117 12.618941863505118 3.71532843272421
v 2.1247487373415295 12.610251262658473 3.71532843272421
v 2.1 12.600000000000001 3.7100000000000004
f 10879 10880 10881
v 2.1 12.600000000000001 3.85
v 2.1247487373415295 12.610251262658473 3.8446715672757903
v 2.118941863505117 12.618941863505118 3.8446715672757903
f 10882 10883 10884
v 2.16467156727579 12.626787840265557 3.7800000000000002
v 2.17 12.600000000000001 3.7800000000000002
v 2.16467156727579 12.600000000000001 3.753212159734444
v 2.159748737341529 12.62474873734153 3.753212159734444
f 10885 10886 10887
f 10885 10887 10888
v 2.159748737341529 12.62474873734153 3.8067878402655566
v 2.16467156727579 12.600000000000001 3.8067878402655566
v 2.17 12.600000000000001 3.7800000000000002
v 2.16467156727579 12.626787840265557 3.7800000000000002
f 10889 10890 10891
f 10889 10891 10892
v 2.159748737341529 12.62474873734153 3.753212159734444
v 2.16467156727579 12.600000000000001 3.753212159734444
v 2.1494974746830584 12.600000000000001 3.730502525316942
v 2.145729703770673 12.618941863505118 3.730502525316942
f 10893 10894 10895
f 10893 10895 10896
v 2.145729703770673 12.618941863505118 3.8294974746830586
v 2.1494974746830584 12.600000000000001 3.8294974746830586
v 2.16467156727579 12.600000000000001 3.8067878402655566
v 2.159748737341529 12.62474873734153 3.8067878402655566
f 10897 10898 10899
f 10897 10899 10900
v 2.145729703770673 12.618941863505118 3.730502525316942
v 2.1494974746830584 12.600000000000001 3.730502525316942
v 2.1267878402655565 12.600000000000001 3.71532843272421
v 2.1247487373415295 12.610251262658473 3.71532843272421
f 10901 10902 10903
f 10901 10903 10904
v 2.1247487373415295 12.610251262658473 3.8446715672757903
v 2.1267878402655565 12.600000000000001 3.8446715672757903
v 2.1494974746830584 12.600000000000001 3.8294974746830586
v 2.145729703770673 12.618941863505118 3.8294974746830586
f 10905 10906 10907
f 10905 10907 10908
v 2.1247487373415295 12.610251262658473 3.71532843272421
v 2.1267878402655565 12.600000000000001 3.71532843272421
v 2.1 12.600000000000001 3.7100000000000004
f 10909 10910 10911
v 2.1 12.600000000000001 3.85
v 2.1267878402655565 12.600000000000001 3.8446715672757903
v 2.1247487373415295 12.610251262658473 3.8446715672757903
f 10912 10913 10914
usemtl c_16_18_20
v 5.72 12.510000000000002 3.69
v 5.72 12.510000000000002 3.97
v 5.72 12.57 3.97
v 5.72 12.57 3.69
f 10915 10916 10917
f 10915 10917 10918
v 5.88 12.510000000000002 3.69
v 5.88 12.57 3.69
v 5.88 12.57 3.97
v 5.88 12.510000000000002 3.97
f 10919 10920 10921
f 10919 10921 10922
v 5.72 12.510000000000002 3.69
v 5.88 12.510000000000002 3.69
v 5.88 12.510000000000002 3.97
v 5.72 12.510000000000002 3.97
f 10923 10924 10925
f 10923 10925 10926
v 5.72 12.57 3.69
v 5.72 12.57 3.97
v 5.88 12.57 3.97
v 5.88 12.57 3.69
f 10927 10928 10929
f 10927 10929 10930
v 5.72 12.510000000000002 3.69
v 5.72 12.57 3.69
v 5.88 12.57 3.69
v 5.88 12.510000000000002 3.69
f 10931 10932 10933
f 10931 10933 10934
v 5.72 12.510000000000002 3.97
v 5.88 12.510000000000002 3.97
v 5.88 12.57 3.97
v 5.72 12.57 3.97
f 10935 10936 10937
f 10935 10937 10938
usemtl c_255_163_56
v 5.87 12.600000000000001 3.7800000000000002
v 5.86467156727579 12.573212159734446 3.7800000000000002
v 5.859748737341529 12.575251262658472 3.753212159734444
v 5.86467156727579 12.600000000000001 3.753212159734444
f 10939 10940 10941
f 10939 10941 10942
v 5.86467156727579 12.600000000000001 3.8067878402655566
v 5.859748737341529 12.575251262658472 3.8067878402655566
v 5.86467156727579 12.573212159734446 3.7800000000000002
v 5.87 12.600000000000001 3.7800000000000002
f 10943 10944 10945
f 10943 10945 10946
v 5.86467156727579 12.600000000000001 3.753212159734444
v 5.859748737341529 12.575251262658472 3.753212159734444
v 5.845729703770673 12.581058136494885 3.730502525316942
v 5.849497474683059 12.600000000000001 3.730502525316942
f 10947 10948 10949
f 10947 10949 10950
v 5.849497474683059 12.600000000000001 3.8294974746830586
v 5.845729703770673 12.581058136494885 3.8294974746830586
v 5.859748737341529 12.575251262658472 3.8067878402655566
v 5.86467156727579 12.600000000000001 3.8067878402655566
f 10951 10952 10953
f 10951 10953 10954
v 5.849497474683059 12.600000000000001 3.730502525316942
v 5.845729703770673 12.581058136494885 3.730502525316942
v 5.824748737341529 12.58974873734153 3.71532843272421
v 5.826787840265556 12.600000000000001 3.71532843272421
f 10955 10956 10957
f 10955 10957 10958
v 5.826787840265556 12.600000000000001 3.8446715672757903
v 5.824748737341529 12.58974873734153 3.8446715672757903
v 5.845729703770673 12.581058136494885 3.8294974746830586
v 5.849497474683059 12.600000000000001 3.8294974746830586
f 10959 10960 10961
f 10959 10961 10962
v 5.826787840265556 12.600000000000001 3.71532843272421
v 5.824748737341529 12.58974873734153 3.71532843272421
v 5.8 12.600000000000001 3.7100000000000004
f 10963 10964 10965
v 5.8 12.600000000000001 3.85
v 5.824748737341529 12.58974873734153 3.8446715672757903
v 5.826787840265556 12.600000000000001 3.8446715672757903
f 10966 10967 10968
v 5.86467156727579 12.573212159734446 3.7800000000000002
v 5.849497474683059 12.550502525316944 3.7800000000000002
v 5.845729703770673 12.554270296229328 3.753212159734444
v 5.859748737341529 12.575251262658472 3.753212159734444
f 10969 10970 10971
f 10969 10971 10972
v 5.859748737341529 12.575251262658472 3.8067878402655566
v 5.845729703770673 12.554270296229328 3.8067878402655566
v 5.849497474683059 12.550502525316944 3.7800000000000002
v 5.86467156727579 12.573212159734446 3.7800000000000002
f 10973 10974 10975
f 10973 10975 10976
v 5.859748737341529 12.575251262658472 3.753212159734444
v 5.845729703770673 12.554270296229328 3.753212159734444
v 5.835 12.565000000000001 3.730502525316942
v 5.845729703770673 12.581058136494885 3.730502525316942
f 10977 10978 10979
f 10977 10979 10980
v 5.845729703770673 12.581058136494885 3.8294974746830586
v 5.835 12.565000000000001 3.8294974746830586
v 5.845729703770673 12.554270296229328 3.8067878402655566
v 5.859748737341529 12.575251262658472 3.8067878402655566
f 10981 10982 10983
f 10981 10983 10984
v 5.845729703770673 12.581058136494885 3.730502525316942
v 5.835 12.565000000000001 3.730502525316942
v 5.818941863505117 12.581058136494885 3.71532843272421
v 5.824748737341529 12.58974873734153 3.71532843272421
f 10985 10986 10987
f 10985 10987 10988
v 5.824748737341529 12.58974873734153 3.8446715672757903
v 5.818941863505117 12.581058136494885 3.8446715672757903
v 5.835 12.565000000000001 3.8294974746830586
v 5.845729703770673 12.581058136494885 3.8294974746830586
f 10989 10990 10991
f 10989 10991 10992
v 5.824748737341529 12.58974873734153 3.71532843272421
v 5.818941863505117 12.581058136494885 3.71532843272421
v 5.8 12.600000000000001 3.7100000000000004
f 10993 10994 10995
v 5.8 12.600000000000001 3.85
v 5.818941863505117 12.581058136494885 3.8446715672757903
v 5.824748737341529 12.58974873734153 3.8446715672757903
f 10996 10997 10998
v 5.849497474683059 12.550502525316944 3.7800000000000002
v 5.826787840265556 12.535328432724212 3.7800000000000002
v 5.824748737341529 12.540251262658472 3.753212159734444
v 5.845729703770673 12.554270296229328 3.753212159734444
f 10999 11000 11001
f 10999 11001 11002
v 5.845729703770673 12.554270296229328 3.8067878402655566
v 5.824748737341529 12.540251262658472 3.8067878402655566
v 5.826787840265556 12.535328432724212 3.7800000000000002
v 5.849497474683059 12.550502525316944 3.7800000000000002
f 11003 11004 11005
f 11003 11005 11006
v 5.845729703770673 12.554270296229328 3.753212159734444
v 5.824748737341529 12.540251262658472 3.753212159734444
v 5.818941863505117 12.554270296229328 3.730502525316942
v 5.835 12.565000000000001 3.730502525316942
f 11007 11008 11009
f 11007 11009 11010
v 5.835 12.565000000000001 3.8294974746830586
v 5.818941863505117 12.554270296229328 3.8294974746830586
v 5.824748737341529 12.540251262658472 3.8067878402655566
v 5.845729703770673 12.554270296229328 3.8067878402655566
f 11011 11012 11013
f 11011 11013 11014
v 5.835 12.565000000000001 3.730502525316942
v 5.818941863505117 12.554270296229328 3.730502525316942
v 5.810251262658471 12.575251262658472 3.71532843272421
v 5.818941863505117 12.581058136494885 3.71532843272421
f 11015 11016 11017
f 11015 11017 11018
v 5.818941863505117 12.581058136494885 3.8446715672757903
v 5.810251262658471 12.575251262658472 3.8446715672757903
v 5.818941863505117 12.554270296229328 3.8294974746830586
v 5.835 12.565000000000001 3.8294974746830586
f 11019 11020 11021
f 11019 11021 11022
v 5.818941863505117 12.581058136494885 3.71532843272421
v 5.810251262658471 12.575251262658472 3.71532843272421
v 5.8 12.600000000000001 3.7100000000000004
f 11023 11024 11025
v 5.8 12.600000000000001 3.85
v 5.810251262658471 12.575251262658472 3.8446715672757903
v 5.818941863505117 12.581058136494885 3.8446715672757903
f 11026 11027 11028
v 5.826787840265556 12.535328432724212 3.7800000000000002
v 5.8 12.530000000000001 3.7800000000000002
v 5.8 12.535328432724212 3.753212159734444
v 5.824748737341529 12.540251262658472 3.753212159734444
f 11029 11030 11031
f 11029 11031 11032
v 5.824748737341529 12.540251262658472 3.8067878402655566
v 5.8 12.535328432724212 3.8067878402655566
v 5.8 12.530000000000001 3.7800000000000002
v 5.826787840265556 12.535328432724212 3.7800000000000002
f 11033 11034 11035
f 11033 11035 11036
v 5.824748737341529 12.540251262658472 3.753212159734444
v 5.8 12.535328432724212 3.753212159734444
v 5.8 12.550502525316944 3.730502525316942
v 5.818941863505117 12.554270296229328 3.730502525316942
f 11037 11038 11039
f 11037 11039 11040
v 5.818941863505117 12.554270296229328 3.8294974746830586
v 5.8 12.550502525316944 3.8294974746830586
v 5.8 12.535328432724212 3.8067878402655566
v 5.824748737341529 12.540251262658472 3.8067878402655566
f 11041 11042 11043
f 11041 11043 11044
v 5.818941863505117 12.554270296229328 3.730502525316942
v 5.8 12.550502525316944 3.730502525316942
v 5.8 12.573212159734446 3.71532843272421
v 5.810251262658471 12.575251262658472 3.71532843272421
f 11045 11046 11047
f 11045 11047 11048
v 5.810251262658471 12.575251262658472 3.8446715672757903
v 5.8 12.573212159734446 3.8446715672757903
v 5.8 12.550502525316944 3.8294974746830586
v 5.818941863505117 12.554270296229328 3.8294974746830586
f 11049 11050 11051
f 11049 11051 11052
v 5.810251262658471 12.575251262658472 3.71532843272421
v 5.8 12.573212159734446 3.71532843272421
v 5.8 12.600000000000001 3.7100000000000004
f 11053 11054 11055
v 5.8 12.600000000000001 3.85
v 5.8 12.573212159734446 3.8446715672757903
v 5.810251262658471 12.575251262658472 3.8446715672757903
f 11056 11057 11058
v 5.8 12.530000000000001 3.7800000000000002
v 5.7732121597344435 12.535328432724212 3.7800000000000002
v 5.775251262658471 12.540251262658472 3.753212159734444
v 5.8 12.535328432724212 3.753212159734444
f 11059 11060 11061
f 11059 11061 11062
v 5.8 12.535328432724212 3.8067878402655566
v 5.775251262658471 12.540251262658472 3.8067878402655566
v 5.7732121597344435 12.535328432724212 3.7800000000000002
v 5.8 12.530000000000001 3.7800000000000002
f 11063 11064 11065
f 11063 11065 11066
v 5.8 12.535328432724212 3.753212159734444
v 5.775251262658471 12.540251262658472 3.753212159734444
v 5.781058136494883 12.554270296229328 3.730502525316942
v 5.8 12.550502525316944 3.730502525316942
f 11067 11068 11069
f 11067 11069 11070
v 5.8 12.550502525316944 3.8294974746830586
v 5.781058136494883 12.554270296229328 3.8294974746830586
v 5.775251262658471 12.540251262658472 3.8067878402655566
v 5.8 12.535328432724212 3.8067878402655566
f 11071 11072 11073
f 11071 11073 11074
v 5.8 12.550502525316944 3.730502525316942
v 5.781058136494883 12.554270296229328 3.730502525316942
v 5.789748737341529 12.575251262658472 3.71532843272421
v 5.8 12.573212159734446 3.71532843272421
f 11075 11076 11077
f 11075 11077 11078
v 5.8 12.573212159734446 3.8446715672757903
v 5.789748737341529 12.575251262658472 3.8446715672757903
v 5.781058136494883 12.554270296229328 3.8294974746830586
v 5.8 12.550502525316944 3.8294974746830586
f 11079 11080 11081
f 11079 11081 11082
v 5.8 12.573212159734446 3.71532843272421
v 5.789748737341529 12.575251262658472 3.71532843272421
v 5.8 12.600000000000001 3.7100000000000004
f 11083 11084 11085
v 5.8 12.600000000000001 3.85
v 5.789748737341529 12.575251262658472 3.8446715672757903
v 5.8 12.573212159734446 3.8446715672757903
f 11086 11087 11088
v 5.7732121597344435 12.535328432724212 3.7800000000000002
v 5.750502525316941 12.550502525316944 3.7800000000000002
v 5.754270296229326 12.554270296229328 3.753212159734444
v 5.775251262658471 12.540251262658472 3.753212159734444
f 11089 11090 11091
f 11089 11091 11092
v 5.775251262658471 12.540251262658472 3.8067878402655566
v 5.754270296229326 12.554270296229328 3.8067878402655566
v 5.750502525316941 12.550502525316944 3.7800000000000002
v 5.7732121597344435 12.535328432724212 3.7800000000000002
f 11093 11094 11095
f 11093 11095 11096
v 5.775251262658471 12.540251262658472 3.753212159734444
v 5.754270296229326 12.554270296229328 3.753212159734444
v 5.765 12.565000000000001 3.730502525316942
v 5.781058136494883 12.554270296229328 3.730502525316942
f 11097 11098 11099
f 11097 11099 11100
v 5.781058136494883 12.554270296229328 3.8294974746830586
v 5.765 12.565000000000001 3.8294974746830586
v 5.754270296229326 12.554270296229328 3.8067878402655566
v 5.775251262658471 12.540251262658472 3.8067878402655566
f 11101 11102 11103
f 11101 11103 11104
v 5.781058136494883 12.554270296229328 3.730502525316942
v 5.765 12.565000000000001 3.730502525316942
v 5.781058136494883 12.581058136494885 3.71532843272421
v 5.789748737341529 12.575251262658472 3.71532843272421
f 11105 11106 11107
f 11105 11107 11108
v 5.789748737341529 12.575251262658472 3.8446715672757903
v 5.781058136494883 12.581058136494885 3.8446715672757903
v 5.765 12.565000000000001 3.8294974746830586
v 5.781058136494883 12.554270296229328 3.8294974746830586
f 11109 11110 11111
f 11109 11111 11112
v 5.789748737341529 12.575251262658472 3.71532843272421
v 5.781058136494883 12.581058136494885 3.71532843272421
v 5.8 12.600000000000001 3.7100000000000004
f 11113 11114 11115
v 5.8 12.600000000000001 3.85
v 5.781058136494883 12.581058136494885 3.8446715672757903
v 5.789748737341529 12.575251262658472 3.8446715672757903
f 11116 11117 11118
v 5.750502525316941 12.550502525316944 3.7800000000000002
v 5.735328432724209 12.573212159734446 3.7800000000000002
v 5.740251262658471 12.575251262658472 3.753212159734444
v 5.754270296229326 12.554270296229328 3.753212159734444
f 11119 11120 11121
f 11119 11121 11122
v 5.754270296229326 12.554270296229328 3.8067878402655566
v 5.740251262658471 12.575251262658472 3.8067878402655566
v 5.735328432724209 12.573212159734446 3.7800000000000002
v 5.750502525316941 12.550502525316944 3.7800000000000002
f 11123 11124 11125
f 11123 11125 11126
v 5.754270296229326 12.554270296229328 3.753212159734444
v 5.740251262658471 12.575251262658472 3.753212159734444
v 5.754270296229326 12.581058136494885 3.730502525316942
v 5.765 12.565000000000001 3.730502525316942
f 11127 11128 11129
f 11127 11129 11130
v 5.765 12.565000000000001 3.8294974746830586
v 5.754270296229326 12.581058136494885 3.8294974746830586
v 5.740251262658471 12.575251262658472 3.8067878402655566
v 5.754270296229326 12.554270296229328 3.8067878402655566
f 11131 11132 11133
f 11131 11133 11134
v 5.765 12.565000000000001 3.730502525316942
v 5.754270296229326 12.581058136494885 3.730502525316942
v 5.775251262658471 12.58974873734153 3.71532843272421
v 5.781058136494883 12.581058136494885 3.71532843272421
f 11135 11136 11137
f 11135 11137 11138
v 5.781058136494883 12.581058136494885 3.8446715672757903
v 5.775251262658471 12.58974873734153 3.8446715672757903
v 5.754270296229326 12.581058136494885 3.8294974746830586
v 5.765 12.565000000000001 3.8294974746830586
f 11139 11140 11141
f 11139 11141 11142
v 5.781058136494883 12.581058136494885 3.71532843272421
v 5.775251262658471 12.58974873734153 3.71532843272421
v 5.8 12.600000000000001 3.7100000000000004
f 11143 11144 11145
v 5.8 12.600000000000001 3.85
v 5.775251262658471 12.58974873734153 3.8446715672757903
v 5.781058136494883 12.581058136494885 3.8446715672757903
f 11146 11147 11148
v 5.735328432724209 12.573212159734446 3.7800000000000002
v 5.7299999999999995 12.600000000000001 3.7800000000000002
v 5.735328432724209 12.600000000000001 3.753212159734444
v 5.740251262658471 12.575251262658472 3.753212159734444
f 11149 11150 11151
f 11149 11151 11152
v 5.740251262658471 12.575251262658472 3.8067878402655566
v 5.735328432724209 12.600000000000001 3.8067878402655566
v 5.7299999999999995 12.600000000000001 3.7800000000000002
v 5.735328432724209 12.573212159734446 3.7800000000000002
f 11153 11154 11155
f 11153 11155 11156
v 5.740251262658471 12.575251262658472 3.753212159734444
v 5.735328432724209 12.600000000000001 3.753212159734444
v 5.750502525316941 12.600000000000001 3.730502525316942
v 5.754270296229326 12.581058136494885 3.730502525316942
f 11157 11158 11159
f 11157 11159 11160
v 5.754270296229326 12.581058136494885 3.8294974746830586
v 5.750502525316941 12.600000000000001 3.8294974746830586
v 5.735328432724209 12.600000000000001 3.8067878402655566
v 5.740251262658471 12.575251262658472 3.8067878402655566
f 11161 11162 11163
f 11161 11163 11164
v 5.754270296229326 12.581058136494885 3.730502525316942
v 5.750502525316941 12.600000000000001 3.730502525316942
v 5.7732121597344435 12.600000000000001 3.71532843272421
v 5.775251262658471 12.58974873734153 3.71532843272421
f 11165 11166 11167
f 11165 11167 11168
v 5.775251262658471 12.58974873734153 3.8446715672757903
v 5.7732121597344435 12.600000000000001 3.8446715672757903
v 5.750502525316941 12.600000000000001 3.8294974746830586
v 5.754270296229326 12.581058136494885 3.8294974746830586
f 11169 11170 11171
f 11169 11171 11172
v 5.775251262658471 12.58974873734153 3.71532843272421
v 5.7732121597344435 12.600000000000001 3.71532843272421
v 5.8 12.600000000000001 3.7100000000000004
f 11173 11174 11175
v 5.8 12.600000000000001 3.85
v 5.7732121597344435 12.600000000000001 3.8446715672757903
v 5.775251262658471 12.58974873734153 3.8446715672757903
f 11176 11177 11178
v 5.7299999999999995 12.600000000000001 3.7800000000000002
v 5.735328432724209 12.626787840265557 3.7800000000000002
v 5.740251262658471 12.62474873734153 3.753212159734444
v 5.735328432724209 12.600000000000001 3.753212159734444
f 11179 11180 11181
f 11179 11181 11182
v 5.735328432724209 12.600000000000001 3.8067878402655566
v 5.740251262658471 12.62474873734153 3.8067878402655566
v 5.735328432724209 12.626787840265557 3.7800000000000002
v 5.7299999999999995 12.600000000000001 3.7800000000000002
f 11183 11184 11185
f 11183 11185 11186
v 5.735328432724209 12.600000000000001 3.753212159734444
v 5.740251262658471 12.62474873734153 3.753212159734444
v 5.754270296229326 12.618941863505118 3.730502525316942
v 5.750502525316941 12.600000000000001 3.730502525316942
f 11187 11188 11189
f 11187 11189 11190
v 5.750502525316941 12.600000000000001 3.8294974746830586
v 5.754270296229326 12.618941863505118 3.8294974746830586
v 5.740251262658471 12.62474873734153 3.8067878402655566
v 5.735328432724209 12.600000000000001 3.8067878402655566
f 11191 11192 11193
f 11191 11193 11194
v 5.750502525316941 12.600000000000001 3.730502525316942
v 5.754270296229326 12.618941863505118 3.730502525316942
v 5.775251262658471 12.610251262658473 3.71532843272421
v 5.7732121597344435 12.600000000000001 3.71532843272421
f 11195 11196 11197
f 11195 11197 11198
v 5.7732121597344435 12.600000000000001 3.8446715672757903
v 5.775251262658471 12.610251262658473 3.8446715672757903
v 5.754270296229326 12.618941863505118 3.8294974746830586
v 5.750502525316941 12.600000000000001 3.8294974746830586
f 11199 11200 11201
f 11199 11201 11202
v 5.7732121597344435 12.600000000000001 3.71532843272421
v 5.775251262658471 12.610251262658473 3.71532843272421
v 5.8 12.600000000000001 3.7100000000000004
f 11203 11204 11205
v 5.8 12.600000000000001 3.85
v 5.775251262658471 12.610251262658473 3.8446715672757903
v 5.7732121597344435 12.600000000000001 3.8446715672757903
f 11206 11207 11208
v 5.735328432724209 12.626787840265557 3.7800000000000002
v 5.750502525316941 12.64949747468306 3.7800000000000002
v 5.754270296229326 12.645729703770675 3.753212159734444
v 5.740251262658471 12.62474873734153 3.753212159734444
f 11209 11210 11211
f 11209 11211 11212
v 5.740251262658471 12.62474873734153 3.8067878402655566
v 5.754270296229326 12.645729703770675 3.8067878402655566
v 5.750502525316941 12.64949747468306 3.7800000000000002
v 5.735328432724209 12.626787840265557 3.7800000000000002
f 11213 11214 11215
f 11213 11215 11216
v 5.740251262658471 12.62474873734153 3.753212159734444
v 5.754270296229326 12.645729703770675 3.753212159734444
v 5.765 12.635000000000002 3.730502525316942
v 5.754270296229326 12.618941863505118 3.730502525316942
f 11217 11218 11219
f 11217 11219 11220
v 5.754270296229326 12.618941863505118 3.8294974746830586
v 5.765 12.635000000000002 3.8294974746830586
v 5.754270296229326 12.645729703770675 3.8067878402655566
v 5.740251262658471 12.62474873734153 3.8067878402655566
f 11221 11222 11223
f 11221 11223 11224
v 5.754270296229326 12.618941863505118 3.730502525316942
v 5.765 12.635000000000002 3.730502525316942
v 5.781058136494883 12.618941863505118 3.71532843272421
v 5.775251262658471 12.610251262658473 3.71532843272421
f 11225 11226 11227
f 11225 11227 11228
v 5.775251262658471 12.610251262658473 3.8446715672757903
v 5.781058136494883 12.618941863505118 3.8446715672757903
v 5.765 12.635000000000002 3.8294974746830586
v 5.754270296229326 12.618941863505118 3.8294974746830586
f 11229 11230 11231
f 11229 11231 11232
v 5.775251262658471 12.610251262658473 3.71532843272421
v 5.781058136494883 12.618941863505118 3.71532843272421
v 5.8 12.600000000000001 3.7100000000000004
f 11233 11234 11235
v 5.8 12.600000000000001 3.85
v 5.781058136494883 12.618941863505118 3.8446715672757903
v 5.775251262658471 12.610251262658473 3.8446715672757903
f 11236 11237 11238
v 5.750502525316941 12.64949747468306 3.7800000000000002
v 5.7732121597344435 12.664671567275791 3.7800000000000002
v 5.775251262658471 12.65974873734153 3.753212159734444
v 5.754270296229326 12.645729703770675 3.753212159734444
f 11239 11240 11241
f 11239 11241 11242
v 5.754270296229326 12.645729703770675 3.8067878402655566
v 5.775251262658471 12.65974873734153 3.8067878402655566
v 5.7732121597344435 12.664671567275791 3.7800000000000002
v 5.750502525316941 12.64949747468306 3.7800000000000002
f 11243 11244 11245
f 11243 11245 11246
v 5.754270296229326 12.645729703770675 3.753212159734444
v 5.775251262658471 12.65974873734153 3.753212159734444
v 5.781058136494883 12.645729703770675 3.730502525316942
v 5.765 12.635000000000002 3.730502525316942
f 11247 11248 11249
f 11247 11249 11250
v 5.765 12.635000000000002 3.8294974746830586
v 5.781058136494883 12.645729703770675 3.8294974746830586
v 5.775251262658471 12.65974873734153 3.8067878402655566
v 5.754270296229326 12.645729703770675 3.8067878402655566
f 11251 11252 11253
f 11251 11253 11254
v 5.765 12.635000000000002 3.730502525316942
v 5.781058136494883 12.645729703770675 3.730502525316942
v 5.789748737341529 12.62474873734153 3.71532843272421
v 5.781058136494883 12.618941863505118 3.71532843272421
f 11255 11256 11257
f 11255 11257 11258
v 5.781058136494883 12.618941863505118 3.8446715672757903
v 5.789748737341529 12.62474873734153 3.8446715672757903
v 5.781058136494883 12.645729703770675 3.8294974746830586
v 5.765 12.635000000000002 3.8294974746830586
f 11259 11260 11261
f 11259 11261 11262
v 5.781058136494883 12.618941863505118 3.71532843272421
v 5.789748737341529 12.62474873734153 3.71532843272421
v 5.8 12.600000000000001 3.7100000000000004
f 11263 11264 11265
v 5.8 12.600000000000001 3.85
v 5.789748737341529 12.62474873734153 3.8446715672757903
v 5.781058136494883 12.618941863505118 3.8446715672757903
f 11266 11267 11268
v 5.7732121597344435 12.664671567275791 3.7800000000000002
v 5.8 12.670000000000002 3.7800000000000002
v 5.8 12.664671567275791 3.753212159734444
v 5.775251262658471 12.65974873734153 3.753212159734444
f 11269 11270 11271
f 11269 11271 11272
v 5.775251262658471 12.65974873734153 3.8067878402655566
v 5.8 12.664671567275791 3.8067878402655566
v 5.8 12.670000000000002 3.7800000000000002
v 5.7732121597344435 12.664671567275791 3.7800000000000002
f 11273 11274 11275
f 11273 11275 11276
v 5.775251262658471 12.65974873734153 3.753212159734444
v 5.8 12.664671567275791 3.753212159734444
v 5.8 12.64949747468306 3.730502525316942
v 5.781058136494883 12.645729703770675 3.730502525316942
f 11277 11278 11279
f 11277 11279 11280
v 5.781058136494883 12.645729703770675 3.8294974746830586
v 5.8 12.64949747468306 3.8294974746830586
v 5.8 12.664671567275791 3.8067878402655566
v 5.775251262658471 12.65974873734153 3.8067878402655566
f 11281 11282 11283
f 11281 11283 11284
v 5.781058136494883 12.645729703770675 3.730502525316942
v 5.8 12.64949747468306 3.730502525316942
v 5.8 12.626787840265557 3.71532843272421
v 5.789748737341529 12.62474873734153 3.71532843272421
f 11285 11286 11287
f 11285 11287 11288
v 5.789748737341529 12.62474873734153 3.8446715672757903
v 5.8 12.626787840265557 3.8446715672757903
v 5.8 12.64949747468306 3.8294974746830586
v 5.781058136494883 12.645729703770675 3.8294974746830586
f 11289 11290 11291
f 11289 11291 11292
v 5.789748737341529 12.62474873734153 3.71532843272421
v 5.8 12.626787840265557 3.71532843272421
v 5.8 12.600000000000001 3.7100000000000004
f 11293 11294 11295
v 5.8 12.600000000000001 3.85
v 5.8 12.626787840265557 3.8446715672757903
v 5.789748737341529 12.62474873734153 3.8446715672757903
f 11296 11297 11298
v 5.8 12.670000000000002 3.7800000000000002
v 5.826787840265556 12.664671567275791 3.7800000000000002
v 5.824748737341529 12.65974873734153 3.753212159734444
v 5.8 12.664671567275791 3.753212159734444
f 11299 11300 11301
f 11299 11301 11302
v 5.8 12.664671567275791 3.8067878402655566
v 5.824748737341529 12.65974873734153 3.8067878402655566
v 5.826787840265556 12.664671567275791 3.7800000000000002
v 5.8 12.670000000000002 3.7800000000000002
f 11303 11304 11305
f 11303 11305 11306
v 5.8 12.664671567275791 3.753212159734444
v 5.824748737341529 12.65974873734153 3.753212159734444
v 5.818941863505117 12.645729703770675 3.730502525316942
v 5.8 12.64949747468306 3.730502525316942
f 11307 11308 11309
f 11307 11309 11310
v 5.8 12.64949747468306 3.8294974746830586
v 5.818941863505117 12.645729703770675 3.8294974746830586
v 5.824748737341529 12.65974873734153 3.8067878402655566
v 5.8 12.664671567275791 3.8067878402655566
f 11311 11312 11313
f 11311 11313 11314
v 5.8 12.64949747468306 3.730502525316942
v 5.818941863505117 12.645729703770675 3.730502525316942
v 5.810251262658471 12.62474873734153 3.71532843272421
v 5.8 12.626787840265557 3.71532843272421
f 11315 11316 11317
f 11315 11317 11318
v 5.8 12.626787840265557 3.8446715672757903
v 5.810251262658471 12.62474873734153 3.8446715672757903
v 5.818941863505117 12.645729703770675 3.8294974746830586
v 5.8 12.64949747468306 3.8294974746830586
f 11319 11320 11321
f 11319 11321 11322
v 5.8 12.626787840265557 3.71532843272421
v 5.810251262658471 12.62474873734153 3.71532843272421
v 5.8 12.600000000000001 3.7100000000000004
f 11323 11324 11325
v 5.8 12.600000000000001 3.85
v 5.810251262658471 12.62474873734153 3.8446715672757903
v 5.8 12.626787840265557 3.8446715672757903
f 11326 11327 11328
v 5.826787840265556 12.664671567275791 3.7800000000000002
v 5.849497474683059 12.64949747468306 3.7800000000000002
v 5.845729703770673 12.645729703770675 3.753212159734444
v 5.824748737341529 12.65974873734153 3.753212159734444
f 11329 11330 11331
f 11329 11331 11332
v 5.824748737341529 12.65974873734153 3.8067878402655566
v 5.845729703770673 12.645729703770675 3.8067878402655566
v 5.849497474683059 12.64949747468306 3.7800000000000002
v 5.826787840265556 12.664671567275791 3.7800000000000002
f 11333 11334 11335
f 11333 11335 11336
v 5.824748737341529 12.65974873734153 3.753212159734444
v 5.845729703770673 12.645729703770675 3.753212159734444
v 5.835 12.635000000000002 3.730502525316942
v 5.818941863505117 12.645729703770675 3.730502525316942
f 11337 11338 11339
f 11337 11339 11340
v 5.818941863505117 12.645729703770675 3.8294974746830586
v 5.835 12.635000000000002 3.8294974746830586
v 5.845729703770673 12.645729703770675 3.8067878402655566
v 5.824748737341529 12.65974873734153 3.8067878402655566
f 11341 11342 11343
f 11341 11343 11344
v 5.818941863505117 12.645729703770675 3.730502525316942
v 5.835 12.635000000000002 3.730502525316942
v 5.818941863505117 12.618941863505118 3.71532843272421
v 5.810251262658471 12.62474873734153 3.71532843272421
f 11345 11346 11347
f 11345 11347 11348
v 5.810251262658471 12.62474873734153 3.8446715672757903
v 5.818941863505117 12.618941863505118 3.8446715672757903
v 5.835 12.635000000000002 3.8294974746830586
v 5.818941863505117 12.645729703770675 3.8294974746830586
f 11349 11350 11351
f 11349 11351 11352
v 5.810251262658471 12.62474873734153 3.71532843272421
v 5.818941863505117 12.618941863505118 3.71532843272421
v 5.8 12.600000000000001 3.7100000000000004
f 11353 11354 11355
v 5.8 12.600000000000001 3.85
v 5.818941863505117 12.618941863505118 3.8446715672757903
v 5.810251262658471 12.62474873734153 3.8446715672757903
f 11356 11357 11358
v 5.849497474683059 12.64949747468306 3.7800000000000002
v 5.86467156727579 12.626787840265557 3.7800000000000002
v 5.859748737341529 12.62474873734153 3.753212159734444
v 5.845729703770673 12.645729703770675 3.753212159734444
f 11359 11360 11361
f 11359 11361 11362
v 5.845729703770673 12.645729703770675 3.8067878402655566
v 5.859748737341529 12.62474873734153 3.8067878402655566
v 5.86467156727579 12.626787840265557 3.7800000000000002
v 5.849497474683059 12.64949747468306 3.7800000000000002
f 11363 11364 11365
f 11363 11365 11366
v 5.845729703770673 12.645729703770675 3.753212159734444
v 5.859748737341529 12.62474873734153 3.753212159734444
v 5.845729703770673 12.618941863505118 3.730502525316942
v 5.835 12.635000000000002 3.730502525316942
f 11367 11368 11369
f 11367 11369 11370
v 5.835 12.635000000000002 3.8294974746830586
v 5.845729703770673 12.618941863505118 3.8294974746830586
v 5.859748737341529 12.62474873734153 3.8067878402655566
v 5.845729703770673 12.645729703770675 3.8067878402655566
f 11371 11372 11373
f 11371 11373 11374
v 5.835 12.635000000000002 3.730502525316942
v 5.845729703770673 12.618941863505118 3.730502525316942
v 5.824748737341529 12.610251262658473 3.71532843272421
v 5.818941863505117 12.618941863505118 3.71532843272421
f 11375 11376 11377
f 11375 11377 11378
v 5.818941863505117 12.618941863505118 3.8446715672757903
v 5.824748737341529 12.610251262658473 3.8446715672757903
v 5.845729703770673 12.618941863505118 3.8294974746830586
v 5.835 12.635000000000002 3.8294974746830586
f 11379 11380 11381
f 11379 11381 11382
v 5.818941863505117 12.618941863505118 3.71532843272421
v 5.824748737341529 12.610251262658473 3.71532843272421
v 5.8 12.600000000000001 3.7100000000000004
f 11383 11384 11385
v 5.8 12.600000000000001 3.85
v 5.824748737341529 12.610251262658473 3.8446715672757903
v 5.818941863505117 12.618941863505118 3.8446715672757903
f 11386 11387 11388
v 5.86467156727579 12.626787840265557 3.7800000000000002
v 5.87 12.600000000000001 3.7800000000000002
v 5.86467156727579 12.600000000000001 3.753212159734444
v 5.859748737341529 12.62474873734153 3.753212159734444
f 11389 11390 11391
f 11389 11391 11392
v 5.859748737341529 12.62474873734153 3.8067878402655566
v 5.86467156727579 12.600000000000001 3.8067878402655566
v 5.87 12.600000000000001 3.7800000000000002
v 5.86467156727579 12.626787840265557 3.7800000000000002
f 11393 11394 11395
f 11393 11395 11396
v 5.859748737341529 12.62474873734153 3.753212159734444
v 5.86467156727579 12.600000000000001 3.753212159734444
v 5.849497474683059 12.600000000000001 3.730502525316942
v 5.845729703770673 12.618941863505118 3.730502525316942
f 11397 11398 11399
f 11397 11399 11400
v 5.845729703770673 12.618941863505118 3.8294974746830586
v 5.849497474683059 12.600000000000001 3.8294974746830586
v 5.86467156727579 12.600000000000001 3.8067878402655566
v 5.859748737341529 12.62474873734153 3.8067878402655566
f 11401 11402 11403
f 11401 11403 11404
v 5.845729703770673 12.618941863505118 3.730502525316942
v 5.849497474683059 12.600000000000001 3.730502525316942
v 5.826787840265556 12.600000000000001 3.71532843272421
v 5.824748737341529 12.610251262658473 3.71532843272421
f 11405 11406 11407
f 11405 11407 11408
v 5.824748737341529 12.610251262658473 3.8446715672757903
v 5.826787840265556 12.600000000000001 3.8446715672757903
v 5.849497474683059 12.600000000000001 3.8294974746830586
v 5.845729703770673 12.618941863505118 3.8294974746830586
f 11409 11410 11411
f 11409 11411 11412
v 5.824748737341529 12.610251262658473 3.71532843272421
v 5.826787840265556 12.600000000000001 3.71532843272421
v 5.8 12.600000000000001 3.7100000000000004
f 11413 11414 11415
v 5.8 12.600000000000001 3.85
v 5.826787840265556 12.600000000000001 3.8446715672757903
v 5.824748737341529 12.610251262658473 3.8446715672757903
f 11416 11417 11418
usemtl c_16_18_20
v 10.12 12.510000000000002 3.69
v 10.12 12.510000000000002 3.97
v 10.12 12.57 3.97
v 10.12 12.57 3.69
f 11419 11420 11421
f 11419 11421 11422
v 10.28 12.510000000000002 3.69
v 10.28 12.57 3.69
v 10.28 12.57 3.97
v 10.28 12.510000000000002 3.97
f 11423 11424 11425
f 11423 11425 11426
v 10.12 12.510000000000002 3.69
v 10.28 12.510000000000002 3.69
v 10.28 12.510000000000002 3.97
v 10.12 12.510000000000002 3.97
f 11427 11428 11429
f 11427 11429 11430
v 10.12 12.57 3.69
v 10.12 12.57 3.97
v 10.28 12.57 3.97
v 10.28 12.57 3.69
f 11431 11432 11433
f 11431 11433 11434
v 10.12 12.510000000000002 3.69
v 10.12 12.57 3.69
v 10.28 12.57 3.69
v 10.28 12.510000000000002 3.69
f 11435 11436 11437
f 11435 11437 11438
v 10.12 12.510000000000002 3.97
v 10.28 12.510000000000002 3.97
v 10.28 12.57 3.97
v 10.12 12.57 3.97
f 11439 11440 11441
f 11439 11441 11442
usemtl c_255_163_56
v 10.27 12.600000000000001 3.7800000000000002
v 10.264671567275789 12.573212159734446 3.7800000000000002
v 10.259748737341528 12.575251262658472 3.753212159734444
v 10.264671567275789 12.600000000000001 3.753212159734444
f 11443 11444 11445
f 11443 11445 11446
v 10.264671567275789 12.600000000000001 3.8067878402655566
v 10.259748737341528 12.575251262658472 3.8067878402655566
v 10.264671567275789 12.573212159734446 3.7800000000000002
v 10.27 12.600000000000001 3.7800000000000002
f 11447 11448 11449
f 11447 11449 11450
v 10.264671567275789 12.600000000000001 3.753212159734444
v 10.259748737341528 12.575251262658472 3.753212159734444
v 10.245729703770673 12.581058136494885 3.730502525316942
v 10.249497474683057 12.600000000000001 3.730502525316942
f 11451 11452 11453
f 11451 11453 11454
v 10.249497474683057 12.600000000000001 3.8294974746830586
v 10.245729703770673 12.581058136494885 3.8294974746830586
v 10.259748737341528 12.575251262658472 3.8067878402655566
v 10.264671567275789 12.600000000000001 3.8067878402655566
f 11455 11456 11457
f 11455 11457 11458
v 10.249497474683057 12.600000000000001 3.730502525316942
v 10.245729703770673 12.581058136494885 3.730502525316942
v 10.224748737341528 12.58974873734153 3.71532843272421
v 10.226787840265555 12.600000000000001 3.71532843272421
f 11459 11460 11461
f 11459 11461 11462
v 10.226787840265555 12.600000000000001 3.8446715672757903
v 10.224748737341528 12.58974873734153 3.8446715672757903
v 10.245729703770673 12.581058136494885 3.8294974746830586
v 10.249497474683057 12.600000000000001 3.8294974746830586
f 11463 11464 11465
f 11463 11465 11466
v 10.226787840265555 12.600000000000001 3.71532843272421
v 10.224748737341528 12.58974873734153 3.71532843272421
v 10.2 12.600000000000001 3.7100000000000004
f 11467 11468 11469
v 10.2 12.600000000000001 3.85
v 10.224748737341528 12.58974873734153 3.8446715672757903
v 10.226787840265555 12.600000000000001 3.8446715672757903
f 11470 11471 11472
v 10.264671567275789 12.573212159734446 3.7800000000000002
v 10.249497474683057 12.550502525316944 3.7800000000000002
v 10.245729703770673 12.554270296229328 3.753212159734444
v 10.259748737341528 12.575251262658472 3.753212159734444
f 11473 11474 11475
f 11473 11475 11476
v 10.259748737341528 12.575251262658472 3.8067878402655566
v 10.245729703770673 12.554270296229328 3.8067878402655566
v 10.249497474683057 12.550502525316944 3.7800000000000002
v 10.264671567275789 12.573212159734446 3.7800000000000002
f 11477 11478 11479
f 11477 11479 11480
v 10.259748737341528 12.575251262658472 3.753212159734444
v 10.245729703770673 12.554270296229328 3.753212159734444
v 10.235 12.565000000000001 3.730502525316942
v 10.245729703770673 12.581058136494885 3.730502525316942
f 11481 11482 11483
f 11481 11483 11484
v 10.245729703770673 12.581058136494885 3.8294974746830586
v 10.235 12.565000000000001 3.8294974746830586
v 10.245729703770673 12.554270296229328 3.8067878402655566
v 10.259748737341528 12.575251262658472 3.8067878402655566
f 11485 11486 11487
f 11485 11487 11488
v 10.245729703770673 12.581058136494885 3.730502525316942
v 10.235 12.565000000000001 3.730502525316942
v 10.218941863505115 12.581058136494885 3.71532843272421
v 10.224748737341528 12.58974873734153 3.71532843272421
f 11489 11490 11491
f 11489 11491 11492
v 10.224748737341528 12.58974873734153 3.8446715672757903
v 10.218941863505115 12.581058136494885 3.8446715672757903
v 10.235 12.565000000000001 3.8294974746830586
v 10.245729703770673 12.581058136494885 3.8294974746830586
f 11493 11494 11495
f 11493 11495 11496
v 10.224748737341528 12.58974873734153 3.71532843272421
v 10.218941863505115 12.581058136494885 3.71532843272421
v 10.2 12.600000000000001 3.7100000000000004
f 11497 11498 11499
v 10.2 12.600000000000001 3.85
v 10.218941863505115 12.581058136494885 3.8446715672757903
v 10.224748737341528 12.58974873734153 3.8446715672757903
f 11500 11501 11502
v 10.249497474683057 12.550502525316944 3.7800000000000002
v 10.226787840265555 12.535328432724212 3.7800000000000002
v 10.224748737341528 12.540251262658472 3.753212159734444
v 10.245729703770673 12.554270296229328 3.753212159734444
f 11503 11504 11505
f 11503 11505 11506
v 10.245729703770673 12.554270296229328 3.8067878402655566
v 10.224748737341528 12.540251262658472 3.8067878402655566
v 10.226787840265555 12.535328432724212 3.7800000000000002
v 10.249497474683057 12.550502525316944 3.7800000000000002
f 11507 11508 11509
f 11507 11509 11510
v 10.245729703770673 12.554270296229328 3.753212159734444
v 10.224748737341528 12.540251262658472 3.753212159734444
v 10.218941863505115 12.554270296229328 3.730502525316942
v 10.235 12.565000000000001 3.730502525316942
f 11511 11512 11513
f 11511 11513 11514
v 10.235 12.565000000000001 3.8294974746830586
v 10.218941863505115 12.554270296229328 3.8294974746830586
v 10.224748737341528 12.540251262658472 3.8067878402655566
v 10.245729703770673 12.554270296229328 3.8067878402655566
f 11515 11516 11517
f 11515 11517 11518
v 10.235 12.565000000000001 3.730502525316942
v 10.218941863505115 12.554270296229328 3.730502525316942
v 10.21025126265847 12.575251262658472 3.71532843272421
v 10.218941863505115 12.581058136494885 3.71532843272421
f 11519 11520 11521
f 11519 11521 11522
v 10.218941863505115 12.581058136494885 3.8446715672757903
v 10.21025126265847 12.575251262658472 3.8446715672757903
v 10.218941863505115 12.554270296229328 3.8294974746830586
v 10.235 12.565000000000001 3.8294974746830586
f 11523 11524 11525
f 11523 11525 11526
v 10.218941863505115 12.581058136494885 3.71532843272421
v 10.21025126265847 12.575251262658472 3.71532843272421
v 10.2 12.600000000000001 3.7100000000000004
f 11527 11528 11529
v 10.2 12.600000000000001 3.85
v 10.21025126265847 12.575251262658472 3.8446715672757903
v 10.218941863505115 12.581058136494885 3.8446715672757903
f 11530 11531 11532
v 10.226787840265555 12.535328432724212 3.7800000000000002
v 10.2 12.530000000000001 3.7800000000000002
v 10.2 12.535328432724212 3.753212159734444
v 10.224748737341528 12.540251262658472 3.753212159734444
f 11533 11534 11535
f 11533 11535 11536
v 10.224748737341528 12.540251262658472 3.8067878402655566
v 10.2 12.535328432724212 3.8067878402655566
v 10.2 12.530000000000001 3.7800000000000002
v 10.226787840265555 12.535328432724212 3.7800000000000002
f 11537 11538 11539
f 11537 11539 11540
v 10.224748737341528 12.540251262658472 3.753212159734444
v 10.2 12.535328432724212 3.753212159734444
v 10.2 12.550502525316944 3.730502525316942
v 10.218941863505115 12.554270296229328 3.730502525316942
f 11541 11542 11543
f 11541 11543 11544
v 10.218941863505115 12.554270296229328 3.8294974746830586
v 10.2 12.550502525316944 3.8294974746830586
v 10.2 12.535328432724212 3.8067878402655566
v 10.224748737341528 12.540251262658472 3.8067878402655566
f 11545 11546 11547
f 11545 11547 11548
v 10.218941863505115 12.554270296229328 3.730502525316942
v 10.2 12.550502525316944 3.730502525316942
v 10.2 12.573212159734446 3.71532843272421
v 10.21025126265847 12.575251262658472 3.71532843272421
f 11549 11550 11551
f 11549 11551 11552
v 10.21025126265847 12.575251262658472 3.8446715672757903
v 10.2 12.573212159734446 3.8446715672757903
v 10.2 12.550502525316944 3.8294974746830586
v 10.218941863505115 12.554270296229328 3.8294974746830586
f 11553 11554 11555
f 11553 11555 11556
v 10.21025126265847 12.575251262658472 3.71532843272421
v 10.2 12.573212159734446 3.71532843272421
v 10.2 12.600000000000001 3.7100000000000004
f 11557 11558 11559
v 10.2 12.600000000000001 3.85
v 10.2 12.573212159734446 3.8446715672757903
v 10.21025126265847 12.575251262658472 3.8446715672757903
f 11560 11561 11562
v 10.2 12.530000000000001 3.7800000000000002
v 10.173212159734444 12.535328432724212 3.7800000000000002
v 10.17525126265847 12.540251262658472 3.753212159734444
v 10.2 12.535328432724212 3.753212159734444
f 11563 11564 11565
f 11563 11565 11566
v 10.2 12.535328432724212 3.8067878402655566
v 10.17525126265847 12.540251262658472 3.8067878402655566
v 10.173212159734444 12.535328432724212 3.7800000000000002
v 10.2 12.530000000000001 3.7800000000000002
f 11567 11568 11569
f 11567 11569 11570
v 10.2 12.535328432724212 3.753212159734444
v 10.17525126265847 12.540251262658472 3.753212159734444
v 10.181058136494883 12.554270296229328 3.730502525316942
v 10.2 12.550502525316944 3.730502525316942
f 11571 11572 11573
f 11571 11573 11574
v 10.2 12.550502525316944 3.8294974746830586
v 10.181058136494883 12.554270296229328 3.8294974746830586
v 10.17525126265847 12.540251262658472 3.8067878402655566
v 10.2 12.535328432724212 3.8067878402655566
f 11575 11576 11577
f 11575 11577 11578
v 10.2 12.550502525316944 3.730502525316942
v 10.181058136494883 12.554270296229328 3.730502525316942
v 10.189748737341528 12.575251262658472 3.71532843272421
v 10.2 12.573212159734446 3.71532843272421
f 11579 11580 11581
f 11579 11581 11582
v 10.2 12.573212159734446 3.8446715672757903
v 10.189748737341528 12.575251262658472 3.8446715672757903
v 10.181058136494883 12.554270296229328 3.8294974746830586
v 10.2 12.550502525316944 3.8294974746830586
f 11583 11584 11585
f 11583 11585 11586
v 10.2 12.573212159734446 3.71532843272421
v 10.189748737341528 12.575251262658472 3.71532843272421
v 10.2 12.600000000000001 3.7100000000000004
f 11587 11588 11589
v 10.2 12.600000000000001 3.85
v 10.189748737341528 12.575251262658472 3.8446715672757903
v 10.2 12.573212159734446 3.8446715672757903
f 11590 11591 11592
v 10.173212159734444 12.535328432724212 3.7800000000000002
v 10.150502525316941 12.550502525316944 3.7800000000000002
v 10.154270296229326 12.554270296229328 3.753212159734444
v 10.17525126265847 12.540251262658472 3.753212159734444
f 11593 11594 11595
f 11593 11595 11596
v 10.17525126265847 12.540251262658472 3.8067878402655566
v 10.154270296229326 12.554270296229328 3.8067878402655566
v 10.150502525316941 12.550502525316944 3.7800000000000002
v 10.173212159734444 12.535328432724212 3.7800000000000002
f 11597 11598 11599
f 11597 11599 11600
v 10.17525126265847 12.540251262658472 3.753212159734444
v 10.154270296229326 12.554270296229328 3.753212159734444
v 10.165 12.565000000000001 3.730502525316942
v 10.181058136494883 12.554270296229328 3.730502525316942
f 11601 11602 11603
f 11601 11603 11604
v 10.181058136494883 12.554270296229328 3.8294974746830586
v 10.165 12.565000000000001 3.8294974746830586
v 10.154270296229326 12.554270296229328 3.8067878402655566
v 10.17525126265847 12.540251262658472 3.8067878402655566
f 11605 11606 11607
f 11605 11607 11608
v 10.181058136494883 12.554270296229328 3.730502525316942
v 10.165 12.565000000000001 3.730502525316942
v 10.181058136494883 12.581058136494885 3.71532843272421
v 10.189748737341528 12.575251262658472 3.71532843272421
f 11609 11610 11611
f 11609 11611 11612
v 10.189748737341528 12.575251262658472 3.8446715672757903
v 10.181058136494883 12.581058136494885 3.8446715672757903
v 10.165 12.565000000000001 3.8294974746830586
v 10.181058136494883 12.554270296229328 3.8294974746830586
f 11613 11614 11615
f 11613 11615 11616
v 10.189748737341528 12.575251262658472 3.71532843272421
v 10.181058136494883 12.581058136494885 3.71532843272421
v 10.2 12.600000000000001 3.7100000000000004
f 11617 11618 11619
v 10.2 12.600000000000001 3.85
v 10.181058136494883 12.581058136494885 3.8446715672757903
v 10.189748737341528 12.575251262658472 3.8446715672757903
f 11620 11621 11622
v 10.150502525316941 12.550502525316944 3.7800000000000002
v 10.13532843272421 12.573212159734446 3.7800000000000002
v 10.14025126265847 12.575251262658472 3.753212159734444
v 10.154270296229326 12.554270296229328 3.753212159734444
f 11623 11624 11625
f 11623 11625 11626
v 10.154270296229326 12.554270296229328 3.8067878402655566
v 10.14025126265847 12.575251262658472 3.8067878402655566
v 10.13532843272421 12.573212159734446 3.7800000000000002
v 10.150502525316941 12.550502525316944 3.7800000000000002
f 11627 11628 11629
f 11627 11629 11630
v 10.154270296229326 12.554270296229328 3.753212159734444
v 10.14025126265847 12.575251262658472 3.753212159734444
v 10.154270296229326 12.581058136494885 3.730502525316942
v 10.165 12.565000000000001 3.730502525316942
f 11631 11632 11633
f 11631 11633 11634
v 10.165 12.565000000000001 3.8294974746830586
v 10.154270296229326 12.581058136494885 3.8294974746830586
v 10.14025126265847 12.575251262658472 3.8067878402655566
v 10.154270296229326 12.554270296229328 3.8067878402655566
f 11635 11636 11637
f 11635 11637 11638
v 10.165 12.565000000000001 3.730502525316942
v 10.154270296229326 12.581058136494885 3.730502525316942
v 10.17525126265847 12.58974873734153 3.71532843272421
v 10.181058136494883 12.581058136494885 3.71532843272421
f 11639 11640 11641
f 11639 11641 11642
v 10.181058136494883 12.581058136494885 3.8446715672757903
v 10.17525126265847 12.58974873734153 3.8446715672757903
v 10.154270296229326 12.581058136494885 3.8294974746830586
v 10.165 12.565000000000001 3.8294974746830586
f 11643 11644 11645
f 11643 11645 11646
v 10.181058136494883 12.581058136494885 3.71532843272421
v 10.17525126265847 12.58974873734153 3.71532843272421
v 10.2 12.600000000000001 3.7100000000000004
f 11647 11648 11649
v 10.2 12.600000000000001 3.85
v 10.17525126265847 12.58974873734153 3.8446715672757903
v 10.181058136494883 12.581058136494885 3.8446715672757903
f 11650 11651 11652
v 10.13532843272421 12.573212159734446 3.7800000000000002
v 10.129999999999999 12.600000000000001 3.7800000000000002
v 10.13532843272421 12.600000000000001 3.753212159734444
v 10.14025126265847 12.575251262658472 3.753212159734444
f 11653 11654 11655
f 11653 11655 11656
v 10.14025126265847 12.575251262658472 3.8067878402655566
v 10.13532843272421 12.600000000000001 3.8067878402655566
v 10.129999999999999 12.600000000000001 3.7800000000000002
v 10.13532843272421 12.573212159734446 3.7800000000000002
f 11657 11658 11659
f 11657 11659 11660
v 10.14025126265847 12.575251262658472 3.753212159734444
v 10.13532843272421 12.600000000000001 3.753212159734444
v 10.150502525316941 12.600000000000001 3.730502525316942
v 10.154270296229326 12.581058136494885 3.730502525316942
f 11661 11662 11663
f 11661 11663 11664
v 10.154270296229326 12.581058136494885 3.8294974746830586
v 10.150502525316941 12.600000000000001 3.8294974746830586
v 10.13532843272421 12.600000000000001 3.8067878402655566
v 10.14025126265847 12.575251262658472 3.8067878402655566
f 11665 11666 11667
f 11665 11667 11668
v 10.154270296229326 12.581058136494885 3.730502525316942
v 10.150502525316941 12.600000000000001 3.730502525316942
v 10.173212159734444 12.600000000000001 3.71532843272421
v 10.17525126265847 12.58974873734153 3.71532843272421
f 11669 11670 11671
f 11669 11671 11672
v 10.17525126265847 12.58974873734153 3.8446715672757903
v 10.173212159734444 12.600000000000001 3.8446715672757903
v 10.150502525316941 12.600000000000001 3.8294974746830586
v 10.154270296229326 12.581058136494885 3.8294974746830586
f 11673 11674 11675
f 11673 11675 11676
v 10.17525126265847 12.58974873734153 3.71532843272421
v 10.173212159734444 12.600000000000001 3.71532843272421
v 10.2 12.600000000000001 3.7100000000000004
f 11677 11678 11679
v 10.2 12.600000000000001 3.85
v 10.173212159734444 12.600000000000001 3.8446715672757903
v 10.17525126265847 12.58974873734153 3.8446715672757903
f 11680 11681 11682
v 10.129999999999999 12.600000000000001 3.7800000000000002
v 10.13532843272421 12.626787840265557 3.7800000000000002
v 10.14025126265847 12.62474873734153 3.753212159734444
v 10.13532843272421 12.600000000000001 3.753212159734444
f 11683 11684 11685
f 11683 11685 11686
v 10.13532843272421 12.600000000000001 3.8067878402655566
v 10.14025126265847 12.62474873734153 3.8067878402655566
v 10.13532843272421 12.626787840265557 3.7800000000000002
v 10.129999999999999 12.600000000000001 3.7800000000000002
f 11687 11688 11689
f 11687 11689 11690
v 10.13532843272421 12.600000000000001 3.753212159734444
v 10.14025126265847 12.62474873734153 3.753212159734444
v 10.154270296229326 12.618941863505118 3.730502525316942
v 10.150502525316941 12.600000000000001 3.730502525316942
f 11691 11692 11693
f 11691 11693 11694
v 10.150502525316941 12.600000000000001 3.8294974746830586
v 10.154270296229326 12.618941863505118 3.8294974746830586
v 10.14025126265847 12.62474873734153 3.8067878402655566
v 10.13532843272421 12.600000000000001 3.8067878402655566
f 11695 11696 11697
f 11695 11697 11698
v 10.150502525316941 12.600000000000001 3.730502525316942
v 10.154270296229326 12.618941863505118 3.730502525316942
v 10.17525126265847 12.610251262658473 3.71532843272421
v 10.173212159734444 12.600000000000001 3.71532843272421
f 11699 11700 11701
f 11699 11701 11702
v 10.173212159734444 12.600000000000001 3.8446715672757903
v 10.17525126265847 12.610251262658473 3.8446715672757903
v 10.154270296229326 12.618941863505118 3.8294974746830586
v 10.150502525316941 12.600000000000001 3.8294974746830586
f 11703 11704 11705
f 11703 11705 11706
v 10.173212159734444 12.600000000000001 3.71532843272421
v 10.17525126265847 12.610251262658473 3.71532843272421
v 10.2 12.600000000000001 3.7100000000000004
f 11707 11708 11709
v 10.2 12.600000000000001 3.85
v 10.17525126265847 12.610251262658473 3.8446715672757903
v 10.173212159734444 12.600000000000001 3.8446715672757903
f 11710 11711 11712
v 10.13532843272421 12.626787840265557 3.7800000000000002
v 10.150502525316941 12.64949747468306 3.7800000000000002
v 10.154270296229326 12.645729703770675 3.753212159734444
v 10.14025126265847 12.62474873734153 3.753212159734444
f 11713 11714 11715
f 11713 11715 11716
v 10.14025126265847 12.62474873734153 3.8067878402655566
v 10.154270296229326 12.645729703770675 3.8067878402655566
v 10.150502525316941 12.64949747468306 3.7800000000000002
v 10.13532843272421 12.626787840265557 3.7800000000000002
f 11717 11718 11719
f 11717 11719 11720
v 10.14025126265847 12.62474873734153 3.753212159734444
v 10.154270296229326 12.645729703770675 3.753212159734444
v 10.165 12.635000000000002 3.730502525316942
v 10.154270296229326 12.618941863505118 3.730502525316942
f 11721 11722 11723
f 11721 11723 11724
v 10.154270296229326 12.618941863505118 3.8294974746830586
v 10.165 12.635000000000002 3.8294974746830586
v 10.154270296229326 12.645729703770675 3.8067878402655566
v 10.14025126265847 12.62474873734153 3.8067878402655566
f 11725 11726 11727
f 11725 11727 11728
v 10.154270296229326 12.618941863505118 3.730502525316942
v 10.165 12.635000000000002 3.730502525316942
v 10.181058136494883 12.618941863505118 3.71532843272421
v 10.17525126265847 12.610251262658473 3.71532843272421
f 11729 11730 11731
f 11729 11731 11732
v 10.17525126265847 12.610251262658473 3.8446715672757903
v 10.181058136494883 12.618941863505118 3.8446715672757903
v 10.165 12.635000000000002 3.8294974746830586
v 10.154270296229326 12.618941863505118 3.8294974746830586
f 11733 11734 11735
f 11733 11735 11736
v 10.17525126265847 12.610251262658473 3.71532843272421
v 10.181058136494883 12.618941863505118 3.71532843272421
v 10.2 12.600000000000001 3.7100000000000004
f 11737 11738 11739
v 10.2 12.600000000000001 3.85
v 10.181058136494883 12.618941863505118 3.8446715672757903
v 10.17525126265847 12.610251262658473 3.8446715672757903
f 11740 11741 11742
v 10.150502525316941 12.64949747468306 3.7800000000000002
v 10.173212159734444 12.664671567275791 3.7800000000000002
v 10.17525126265847 12.65974873734153 3.753212159734444
v 10.154270296229326 12.645729703770675 3.753212159734444
f 11743 11744 11745
f 11743 11745 11746
v 10.154270296229326 12.645729703770675 3.8067878402655566
v 10.17525126265847 12.65974873734153 3.8067878402655566
v 10.173212159734444 12.664671567275791 3.7800000000000002
v 10.150502525316941 12.64949747468306 3.7800000000000002
f 11747 11748 11749
f 11747 11749 11750
v 10.154270296229326 12.645729703770675 3.753212159734444
v 10.17525126265847 12.65974873734153 3.753212159734444
v 10.181058136494883 12.645729703770675 3.730502525316942
v 10.165 12.635000000000002 3.730502525316942
f 11751 11752 11753
f 11751 11753 11754
v 10.165 12.635000000000002 3.8294974746830586
v 10.181058136494883 12.645729703770675 3.8294974746830586
v 10.17525126265847 12.65974873734153 3.8067878402655566
v 10.154270296229326 12.645729703770675 3.8067878402655566
f 11755 11756 11757
f 11755 11757 11758
v 10.165 12.635000000000002 3.730502525316942
v 10.181058136494883 12.645729703770675 3.730502525316942
v 10.189748737341528 12.62474873734153 3.71532843272421
v 10.181058136494883 12.618941863505118 3.71532843272421
f 11759 11760 11761
f 11759 11761 11762
v 10.181058136494883 12.618941863505118 3.8446715672757903
v 10.189748737341528 12.62474873734153 3.8446715672757903
v 10.181058136494883 12.645729703770675 3.8294974746830586
v 10.165 12.635000000000002 3.8294974746830586
f 11763 11764 11765
f 11763 11765 11766
v 10.181058136494883 12.618941863505118 3.71532843272421
v 10.189748737341528 12.62474873734153 3.71532843272421
v 10.2 12.600000000000001 3.7100000000000004
f 11767 11768 11769
v 10.2 12.600000000000001 3.85
v 10.189748737341528 12.62474873734153 3.8446715672757903
v 10.181058136494883 12.618941863505118 3.8446715672757903
f 11770 11771 11772
v 10.173212159734444 12.664671567275791 3.7800000000000002
v 10.2 12.670000000000002 3.7800000000000002
v 10.2 12.664671567275791 3.753212159734444
v 10.17525126265847 12.65974873734153 3.753212159734444
f 11773 11774 11775
f 11773 11775 11776
v 10.17525126265847 12.65974873734153 3.8067878402655566
v 10.2 12.664671567275791 3.8067878402655566
v 10.2 12.670000000000002 3.7800000000000002
v 10.173212159734444 12.664671567275791 3.7800000000000002
f 11777 11778 11779
f 11777 11779 11780
v 10.17525126265847 12.65974873734153 3.753212159734444
v 10.2 12.664671567275791 3.753212159734444
v 10.2 12.64949747468306 3.730502525316942
v 10.181058136494883 12.645729703770675 3.730502525316942
f 11781 11782 11783
f 11781 11783 11784
v 10.181058136494883 12.645729703770675 3.8294974746830586
v 10.2 12.64949747468306 3.8294974746830586
v 10.2 12.664671567275791 3.8067878402655566
v 10.17525126265847 12.65974873734153 3.8067878402655566
f 11785 11786 11787
f 11785 11787 11788
v 10.181058136494883 12.645729703770675 3.730502525316942
v 10.2 12.64949747468306 3.730502525316942
v 10.2 12.626787840265557 3.71532843272421
v 10.189748737341528 12.62474873734153 3.71532843272421
f 11789 11790 11791
f 11789 11791 11792
v 10.189748737341528 12.62474873734153 3.8446715672757903
v 10.2 12.626787840265557 3.8446715672757903
v 10.2 12.64949747468306 3.8294974746830586
v 10.181058136494883 12.645729703770675 3.8294974746830586
f 11793 11794 11795
f 11793 11795 11796
v 10.189748737341528 12.62474873734153 3.71532843272421
v 10.2 12.626787840265557 3.71532843272421
v 10.2 12.600000000000001 3.7100000000000004
f 11797 11798 11799
v 10.2 12.600000000000001 3.85
v 10.2 12.626787840265557 3.8446715672757903
v 10.189748737341528 12.62474873734153 3.8446715672757903
f 11800 11801 11802
v 10.2 12.670000000000002 3.7800000000000002
v 10.226787840265555 12.664671567275791 3.7800000000000002
v 10.224748737341528 12.65974873734153 3.753212159734444
v 10.2 12.664671567275791 3.753212159734444
f 11803 11804 11805
f 11803 11805 11806
v 10.2 12.664671567275791 3.8067878402655566
v 10.224748737341528 12.65974873734153 3.8067878402655566
v 10.226787840265555 12.664671567275791 3.7800000000000002
v 10.2 12.670000000000002 3.7800000000000002
f 11807 11808 11809
f 11807 11809 11810
v 10.2 12.664671567275791 3.753212159734444
v 10.224748737341528 12.65974873734153 3.753212159734444
v 10.218941863505115 12.645729703770675 3.730502525316942
v 10.2 12.64949747468306 3.730502525316942
f 11811 11812 11813
f 11811 11813 11814
v 10.2 12.64949747468306 3.8294974746830586
v 10.218941863505115 12.645729703770675 3.8294974746830586
v 10.224748737341528 12.65974873734153 3.8067878402655566
v 10.2 12.664671567275791 3.8067878402655566
f 11815 11816 11817
f 11815 11817 11818
v 10.2 12.64949747468306 3.730502525316942
v 10.218941863505115 12.645729703770675 3.730502525316942
v 10.21025126265847 12.62474873734153 3.71532843272421
v 10.2 12.626787840265557 3.71532843272421
f 11819 11820 11821
f 11819 11821 11822
v 10.2 12.626787840265557 3.8446715672757903
v 10.21025126265847 12.62474873734153 3.8446715672757903
v 10.218941863505115 12.645729703770675 3.8294974746830586
v 10.2 12.64949747468306 3.8294974746830586
f 11823 11824 11825
f 11823 11825 11826
v 10.2 12.626787840265557 3.71532843272421
v 10.21025126265847 12.62474873734153 3.71532843272421
v 10.2 12.600000000000001 3.7100000000000004
f 11827 11828 11829
v 10.2 12.600000000000001 3.85
v 10.21025126265847 12.62474873734153 3.8446715672757903
v 10.2 12.626787840265557 3.8446715672757903
f 11830 11831 11832
v 10.226787840265555 12.664671567275791 3.7800000000000002
v 10.249497474683057 12.64949747468306 3.7800000000000002
v 10.245729703770673 12.645729703770675 3.753212159734444
v 10.224748737341528 12.65974873734153 3.753212159734444
f 11833 11834 11835
f 11833 11835 11836
v 10.224748737341528 12.65974873734153 3.8067878402655566
v 10.245729703770673 12.645729703770675 3.8067878402655566
v 10.249497474683057 12.64949747468306 3.7800000000000002
v 10.226787840265555 12.664671567275791 3.7800000000000002
f 11837 11838 11839
f 11837 11839 11840
v 10.224748737341528 12.65974873734153 3.753212159734444
v 10.245729703770673 12.645729703770675 3.753212159734444
v 10.235 12.635000000000002 3.730502525316942
v 10.218941863505115 12.645729703770675 3.730502525316942
f 11841 11842 11843
f 11841 11843 11844
v 10.218941863505115 12.645729703770675 3.8294974746830586
v 10.235 12.635000000000002 3.8294974746830586
v 10.245729703770673 12.645729703770675 3.8067878402655566
v 10.224748737341528 12.65974873734153 3.8067878402655566
f 11845 11846 11847
f 11845 11847 11848
v 10.218941863505115 12.645729703770675 3.730502525316942
v 10.235 12.635000000000002 3.730502525316942
v 10.218941863505115 12.618941863505118 3.71532843272421
v 10.21025126265847 12.62474873734153 3.71532843272421
f 11849 11850 11851
f 11849 11851 11852
v 10.21025126265847 12.62474873734153 3.8446715672757903
v 10.218941863505115 12.618941863505118 3.8446715672757903
v 10.235 12.635000000000002 3.8294974746830586
v 10.218941863505115 12.645729703770675 3.8294974746830586
f 11853 11854 11855
f 11853 11855 11856
v 10.21025126265847 12.62474873734153 3.71532843272421
v 10.218941863505115 12.618941863505118 3.71532843272421
v 10.2 12.600000000000001 3.7100000000000004
f 11857 11858 11859
v 10.2 12.600000000000001 3.85
v 10.218941863505115 12.618941863505118 3.8446715672757903
v 10.21025126265847 12.62474873734153 3.8446715672757903
f 11860 11861 11862
v 10.249497474683057 12.64949747468306 3.7800000000000002
v 10.264671567275789 12.626787840265557 3.7800000000000002
v 10.259748737341528 12.62474873734153 3.753212159734444
v 10.245729703770673 12.645729703770675 3.753212159734444
f 11863 11864 11865
f 11863 11865 11866
v 10.245729703770673 12.645729703770675 3.8067878402655566
v 10.259748737341528 12.62474873734153 3.8067878402655566
v 10.264671567275789 12.626787840265557 3.7800000000000002
v 10.249497474683057 12.64949747468306 3.7800000000000002
f 11867 11868 11869
f 11867 11869 11870
v 10.245729703770673 12.645729703770675 3.753212159734444
v 10.259748737341528 12.62474873734153 3.753212159734444
v 10.245729703770673 12.618941863505118 3.730502525316942
v 10.235 12.635000000000002 3.730502525316942
f 11871 11872 11873
f 11871 11873 11874
v 10.235 12.635000000000002 3.8294974746830586
v 10.245729703770673 12.618941863505118 3.8294974746830586
v 10.259748737341528 12.62474873734153 3.8067878402655566
v 10.245729703770673 12.645729703770675 3.8067878402655566
f 11875 11876 11877
f 11875 11877 11878
v 10.235 12.635000000000002 3.730502525316942
v 10.245729703770673 12.618941863505118 3.730502525316942
v 10.224748737341528 12.610251262658473 3.71532843272421
v 10.218941863505115 12.618941863505118 3.71532843272421
f 11879 11880 11881
f 11879 11881 11882
v 10.218941863505115 12.618941863505118 3.8446715672757903
v 10.224748737341528 12.610251262658473 3.8446715672757903
v 10.245729703770673 12.618941863505118 3.8294974746830586
v 10.235 12.635000000000002 3.8294974746830586
f 11883 11884 11885
f 11883 11885 11886
v 10.218941863505115 12.618941863505118 3.71532843272421
v 10.224748737341528 12.610251262658473 3.71532843272421
v 10.2 12.600000000000001 3.7100000000000004
f 11887 11888 11889
v 10.2 12.600000000000001 3.85
v 10.224748737341528 12.610251262658473 3.8446715672757903
v 10.218941863505115 12.618941863505118 3.8446715672757903
f 11890 11891 11892
v 10.264671567275789 12.626787840265557 3.7800000000000002
v 10.27 12.600000000000001 3.7800000000000002
v 10.264671567275789 12.600000000000001 3.753212159734444
v 10.259748737341528 12.62474873734153 3.753212159734444
f 11893 11894 11895
f 11893 11895 11896
v 10.259748737341528 12.62474873734153 3.8067878402655566
v 10.264671567275789 12.600000000000001 3.8067878402655566
v 10.27 12.600000000000001 3.7800000000000002
v 10.264671567275789 12.626787840265557 3.7800000000000002
f 11897 11898 11899
f 11897 11899 11900
v 10.259748737341528 12.62474873734153 3.753212159734444
v 10.264671567275789 12.600000000000001 3.753212159734444
v 10.249497474683057 12.600000000000001 3.730502525316942
v 10.245729703770673 12.618941863505118 3.730502525316942
f 11901 11902 11903
f 11901 11903 11904
v 10.245729703770673 12.618941863505118 3.8294974746830586
v 10.249497474683057 12.600000000000001 3.8294974746830586
v 10.264671567275789 12.600000000000001 3.8067878402655566
v 10.259748737341528 12.62474873734153 3.8067878402655566
f 11905 11906 11907
f 11905 11907 11908
v 10.245729703770673 12.618941863505118 3.730502525316942
v 10.249497474683057 12.600000000000001 3.730502525316942
v 10.226787840265555 12.600000000000001 3.71532843272421
v 10.224748737341528 12.610251262658473 3.71532843272421
f 11909 11910 11911
f 11909 11911 11912
v 10.224748737341528 12.610251262658473 3.8446715672757903
v 10.226787840265555 12.600000000000001 3.8446715672757903
v 10.249497474683057 12.600000000000001 3.8294974746830586
v 10.245729703770673 12.618941863505118 3.8294974746830586
f 11913 11914 11915
f 11913 11915 11916
v 10.224748737341528 12.610251262658473 3.71532843272421
v 10.226787840265555 12.600000000000001 3.71532843272421
v 10.2 12.600000000000001 3.7100000000000004
f 11917 11918 11919
v 10.2 12.600000000000001 3.85
v 10.226787840265555 12.600000000000001 3.8446715672757903
v 10.224748737341528 12.610251262658473 3.8446715672757903
f 11920 11921 11922
usemtl c_16_18_20
v 13.62 12.510000000000002 3.69
v 13.62 12.510000000000002 3.97
v 13.62 12.57 3.97
v 13.62 12.57 3.69
f 11923 11924 11925
f 11923 11925 11926
v 13.78 12.510000000000002 3.69
v 13.78 12.57 3.69
v 13.78 12.57 3.97
v 13.78 12.510000000000002 3.97
f 11927 11928 11929
f 11927 11929 11930
v 13.62 12.510000000000002 3.69
v 13.78 12.510000000000002 3.69
v 13.78 12.510000000000002 3.97
v 13.62 12.510000000000002 3.97
f 11931 11932 11933
f 11931 11933 11934
v 13.62 12.57 3.69
v 13.62 12.57 3.97
v 13.78 12.57 3.97
v 13.78 12.57 3.69
f 11935 11936 11937
f 11935 11937 11938
v 13.62 12.510000000000002 3.69
v 13.62 12.57 3.69
v 13.78 12.57 3.69
v 13.78 12.510000000000002 3.69
f 11939 11940 11941
f 11939 11941 11942
v 13.62 12.510000000000002 3.97
v 13.78 12.510000000000002 3.97
v 13.78 12.57 3.97
v 13.62 12.57 3.97
f 11943 11944 11945
f 11943 11945 11946
usemtl c_255_163_56
v 13.77 12.600000000000001 3.7800000000000002
v 13.764671567275789 12.573212159734446 3.7800000000000002
v 13.759748737341528 12.575251262658472 3.753212159734444
v 13.764671567275789 12.600000000000001 3.753212159734444
f 11947 11948 11949
f 11947 11949 11950
v 13.764671567275789 12.600000000000001 3.8067878402655566
v 13.759748737341528 12.575251262658472 3.8067878402655566
v 13.764671567275789 12.573212159734446 3.7800000000000002
v 13.77 12.600000000000001 3.7800000000000002
f 11951 11952 11953
f 11951 11953 11954
v 13.764671567275789 12.600000000000001 3.753212159734444
v 13.759748737341528 12.575251262658472 3.753212159734444
v 13.745729703770673 12.581058136494885 3.730502525316942
v 13.749497474683057 12.600000000000001 3.730502525316942
f 11955 11956 11957
f 11955 11957 11958
v 13.749497474683057 12.600000000000001 3.8294974746830586
v 13.745729703770673 12.581058136494885 3.8294974746830586
v 13.759748737341528 12.575251262658472 3.8067878402655566
v 13.764671567275789 12.600000000000001 3.8067878402655566
f 11959 11960 11961
f 11959 11961 11962
v 13.749497474683057 12.600000000000001 3.730502525316942
v 13.745729703770673 12.581058136494885 3.730502525316942
v 13.724748737341528 12.58974873734153 3.71532843272421
v 13.726787840265555 12.600000000000001 3.71532843272421
f 11963 11964 11965
f 11963 11965 11966
v 13.726787840265555 12.600000000000001 3.8446715672757903
v 13.724748737341528 12.58974873734153 3.8446715672757903
v 13.745729703770673 12.581058136494885 3.8294974746830586
v 13.749497474683057 12.600000000000001 3.8294974746830586
f 11967 11968 11969
f 11967 11969 11970
v 13.726787840265555 12.600000000000001 3.71532843272421
v 13.724748737341528 12.58974873734153 3.71532843272421
v 13.7 12.600000000000001 3.7100000000000004
f 11971 11972 11973
v 13.7 12.600000000000001 3.85
v 13.724748737341528 12.58974873734153 3.8446715672757903
v 13.726787840265555 12.600000000000001 3.8446715672757903
f 11974 11975 11976
v 13.764671567275789 12.573212159734446 3.7800000000000002
v 13.749497474683057 12.550502525316944 3.7800000000000002
v 13.745729703770673 12.554270296229328 3.753212159734444
v 13.759748737341528 12.575251262658472 3.753212159734444
f 11977 11978 11979
f 11977 11979 11980
v 13.759748737341528 12.575251262658472 3.8067878402655566
v 13.745729703770673 12.554270296229328 3.8067878402655566
v 13.749497474683057 12.550502525316944 3.7800000000000002
v 13.764671567275789 12.573212159734446 3.7800000000000002
f 11981 11982 11983
f 11981 11983 11984
v 13.759748737341528 12.575251262658472 3.753212159734444
v 13.745729703770673 12.554270296229328 3.753212159734444
v 13.735 12.565000000000001 3.730502525316942
v 13.745729703770673 12.581058136494885 3.730502525316942
f 11985 11986 11987
f 11985 11987 11988
v 13.745729703770673 12.581058136494885 3.8294974746830586
v 13.735 12.565000000000001 3.8294974746830586
v 13.745729703770673 12.554270296229328 3.8067878402655566
v 13.759748737341528 12.575251262658472 3.8067878402655566
f 11989 11990 11991
f 11989 11991 11992
v 13.745729703770673 12.581058136494885 3.730502525316942
v 13.735 12.565000000000001 3.730502525316942
v 13.718941863505115 12.581058136494885 3.71532843272421
v 13.724748737341528 12.58974873734153 3.71532843272421
f 11993 11994 11995
f 11993 11995 11996
v 13.724748737341528 12.58974873734153 3.8446715672757903
v 13.718941863505115 12.581058136494885 3.8446715672757903
v 13.735 12.565000000000001 3.8294974746830586
v 13.745729703770673 12.581058136494885 3.8294974746830586
f 11997 11998 11999
f 11997 11999 12000
v 13.724748737341528 12.58974873734153 3.71532843272421
v 13.718941863505115 12.581058136494885 3.71532843272421
v 13.7 12.600000000000001 3.7100000000000004
f 12001 12002 12003
v 13.7 12.600000000000001 3.85
v 13.718941863505115 12.581058136494885 3.8446715672757903
v 13.724748737341528 12.58974873734153 3.8446715672757903
f 12004 12005 12006
v 13.749497474683057 12.550502525316944 3.7800000000000002
v 13.726787840265555 12.535328432724212 3.7800000000000002
v 13.724748737341528 12.540251262658472 3.753212159734444
v 13.745729703770673 12.554270296229328 3.753212159734444
f 12007 12008 12009
f 12007 12009 12010
v 13.745729703770673 12.554270296229328 3.8067878402655566
v 13.724748737341528 12.540251262658472 3.8067878402655566
v 13.726787840265555 12.535328432724212 3.7800000000000002
v 13.749497474683057 12.550502525316944 3.7800000000000002
f 12011 12012 12013
f 12011 12013 12014
v 13.745729703770673 12.554270296229328 3.753212159734444
v 13.724748737341528 12.540251262658472 3.753212159734444
v 13.718941863505115 12.554270296229328 3.730502525316942
v 13.735 12.565000000000001 3.730502525316942
f 12015 12016 12017
f 12015 12017 12018
v 13.735 12.565000000000001 3.8294974746830586
v 13.718941863505115 12.554270296229328 3.8294974746830586
v 13.724748737341528 12.540251262658472 3.8067878402655566
v 13.745729703770673 12.554270296229328 3.8067878402655566
f 12019 12020 12021
f 12019 12021 12022
v 13.735 12.565000000000001 3.730502525316942
v 13.718941863505115 12.554270296229328 3.730502525316942
v 13.71025126265847 12.575251262658472 3.71532843272421
v 13.718941863505115 12.581058136494885 3.71532843272421
f 12023 12024 12025
f 12023 12025 12026
v 13.718941863505115 12.581058136494885 3.8446715672757903
v 13.71025126265847 12.575251262658472 3.8446715672757903
v 13.718941863505115 12.554270296229328 3.8294974746830586
v 13.735 12.565000000000001 3.8294974746830586
f 12027 12028 12029
f 12027 12029 12030
v 13.718941863505115 12.581058136494885 3.71532843272421
v 13.71025126265847 12.575251262658472 3.71532843272421
v 13.7 12.600000000000001 3.7100000000000004
f 12031 12032 12033
v 13.7 12.600000000000001 3.85
v 13.71025126265847 12.575251262658472 3.8446715672757903
v 13.718941863505115 12.581058136494885 3.8446715672757903
f 12034 12035 12036
v 13.726787840265555 12.535328432724212 3.7800000000000002
v 13.7 12.530000000000001 3.7800000000000002
v 13.7 12.535328432724212 3.753212159734444
v 13.724748737341528 12.540251262658472 3.753212159734444
f 12037 12038 12039
f 12037 12039 12040
v 13.724748737341528 12.540251262658472 3.8067878402655566
v 13.7 12.535328432724212 3.8067878402655566
v 13.7 12.530000000000001 3.7800000000000002
v 13.726787840265555 12.535328432724212 3.7800000000000002
f 12041 12042 12043
f 12041 12043 12044
v 13.724748737341528 12.540251262658472 3.753212159734444
v 13.7 12.535328432724212 3.753212159734444
v 13.7 12.550502525316944 3.730502525316942
v 13.718941863505115 12.554270296229328 3.730502525316942
f 12045 12046 12047
f 12045 12047 12048
v 13.718941863505115 12.554270296229328 3.8294974746830586
v 13.7 12.550502525316944 3.8294974746830586
v 13.7 12.535328432724212 3.8067878402655566
v 13.724748737341528 12.540251262658472 3.8067878402655566
f 12049 12050 12051
f 12049 12051 12052
v 13.718941863505115 12.554270296229328 3.730502525316942
v 13.7 12.550502525316944 3.730502525316942
v 13.7 12.573212159734446 3.71532843272421
v 13.71025126265847 12.575251262658472 3.71532843272421
f 12053 12054 12055
f 12053 12055 12056
v 13.71025126265847 12.575251262658472 3.8446715672757903
v 13.7 12.573212159734446 3.8446715672757903
v 13.7 12.550502525316944 3.8294974746830586
v 13.718941863505115 12.554270296229328 3.8294974746830586
f 12057 12058 12059
f 12057 12059 12060
v 13.71025126265847 12.575251262658472 3.71532843272421
v 13.7 12.573212159734446 3.71532843272421
v 13.7 12.600000000000001 3.7100000000000004
f 12061 12062 12063
v 13.7 12.600000000000001 3.85
v 13.7 12.573212159734446 3.8446715672757903
v 13.71025126265847 12.575251262658472 3.8446715672757903
f 12064 12065 12066
v 13.7 12.530000000000001 3.7800000000000002
v 13.673212159734444 12.535328432724212 3.7800000000000002
v 13.67525126265847 12.540251262658472 3.753212159734444
v 13.7 12.535328432724212 3.753212159734444
f 12067 12068 12069
f 12067 12069 12070
v 13.7 12.535328432724212 3.8067878402655566
v 13.67525126265847 12.540251262658472 3.8067878402655566
v 13.673212159734444 12.535328432724212 3.7800000000000002
v 13.7 12.530000000000001 3.7800000000000002
f 12071 12072 12073
f 12071 12073 12074
v 13.7 12.535328432724212 3.753212159734444
v 13.67525126265847 12.540251262658472 3.753212159734444
v 13.681058136494883 12.554270296229328 3.730502525316942
v 13.7 12.550502525316944 3.730502525316942
f 12075 12076 12077
f 12075 12077 12078
v 13.7 12.550502525316944 3.8294974746830586
v 13.681058136494883 12.554270296229328 3.8294974746830586
v 13.67525126265847 12.540251262658472 3.8067878402655566
v 13.7 12.535328432724212 3.8067878402655566
f 12079 12080 12081
f 12079 12081 12082
v 13.7 12.550502525316944 3.730502525316942
v 13.681058136494883 12.554270296229328 3.730502525316942
v 13.689748737341528 12.575251262658472 3.71532843272421
v 13.7 12.573212159734446 3.71532843272421
f 12083 12084 12085
f 12083 12085 12086
v 13.7 12.573212159734446 3.8446715672757903
v 13.689748737341528 12.575251262658472 3.8446715672757903
v 13.681058136494883 12.554270296229328 3.8294974746830586
v 13.7 12.550502525316944 3.8294974746830586
f 12087 12088 12089
f 12087 12089 12090
v 13.7 12.573212159734446 3.71532843272421
v 13.689748737341528 12.575251262658472 3.71532843272421
v 13.7 12.600000000000001 3.7100000000000004
f 12091 12092 12093
v 13.7 12.600000000000001 3.85
v 13.689748737341528 12.575251262658472 3.8446715672757903
v 13.7 12.573212159734446 3.8446715672757903
f 12094 12095 12096
v 13.673212159734444 12.535328432724212 3.7800000000000002
v 13.650502525316941 12.550502525316944 3.7800000000000002
v 13.654270296229326 12.554270296229328 3.753212159734444
v 13.67525126265847 12.540251262658472 3.753212159734444
f 12097 12098 12099
f 12097 12099 12100
v 13.67525126265847 12.540251262658472 3.8067878402655566
v 13.654270296229326 12.554270296229328 3.8067878402655566
v 13.650502525316941 12.550502525316944 3.7800000000000002
v 13.673212159734444 12.535328432724212 3.7800000000000002
f 12101 12102 12103
f 12101 12103 12104
v 13.67525126265847 12.540251262658472 3.753212159734444
v 13.654270296229326 12.554270296229328 3.753212159734444
v 13.665 12.565000000000001 3.730502525316942
v 13.681058136494883 12.554270296229328 3.730502525316942
f 12105 12106 12107
f 12105 12107 12108
v 13.681058136494883 12.554270296229328 3.8294974746830586
v 13.665 12.565000000000001 3.8294974746830586
v 13.654270296229326 12.554270296229328 3.8067878402655566
v 13.67525126265847 12.540251262658472 3.8067878402655566
f 12109 12110 12111
f 12109 12111 12112
v 13.681058136494883 12.554270296229328 3.730502525316942
v 13.665 12.565000000000001 3.730502525316942
v 13.681058136494883 12.581058136494885 3.71532843272421
v 13.689748737341528 12.575251262658472 3.71532843272421
f 12113 12114 12115
f 12113 12115 12116
v 13.689748737341528 12.575251262658472 3.8446715672757903
v 13.681058136494883 12.581058136494885 3.8446715672757903
v 13.665 12.565000000000001 3.8294974746830586
v 13.681058136494883 12.554270296229328 3.8294974746830586
f 12117 12118 12119
f 12117 12119 12120
v 13.689748737341528 12.575251262658472 3.71532843272421
v 13.681058136494883 12.581058136494885 3.71532843272421
v 13.7 12.600000000000001 3.7100000000000004
f 12121 12122 12123
v 13.7 12.600000000000001 3.85
v 13.681058136494883 12.581058136494885 3.8446715672757903
v 13.689748737341528 12.575251262658472 3.8446715672757903
f 12124 12125 12126
v 13.650502525316941 12.550502525316944 3.7800000000000002
v 13.63532843272421 12.573212159734446 3.7800000000000002
v 13.64025126265847 12.575251262658472 3.753212159734444
v 13.654270296229326 12.554270296229328 3.753212159734444
f 12127 12128 12129
f 12127 12129 12130
v 13.654270296229326 12.554270296229328 3.8067878402655566
v 13.64025126265847 12.575251262658472 3.8067878402655566
v 13.63532843272421 12.573212159734446 3.7800000000000002
v 13.650502525316941 12.550502525316944 3.7800000000000002
f 12131 12132 12133
f 12131 12133 12134
v 13.654270296229326 12.554270296229328 3.753212159734444
v 13.64025126265847 12.575251262658472 3.753212159734444
v 13.654270296229326 12.581058136494885 3.730502525316942
v 13.665 12.565000000000001 3.730502525316942
f 12135 12136 12137
f 12135 12137 12138
v 13.665 12.565000000000001 3.8294974746830586
v 13.654270296229326 12.581058136494885 3.8294974746830586
v 13.64025126265847 12.575251262658472 3.8067878402655566
v 13.654270296229326 12.554270296229328 3.8067878402655566
f 12139 12140 12141
f 12139 12141 12142
v 13.665 12.565000000000001 3.730502525316942
v 13.654270296229326 12.581058136494885 3.730502525316942
v 13.67525126265847 12.58974873734153 3.71532843272421
v 13.681058136494883 12.581058136494885 3.71532843272421
f 12143 12144 12145
f 12143 12145 12146
v 13.681058136494883 12.581058136494885 3.8446715672757903
v 13.67525126265847 12.58974873734153 3.8446715672757903
v 13.654270296229326 12.581058136494885 3.8294974746830586
v 13.665 12.565000000000001 3.8294974746830586
f 12147 12148 12149
f 12147 12149 12150
v 13.681058136494883 12.581058136494885 3.71532843272421
v 13.67525126265847 12.58974873734153 3.71532843272421
v 13.7 12.600000000000001 3.7100000000000004
f 12151 12152 12153
v 13.7 12.600000000000001 3.85
v 13.67525126265847 12.58974873734153 3.8446715672757903
v 13.681058136494883 12.581058136494885 3.8446715672757903
f 12154 12155 12156
v 13.63532843272421 12.573212159734446 3.7800000000000002
v 13.629999999999999 12.600000000000001 3.7800000000000002
v 13.63532843272421 12.600000000000001 3.753212159734444
v 13.64025126265847 12.575251262658472 3.753212159734444
f 12157 12158 12159
f 12157 12159 12160
v 13.64025126265847 12.575251262658472 3.8067878402655566
v 13.63532843272421 12.600000000000001 3.8067878402655566
v 13.629999999999999 12.600000000000001 3.7800000000000002
v 13.63532843272421 12.573212159734446 3.7800000000000002
f 12161 12162 12163
f 12161 12163 12164
v 13.64025126265847 12.575251262658472 3.753212159734444
v 13.63532843272421 12.600000000000001 3.753212159734444
v 13.650502525316941 12.600000000000001 3.730502525316942
v 13.654270296229326 12.581058136494885 3.730502525316942
f 12165 12166 12167
f 12165 12167 12168
v 13.654270296229326 12.581058136494885 3.8294974746830586
v 13.650502525316941 12.600000000000001 3.8294974746830586
v 13.63532843272421 12.600000000000001 3.8067878402655566
v 13.64025126265847 12.575251262658472 3.8067878402655566
f 12169 12170 12171
f 12169 12171 12172
v 13.654270296229326 12.581058136494885 3.730502525316942
v 13.650502525316941 12.600000000000001 3.730502525316942
v 13.673212159734444 12.600000000000001 3.71532843272421
v 13.67525126265847 12.58974873734153 3.71532843272421
f 12173 12174 12175
f 12173 12175 12176
v 13.67525126265847 12.58974873734153 3.8446715672757903
v 13.673212159734444 12.600000000000001 3.8446715672757903
v 13.650502525316941 12.600000000000001 3.8294974746830586
v 13.654270296229326 12.581058136494885 3.8294974746830586
f 12177 12178 12179
f 12177 12179 12180
v 13.67525126265847 12.58974873734153 3.71532843272421
v 13.673212159734444 12.600000000000001 3.71532843272421
v 13.7 12.600000000000001 3.7100000000000004
f 12181 12182 12183
v 13.7 12.600000000000001 3.85
v 13.673212159734444 12.600000000000001 3.8446715672757903
v 13.67525126265847 12.58974873734153 3.8446715672757903
f 12184 12185 12186
v 13.629999999999999 12.600000000000001 3.7800000000000002
v 13.63532843272421 12.626787840265557 3.7800000000000002
v 13.64025126265847 12.62474873734153 3.753212159734444
v 13.63532843272421 12.600000000000001 3.753212159734444
f 12187 12188 12189
f 12187 12189 12190
v 13.63532843272421 12.600000000000001 3.8067878402655566
v 13.64025126265847 12.62474873734153 3.8067878402655566
v 13.63532843272421 12.626787840265557 3.7800000000000002
v 13.629999999999999 12.600000000000001 3.7800000000000002
f 12191 12192 12193
f 12191 12193 12194
v 13.63532843272421 12.600000000000001 3.753212159734444
v 13.64025126265847 12.62474873734153 3.753212159734444
v 13.654270296229326 12.618941863505118 3.730502525316942
v 13.650502525316941 12.600000000000001 3.730502525316942
f 12195 12196 12197
f 12195 12197 12198
v 13.650502525316941 12.600000000000001 3.8294974746830586
v 13.654270296229326 12.618941863505118 3.8294974746830586
v 13.64025126265847 12.62474873734153 3.8067878402655566
v 13.63532843272421 12.600000000000001 3.8067878402655566
f 12199 12200 12201
f 12199 12201 12202
v 13.650502525316941 12.600000000000001 3.730502525316942
v 13.654270296229326 12.618941863505118 3.730502525316942
v 13.67525126265847 12.610251262658473 3.71532843272421
v 13.673212159734444 12.600000000000001 3.71532843272421
f 12203 12204 12205
f 12203 12205 12206
v 13.673212159734444 12.600000000000001 3.8446715672757903
v 13.67525126265847 12.610251262658473 3.8446715672757903
v 13.654270296229326 12.618941863505118 3.8294974746830586
v 13.650502525316941 12.600000000000001 3.8294974746830586
f 12207 12208 12209
f 12207 12209 12210
v 13.673212159734444 12.600000000000001 3.71532843272421
v 13.67525126265847 12.610251262658473 3.71532843272421
v 13.7 12.600000000000001 3.7100000000000004
f 12211 12212 12213
v 13.7 12.600000000000001 3.85
v 13.67525126265847 12.610251262658473 3.8446715672757903
v 13.673212159734444 12.600000000000001 3.8446715672757903
f 12214 12215 12216
v 13.63532843272421 12.626787840265557 3.7800000000000002
v 13.650502525316941 12.64949747468306 3.7800000000000002
v 13.654270296229326 12.645729703770675 3.753212159734444
v 13.64025126265847 12.62474873734153 3.753212159734444
f 12217 12218 12219
f 12217 12219 12220
v 13.64025126265847 12.62474873734153 3.8067878402655566
v 13.654270296229326 12.645729703770675 3.8067878402655566
v 13.650502525316941 12.64949747468306 3.7800000000000002
v 13.63532843272421 12.626787840265557 3.7800000000000002
f 12221 12222 12223
f 12221 12223 12224
v 13.64025126265847 12.62474873734153 3.753212159734444
v 13.654270296229326 12.645729703770675 3.753212159734444
v 13.665 12.635000000000002 3.730502525316942
v 13.654270296229326 12.618941863505118 3.730502525316942
f 12225 12226 12227
f 12225 12227 12228
v 13.654270296229326 12.618941863505118 3.8294974746830586
v 13.665 12.635000000000002 3.8294974746830586
v 13.654270296229326 12.645729703770675 3.8067878402655566
v 13.64025126265847 12.62474873734153 3.8067878402655566
f 12229 12230 12231
f 12229 12231 12232
v 13.654270296229326 12.618941863505118 3.730502525316942
v 13.665 12.635000000000002 3.730502525316942
v 13.681058136494883 12.618941863505118 3.71532843272421
v 13.67525126265847 12.610251262658473 3.71532843272421
f 12233 12234 12235
f 12233 12235 12236
v 13.67525126265847 12.610251262658473 3.8446715672757903
v 13.681058136494883 12.618941863505118 3.8446715672757903
v 13.665 12.635000000000002 3.8294974746830586
v 13.654270296229326 12.618941863505118 3.8294974746830586
f 12237 12238 12239
f 12237 12239 12240
v 13.67525126265847 12.610251262658473 3.71532843272421
v 13.681058136494883 12.618941863505118 3.71532843272421
v 13.7 12.600000000000001 3.7100000000000004
f 12241 12242 12243
v 13.7 12.600000000000001 3.85
v 13.681058136494883 12.618941863505118 3.8446715672757903
v 13.67525126265847 12.610251262658473 3.8446715672757903
f 12244 12245 12246
v 13.650502525316941 12.64949747468306 3.7800000000000002
v 13.673212159734444 12.664671567275791 3.7800000000000002
v 13.67525126265847 12.65974873734153 3.753212159734444
v 13.654270296229326 12.645729703770675 3.753212159734444
f 12247 12248 12249
f 12247 12249 12250
v 13.654270296229326 12.645729703770675 3.8067878402655566
v 13.67525126265847 12.65974873734153 3.8067878402655566
v 13.673212159734444 12.664671567275791 3.7800000000000002
v 13.650502525316941 12.64949747468306 3.7800000000000002
f 12251 12252 12253
f 12251 12253 12254
v 13.654270296229326 12.645729703770675 3.753212159734444
v 13.67525126265847 12.65974873734153 3.753212159734444
v 13.681058136494883 12.645729703770675 3.730502525316942
v 13.665 12.635000000000002 3.730502525316942
f 12255 12256 12257
f 12255 12257 12258
v 13.665 12.635000000000002 3.8294974746830586
v 13.681058136494883 12.645729703770675 3.8294974746830586
v 13.67525126265847 12.65974873734153 3.8067878402655566
v 13.654270296229326 12.645729703770675 3.8067878402655566
f 12259 12260 12261
f 12259 12261 12262
v 13.665 12.635000000000002 3.730502525316942
v 13.681058136494883 12.645729703770675 3.730502525316942
v 13.689748737341528 12.62474873734153 3.71532843272421
v 13.681058136494883 12.618941863505118 3.71532843272421
f 12263 12264 12265
f 12263 12265 12266
v 13.681058136494883 12.618941863505118 3.8446715672757903
v 13.689748737341528 12.62474873734153 3.8446715672757903
v 13.681058136494883 12.645729703770675 3.8294974746830586
v 13.665 12.635000000000002 3.8294974746830586
f 12267 12268 12269
f 12267 12269 12270
v 13.681058136494883 12.618941863505118 3.71532843272421
v 13.689748737341528 12.62474873734153 3.71532843272421
v 13.7 12.600000000000001 3.7100000000000004
f 12271 12272 12273
v 13.7 12.600000000000001 3.85
v 13.689748737341528 12.62474873734153 3.8446715672757903
v 13.681058136494883 12.618941863505118 3.8446715672757903
f 12274 12275 12276
v 13.673212159734444 12.664671567275791 3.7800000000000002
v 13.7 12.670000000000002 3.7800000000000002
v 13.7 12.664671567275791 3.753212159734444
v 13.67525126265847 12.65974873734153 3.753212159734444
f 12277 12278 12279
f 12277 12279 12280
v 13.67525126265847 12.65974873734153 3.8067878402655566
v 13.7 12.664671567275791 3.8067878402655566
v 13.7 12.670000000000002 3.7800000000000002
v 13.673212159734444 12.664671567275791 3.7800000000000002
f 12281 12282 12283
f 12281 12283 12284
v 13.67525126265847 12.65974873734153 3.753212159734444
v 13.7 12.664671567275791 3.753212159734444
v 13.7 12.64949747468306 3.730502525316942
v 13.681058136494883 12.645729703770675 3.730502525316942
f 12285 12286 12287
f 12285 12287 12288
v 13.681058136494883 12.645729703770675 3.8294974746830586
v 13.7 12.64949747468306 3.8294974746830586
v 13.7 12.664671567275791 3.8067878402655566
v 13.67525126265847 12.65974873734153 3.8067878402655566
f 12289 12290 12291
f 12289 12291 12292
v 13.681058136494883 12.645729703770675 3.730502525316942
v 13.7 12.64949747468306 3.730502525316942
v 13.7 12.626787840265557 3.71532843272421
v 13.689748737341528 12.62474873734153 3.71532843272421
f 12293 12294 12295
f 12293 12295 12296
v 13.689748737341528 12.62474873734153 3.8446715672757903
v 13.7 12.626787840265557 3.8446715672757903
v 13.7 12.64949747468306 3.8294974746830586
v 13.681058136494883 12.645729703770675 3.8294974746830586
f 12297 12298 12299
f 12297 12299 12300
v 13.689748737341528 12.62474873734153 3.71532843272421
v 13.7 12.626787840265557 3.71532843272421
v 13.7 12.600000000000001 3.7100000000000004
f 12301 12302 12303
v 13.7 12.600000000000001 3.85
v 13.7 12.626787840265557 3.8446715672757903
v 13.689748737341528 12.62474873734153 3.8446715672757903
f 12304 12305 12306
v 13.7 12.670000000000002 3.7800000000000002
v 13.726787840265555 12.664671567275791 3.7800000000000002
v 13.724748737341528 12.65974873734153 3.753212159734444
v 13.7 12.664671567275791 3.753212159734444
f 12307 12308 12309
f 12307 12309 12310
v 13.7 12.664671567275791 3.8067878402655566
v 13.724748737341528 12.65974873734153 3.8067878402655566
v 13.726787840265555 12.664671567275791 3.7800000000000002
v 13.7 12.670000000000002 3.7800000000000002
f 12311 12312 12313
f 12311 12313 12314
v 13.7 12.664671567275791 3.753212159734444
v 13.724748737341528 12.65974873734153 3.753212159734444
v 13.718941863505115 12.645729703770675 3.730502525316942
v 13.7 12.64949747468306 3.730502525316942
f 12315 12316 12317
f 12315 12317 12318
v 13.7 12.64949747468306 3.8294974746830586
v 13.718941863505115 12.645729703770675 3.8294974746830586
v 13.724748737341528 12.65974873734153 3.8067878402655566
v 13.7 12.664671567275791 3.8067878402655566
f 12319 12320 12321
f 12319 12321 12322
v 13.7 12.64949747468306 3.730502525316942
v 13.718941863505115 12.645729703770675 3.730502525316942
v 13.71025126265847 12.62474873734153 3.71532843272421
v 13.7 12.626787840265557 3.71532843272421
f 12323 12324 12325
f 12323 12325 12326
v 13.7 12.626787840265557 3.8446715672757903
v 13.71025126265847 12.62474873734153 3.8446715672757903
v 13.718941863505115 12.645729703770675 3.8294974746830586
v 13.7 12.64949747468306 3.8294974746830586
f 12327 12328 12329
f 12327 12329 12330
v 13.7 12.626787840265557 3.71532843272421
v 13.71025126265847 12.62474873734153 3.71532843272421
v 13.7 12.600000000000001 3.7100000000000004
f 12331 12332 12333
v 13.7 12.600000000000001 3.85
v 13.71025126265847 12.62474873734153 3.8446715672757903
v 13.7 12.626787840265557 3.8446715672757903
f 12334 12335 12336
v 13.726787840265555 12.664671567275791 3.7800000000000002
v 13.749497474683057 12.64949747468306 3.7800000000000002
v 13.745729703770673 12.645729703770675 3.753212159734444
v 13.724748737341528 12.65974873734153 3.753212159734444
f 12337 12338 12339
f 12337 12339 12340
v 13.724748737341528 12.65974873734153 3.8067878402655566
v 13.745729703770673 12.645729703770675 3.8067878402655566
v 13.749497474683057 12.64949747468306 3.7800000000000002
v 13.726787840265555 12.664671567275791 3.7800000000000002
f 12341 12342 12343
f 12341 12343 12344
v 13.724748737341528 12.65974873734153 3.753212159734444
v 13.745729703770673 12.645729703770675 3.753212159734444
v 13.735 12.635000000000002 3.730502525316942
v 13.718941863505115 12.645729703770675 3.730502525316942
f 12345 12346 12347
f 12345 12347 12348
v 13.718941863505115 12.645729703770675 3.8294974746830586
v 13.735 12.635000000000002 3.8294974746830586
v 13.745729703770673 12.645729703770675 3.8067878402655566
v 13.724748737341528 12.65974873734153 3.8067878402655566
f 12349 12350 12351
f 12349 12351 12352
v 13.718941863505115 12.645729703770675 3.730502525316942
v 13.735 12.635000000000002 3.730502525316942
v 13.718941863505115 12.618941863505118 3.71532843272421
v 13.71025126265847 12.62474873734153 3.71532843272421
f 12353 12354 12355
f 12353 12355 12356
v 13.71025126265847 12.62474873734153 3.8446715672757903
v 13.718941863505115 12.618941863505118 3.8446715672757903
v 13.735 12.635000000000002 3.8294974746830586
v 13.718941863505115 12.645729703770675 3.8294974746830586
f 12357 12358 12359
f 12357 12359 12360
v 13.71025126265847 12.62474873734153 3.71532843272421
v 13.718941863505115 12.618941863505118 3.71532843272421
v 13.7 12.600000000000001 3.7100000000000004
f 12361 12362 12363
v 13.7 12.600000000000001 3.85
v 13.718941863505115 12.618941863505118 3.8446715672757903
v 13.71025126265847 12.62474873734153 3.8446715672757903
f 12364 12365 12366
v 13.749497474683057 12.64949747468306 3.7800000000000002
v 13.764671567275789 12.626787840265557 3.7800000000000002
v 13.759748737341528 12.62474873734153 3.753212159734444
v 13.745729703770673 12.645729703770675 3.753212159734444
f 12367 12368 12369
f 12367 12369 12370
v 13.745729703770673 12.645729703770675 3.8067878402655566
v 13.759748737341528 12.62474873734153 3.8067878402655566
v 13.764671567275789 12.626787840265557 3.7800000000000002
v 13.749497474683057 12.64949747468306 3.7800000000000002
f 12371 12372 12373
f 12371 12373 12374
v 13.745729703770673 12.645729703770675 3.753212159734444
v 13.759748737341528 12.62474873734153 3.753212159734444
v 13.745729703770673 12.618941863505118 3.730502525316942
v 13.735 12.635000000000002 3.730502525316942
f 12375 12376 12377
f 12375 12377 12378
v 13.735 12.635000000000002 3.8294974746830586
v 13.745729703770673 12.618941863505118 3.8294974746830586
v 13.759748737341528 12.62474873734153 3.8067878402655566
v 13.745729703770673 12.645729703770675 3.8067878402655566
f 12379 12380 12381
f 12379 12381 12382
v 13.735 12.635000000000002 3.730502525316942
v 13.745729703770673 12.618941863505118 3.730502525316942
v 13.724748737341528 12.610251262658473 3.71532843272421
v 13.718941863505115 12.618941863505118 3.71532843272421
f 12383 12384 12385
f 12383 12385 12386
v 13.718941863505115 12.618941863505118 3.8446715672757903
v 13.724748737341528 12.610251262658473 3.8446715672757903
v 13.745729703770673 12.618941863505118 3.8294974746830586
v 13.735 12.635000000000002 3.8294974746830586
f 12387 12388 12389
f 12387 12389 12390
v 13.718941863505115 12.618941863505118 3.71532843272421
v 13.724748737341528 12.610251262658473 3.71532843272421
v 13.7 12.600000000000001 3.7100000000000004
f 12391 12392 12393
v 13.7 12.600000000000001 3.85
v 13.724748737341528 12.610251262658473 3.8446715672757903
v 13.718941863505115 12.618941863505118 3.8446715672757903
f 12394 12395 12396
v 13.764671567275789 12.626787840265557 3.7800000000000002
v 13.77 12.600000000000001 3.7800000000000002
v 13.764671567275789 12.600000000000001 3.753212159734444
v 13.759748737341528 12.62474873734153 3.753212159734444
f 12397 12398 12399
f 12397 12399 12400
v 13.759748737341528 12.62474873734153 3.8067878402655566
v 13.764671567275789 12.600000000000001 3.8067878402655566
v 13.77 12.600000000000001 3.7800000000000002
v 13.764671567275789 12.626787840265557 3.7800000000000002
f 12401 12402 12403
f 12401 12403 12404
v 13.759748737341528 12.62474873734153 3.753212159734444
v 13.764671567275789 12.600000000000001 3.753212159734444
v 13.749497474683057 12.600000000000001 3.730502525316942
v 13.745729703770673 12.618941863505118 3.730502525316942
f 12405 12406 12407
f 12405 12407 12408
v 13.745729703770673 12.618941863505118 3.8294974746830586
v 13.749497474683057 12.600000000000001 3.8294974746830586
v 13.764671567275789 12.600000000000001 3.8067878402655566
v 13.759748737341528 12.62474873734153 3.8067878402655566
f 12409 12410 12411
f 12409 12411 12412
v 13.745729703770673 12.618941863505118 3.730502525316942
v 13.749497474683057 12.600000000000001 3.730502525316942
v 13.726787840265555 12.600000000000001 3.71532843272421
v 13.724748737341528 12.610251262658473 3.71532843272421
f 12413 12414 12415
f 12413 12415 12416
v 13.724748737341528 12.610251262658473 3.8446715672757903
v 13.726787840265555 12.600000000000001 3.8446715672757903
v 13.749497474683057 12.600000000000001 3.8294974746830586
v 13.745729703770673 12.618941863505118 3.8294974746830586
f 12417 12418 12419
f 12417 12419 12420
v 13.724748737341528 12.610251262658473 3.71532843272421
v 13.726787840265555 12.600000000000001 3.71532843272421
v 13.7 12.600000000000001 3.7100000000000004
f 12421 12422 12423
v 13.7 12.600000000000001 3.85
v 13.726787840265555 12.600000000000001 3.8446715672757903
v 13.724748737341528 12.610251262658473 3.8446715672757903
f 12424 12425 12426
usemtl c_102_99_93
v -2.3999999999999995 -2.4050000000000002 -0.55
v -2.3999999999999995 -2.4050000000000002 4.359999999999999
v -2.3999999999999995 -1.167857142857143 4.359999999999999
v -2.3999999999999995 -1.167857142857143 -0.55
f 12427 12428 12429
f 12427 12429 12430
v 17.82 -2.4050000000000002 -0.55
v 17.82 -1.167857142857143 -0.55
v 17.82 -1.167857142857143 4.359999999999999
v 17.82 -2.4050000000000002 4.359999999999999
f 12431 12432 12433
f 12431 12433 12434
v -2.3999999999999995 -2.4050000000000002 -0.55
v 17.82 -2.4050000000000002 -0.55
v 17.82 -2.4050000000000002 4.359999999999999
v -2.3999999999999995 -2.4050000000000002 4.359999999999999
f 12435 12436 12437
f 12435 12437 12438
v -2.3999999999999995 -1.167857142857143 -0.55
v -2.3999999999999995 -1.167857142857143 4.359999999999999
v 17.82 -1.167857142857143 4.359999999999999
v 17.82 -1.167857142857143 -0.55
f 12439 12440 12441
f 12439 12441 12442
v -2.3999999999999995 -2.4050000000000002 -0.55
v -2.3999999999999995 -1.167857142857143 -0.55
v 17.82 -1.167857142857143 -0.55
v 17.82 -2.4050000000000002 -0.55
f 12443 12444 12445
f 12443 12445 12446
v -2.3999999999999995 -2.4050000000000002 4.359999999999999
v 17.82 -2.4050000000000002 4.359999999999999
v 17.82 -1.167857142857143 4.359999999999999
v -2.3999999999999995 -1.167857142857143 4.359999999999999
f 12447 12448 12449
f 12447 12449 12450
usemtl c_90_88_82
v -2.5 -2.4050000000000002 -0.55
v -2.5 -2.4050000000000002 4.359999999999999
v -2.5 -1.167857142857143 4.359999999999999
v -2.5 -1.167857142857143 -0.55
f 12451 12452 12453
f 12451 12453 12454
v 0.7000000000000003 -2.4050000000000002 -0.55
v 0.7000000000000003 -1.167857142857143 -0.55
v 0.7000000000000003 -1.167857142857143 4.359999999999999
v 0.7000000000000003 -2.4050000000000002 4.359999999999999
f 12455 12456 12457
f 12455 12457 12458
v -2.5 -2.4050000000000002 -0.55
v 0.7000000000000003 -2.4050000000000002 -0.55
v 0.7000000000000003 -2.4050000000000002 4.359999999999999
v -2.5 -2.4050000000000002 4.359999999999999
f 12459 12460 12461
f 12459 12461 12462
v -2.5 -1.167857142857143 -0.55
v -2.5 -1.167857142857143 4.359999999999999
v 0.7000000000000003 -1.167857142857143 4.359999999999999
v 0.7000000000000003 -1.167857142857143 -0.55
f 12463 12464 12465
f 12463 12465 12466
v -2.5 -2.4050000000000002 -0.55
v -2.5 -1.167857142857143 -0.55
v 0.7000000000000003 -1.167857142857143 -0.55
v 0.7000000000000003 -2.4050000000000002 -0.55
f 12467 12468 12469
f 12467 12469 12470
v -2.5 -2.4050000000000002 4.359999999999999
v 0.7000000000000003 -2.4050000000000002 4.359999999999999
v 0.7000000000000003 -1.167857142857143 4.359999999999999
v -2.5 -1.167857142857143 4.359999999999999
f 12471 12472 12473
f 12471 12473 12474
usemtl c_102_99_93
v -2.3999999999999995 -1.177857142857143 -0.55
v -2.3999999999999995 -1.177857142857143 4.359999999999999
v -2.3999999999999995 0.059285714285714275 4.359999999999999
v -2.3999999999999995 0.059285714285714275 -0.55
f 12475 12476 12477
f 12475 12477 12478
v 17.82 -1.177857142857143 -0.55
v 17.82 0.059285714285714275 -0.55
v 17.82 0.059285714285714275 4.359999999999999
v 17.82 -1.177857142857143 4.359999999999999
f 12479 12480 12481
f 12479 12481 12482
v -2.3999999999999995 -1.177857142857143 -0.55
v 17.82 -1.177857142857143 -0.55
v 17.82 -1.177857142857143 4.359999999999999
v -2.3999999999999995 -1.177857142857143 4.359999999999999
f 12483 12484 12485
f 12483 12485 12486
v -2.3999999999999995 0.059285714285714275 -0.55
v -2.3999999999999995 0.059285714285714275 4.359999999999999
v 17.82 0.059285714285714275 4.359999999999999
v 17.82 0.059285714285714275 -0.55
f 12487 12488 12489
f 12487 12489 12490
v -2.3999999999999995 -1.177857142857143 -0.55
v -2.3999999999999995 0.059285714285714275 -0.55
v 17.82 0.059285714285714275 -0.55
v 17.82 -1.177857142857143 -0.55
f 12491 12492 12493
f 12491 12493 12494
v -2.3999999999999995 -1.177857142857143 4.359999999999999
v 17.82 -1.177857142857143 4.359999999999999
v 17.82 0.059285714285714275 4.359999999999999
v -2.3999999999999995 0.059285714285714275 4.359999999999999
f 12495 12496 12497
f 12495 12497 12498
usemtl c_90_88_82
v -2.5 -1.177857142857143 -0.55
v -2.5 -1.177857142857143 4.359999999999999
v -2.5 0.059285714285714275 4.359999999999999
v -2.5 0.059285714285714275 -0.55
f 12499 12500 12501
f 12499 12501 12502
v 0.7000000000000003 -1.177857142857143 -0.55
v 0.7000000000000003 0.059285714285714275 -0.55
v 0.7000000000000003 0.059285714285714275 4.359999999999999
v 0.7000000000000003 -1.177857142857143 4.359999999999999
f 12503 12504 12505
f 12503 12505 12506
v -2.5 -1.177857142857143 -0.55
v 0.7000000000000003 -1.177857142857143 -0.55
v 0.7000000000000003 -1.177857142857143 4.359999999999999
v -2.5 -1.177857142857143 4.359999999999999
f 12507 12508 12509
f 12507 12509 12510
v -2.5 0.059285714285714275 -0.55
v -2.5 0.059285714285714275 4.359999999999999
v 0.7000000000000003 0.059285714285714275 4.359999999999999
v 0.7000000000000003 0.059285714285714275 -0.55
f 12511 12512 12513
f 12511 12513 12514
v -2.5 -1.177857142857143 -0.55
v -2.5 0.059285714285714275 -0.55
v 0.7000000000000003 0.059285714285714275 -0.55
v 0.7000000000000003 -1.177857142857143 -0.55
f 12515 12516 12517
f 12515 12517 12518
v -2.5 -1.177857142857143 4.359999999999999
v 0.7000000000000003 -1.177857142857143 4.359999999999999
v 0.7000000000000003 0.059285714285714275 4.359999999999999
v -2.5 0.059285714285714275 4.359999999999999
f 12519 12520 12521
f 12519 12521 12522
usemtl c_102_99_93
v -2.3999999999999995 0.049285714285714266 -0.55
v -2.3999999999999995 0.049285714285714266 4.359999999999999
v -2.3999999999999995 1.286428571428571 4.359999999999999
v -2.3999999999999995 1.286428571428571 -0.55
f 12523 12524 12525
f 12523 12525 12526
v 17.82 0.049285714285714266 -0.55
v 17.82 1.286428571428571 -0.55
v 17.82 1.286428571428571 4.359999999999999
v 17.82 0.049285714285714266 4.359999999999999
f 12527 12528 12529
f 12527 12529 12530
v -2.3999999999999995 0.049285714285714266 -0.55
v 17.82 0.049285714285714266 -0.55
v 17.82 0.049285714285714266 4.359999999999999
v -2.3999999999999995 0.049285714285714266 4.359999999999999
f 12531 12532 12533
f 12531 12533 12534
v -2.3999999999999995 1.286428571428571 -0.55
v -2.3999999999999995 1.286428571428571 4.359999999999999
v 17.82 1.286428571428571 4.359999999999999
v 17.82 1.286428571428571 -0.55
f 12535 12536 12537
f 12535 12537 12538
v -2.3999999999999995 0.049285714285714266 -0.55
v -2.3999999999999995 1.286428571428571 -0.55
v 17.82 1.286428571428571 -0.55
v 17.82 0.049285714285714266 -0.55
f 12539 12540 12541
f 12539 12541 12542
v -2.3999999999999995 0.049285714285714266 4.359999999999999
v 17.82 0.049285714285714266 4.359999999999999
v 17.82 1.286428571428571 4.359999999999999
v -2.3999999999999995 1.286428571428571 4.359999999999999
f 12543 12544 12545
f 12543 12545 12546
usemtl c_90_88_82
v -2.5 0.049285714285714266 -0.55
v -2.5 0.049285714285714266 4.359999999999999
v -2.5 1.286428571428571 4.359999999999999
v -2.5 1.286428571428571 -0.55
f 12547 12548 12549
f 12547 12549 12550
v 0.7000000000000003 0.049285714285714266 -0.55
v 0.7000000000000003 1.286428571428571 -0.55
v 0.7000000000000003 1.286428571428571 4.359999999999999
v 0.7000000000000003 0.049285714285714266 4.359999999999999
f 12551 12552 12553
f 12551 12553 12554
v -2.5 0.049285714285714266 -0.55
v 0.7000000000000003 0.049285714285714266 -0.55
v 0.7000000000000003 0.049285714285714266 4.359999999999999
v -2.5 0.049285714285714266 4.359999999999999
f 12555 12556 12557
f 12555 12557 12558
v -2.5 1.286428571428571 -0.55
v -2.5 1.286428571428571 4.359999999999999
v 0.7000000000000003 1.286428571428571 4.359999999999999
v 0.7000000000000003 1.286428571428571 -0.55
f 12559 12560 12561
f 12559 12561 12562
v -2.5 0.049285714285714266 -0.55
v -2.5 1.286428571428571 -0.55
v 0.7000000000000003 1.286428571428571 -0.55
v 0.7000000000000003 0.049285714285714266 -0.55
f 12563 12564 12565
f 12563 12565 12566
v -2.5 0.049285714285714266 4.359999999999999
v 0.7000000000000003 0.049285714285714266 4.359999999999999
v 0.7000000000000003 1.286428571428571 4.359999999999999
v -2.5 1.286428571428571 4.359999999999999
f 12567 12568 12569
f 12567 12569 12570
usemtl c_102_99_93
v -2.3999999999999995 1.2764285714285712 -0.55
v -2.3999999999999995 1.2764285714285712 4.028033428606934
v -2.3999999999999995 2.5135714285714283 4.028033428606934
v -2.3999999999999995 2.5135714285714283 -0.55
f 12571 12572 12573
f 12571 12573 12574
v 17.82 1.2764285714285712 -0.55
v 17.82 2.5135714285714283 -0.55
v 17.82 2.5135714285714283 4.028033428606934
v 17.82 1.2764285714285712 4.028033428606934
f 12575 12576 12577
f 12575 12577 12578
v -2.3999999999999995 1.2764285714285712 -0.55
v 17.82 1.2764285714285712 -0.55
v 17.82 1.2764285714285712 4.028033428606934
v -2.3999999999999995 1.2764285714285712 4.028033428606934
f 12579 12580 12581
f 12579 12581 12582
v -2.3999999999999995 2.5135714285714283 -0.55
v -2.3999999999999995 2.5135714285714283 4.028033428606934
v 17.82 2.5135714285714283 4.028033428606934
v 17.82 2.5135714285714283 -0.55
f 12583 12584 12585
f 12583 12585 12586
v -2.3999999999999995 1.2764285714285712 -0.55
v -2.3999999999999995 2.5135714285714283 -0.55
v 17.82 2.5135714285714283 -0.55
v 17.82 1.2764285714285712 -0.55
f 12587 12588 12589
f 12587 12589 12590
v -2.3999999999999995 1.2764285714285712 4.028033428606934
v 17.82 1.2764285714285712 4.028033428606934
v 17.82 2.5135714285714283 4.028033428606934
v -2.3999999999999995 2.5135714285714283 4.028033428606934
f 12591 12592 12593
f 12591 12593 12594
usemtl c_90_88_82
v -2.5 1.2764285714285712 -0.55
v -2.5 1.2764285714285712 4.028033428606934
v -2.5 2.5135714285714283 4.028033428606934
v -2.5 2.5135714285714283 -0.55
f 12595 12596 12597
f 12595 12597 12598
v 0.7000000000000003 1.2764285714285712 -0.55
v 0.7000000000000003 2.5135714285714283 -0.55
v 0.7000000000000003 2.5135714285714283 4.028033428606934
v 0.7000000000000003 1.2764285714285712 4.028033428606934
f 12599 12600 12601
f 12599 12601 12602
v -2.5 1.2764285714285712 -0.55
v 0.7000000000000003 1.2764285714285712 -0.55
v 0.7000000000000003 1.2764285714285712 4.028033428606934
v -2.5 1.2764285714285712 4.028033428606934
f 12603 12604 12605
f 12603 12605 12606
v -2.5 2.5135714285714283 -0.55
v -2.5 2.5135714285714283 4.028033428606934
v 0.7000000000000003 2.5135714285714283 4.028033428606934
v 0.7000000000000003 2.5135714285714283 -0.55
f 12607 12608 12609
f 12607 12609 12610
v -2.5 1.2764285714285712 -0.55
v -2.5 2.5135714285714283 -0.55
v 0.7000000000000003 2.5135714285714283 -0.55
v 0.7000000000000003 1.2764285714285712 -0.55
f 12611 12612 12613
f 12611 12613 12614
v -2.5 1.2764285714285712 4.028033428606934
v 0.7000000000000003 1.2764285714285712 4.028033428606934
v 0.7000000000000003 2.5135714285714283 4.028033428606934
v -2.5 2.5135714285714283 4.028033428606934
f 12615 12616 12617
f 12615 12617 12618
usemtl c_102_99_93
v -2.3999999999999995 2.5035714285714286 -0.55
v -2.3999999999999995 2.5035714285714286 3.0329909105434147
v -2.3999999999999995 3.740714285714286 3.0329909105434147
v -2.3999999999999995 3.740714285714286 -0.55
f 12619 12620 12621
f 12619 12621 12622
v 17.82 2.5035714285714286 -0.55
v 17.82 3.740714285714286 -0.55
v 17.82 3.740714285714286 3.0329909105434147
v 17.82 2.5035714285714286 3.0329909105434147
f 12623 12624 12625
f 12623 12625 12626
v -2.3999999999999995 2.5035714285714286 -0.55
v 17.82 2.5035714285714286 -0.55
v 17.82 2.5035714285714286 3.0329909105434147
v -2.3999999999999995 2.5035714285714286 3.0329909105434147
f 12627 12628 12629
f 12627 12629 12630
v -2.3999999999999995 3.740714285714286 -0.55
v -2.3999999999999995 3.740714285714286 3.0329909105434147
v 17.82 3.740714285714286 3.0329909105434147
v 17.82 3.740714285714286 -0.55
f 12631 12632 12633
f 12631 12633 12634
v -2.3999999999999995 2.5035714285714286 -0.55
v -2.3999999999999995 3.740714285714286 -0.55
v 17.82 3.740714285714286 -0.55
v 17.82 2.5035714285714286 -0.55
f 12635 12636 12637
f 12635 12637 12638
v -2.3999999999999995 2.5035714285714286 3.0329909105434147
v 17.82 2.5035714285714286 3.0329909105434147
v 17.82 3.740714285714286 3.0329909105434147
v -2.3999999999999995 3.740714285714286 3.0329909105434147
f 12639 12640 12641
f 12639 12641 12642
usemtl c_90_88_82
v -2.5 2.5035714285714286 -0.55
v -2.5 2.5035714285714286 3.0329909105434147
v -2.5 3.740714285714286 3.0329909105434147
v -2.5 3.740714285714286 -0.55
f 12643 12644 12645
f 12643 12645 12646
v 0.7000000000000003 2.5035714285714286 -0.55
v 0.7000000000000003 3.740714285714286 -0.55
v 0.7000000000000003 3.740714285714286 3.0329909105434147
v 0.7000000000000003 2.5035714285714286 3.0329909105434147
f 12647 12648 12649
f 12647 12649 12650
v -2.5 2.5035714285714286 -0.55
v 0.7000000000000003 2.5035714285714286 -0.55
v 0.7000000000000003 2.5035714285714286 3.0329909105434147
v -2.5 2.5035714285714286 3.0329909105434147
f 12651 12652 12653
f 12651 12653 12654
v -2.5 3.740714285714286 -0.55
v -2.5 3.740714285714286 3.0329909105434147
v 0.7000000000000003 3.740714285714286 3.0329909105434147
v 0.7000000000000003 3.740714285714286 -0.55
f 12655 12656 12657
f 12655 12657 12658
v -2.5 2.5035714285714286 -0.55
v -2.5 3.740714285714286 -0.55
v 0.7000000000000003 3.740714285714286 -0.55
v 0.7000000000000003 2.5035714285714286 -0.55
f 12659 12660 12661
f 12659 12661 12662
v -2.5 2.5035714285714286 3.0329909105434147
v 0.7000000000000003 2.5035714285714286 3.0329909105434147
v 0.7000000000000003 3.740714285714286 3.0329909105434147
v -2.5 3.740714285714286 3.0329909105434147
f 12663 12664 12665
f 12663 12665 12666
usemtl c_102_99_93
v -2.3999999999999995 3.730714285714286 -0.55
v -2.3999999999999995 3.730714285714286 2.037948392479895
v -2.3999999999999995 4.9678571428571425 2.037948392479895
v -2.3999999999999995 4.9678571428571425 -0.55
f 12667 12668 12669
f 12667 12669 12670
v 17.82 3.730714285714286 -0.55
v 17.82 4.9678571428571425 -0.55
v 17.82 4.9678571428571425 2.037948392479895
v 17.82 3.730714285714286 2.037948392479895
f 12671 12672 12673
f 12671 12673 12674
v -2.3999999999999995 3.730714285714286 -0.55
v 17.82 3.730714285714286 -0.55
v 17.82 3.730714285714286 2.037948392479895
v -2.3999999999999995 3.730714285714286 2.037948392479895
f 12675 12676 12677
f 12675 12677 12678
v -2.3999999999999995 4.9678571428571425 -0.55
v -2.3999999999999995 4.9678571428571425 2.037948392479895
v 17.82 4.9678571428571425 2.037948392479895
v 17.82 4.9678571428571425 -0.55
f 12679 12680 12681
f 12679 12681 12682
v -2.3999999999999995 3.730714285714286 -0.55
v -2.3999999999999995 4.9678571428571425 -0.55
v 17.82 4.9678571428571425 -0.55
v 17.82 3.730714285714286 -0.55
f 12683 12684 12685
f 12683 12685 12686
v -2.3999999999999995 3.730714285714286 2.037948392479895
v 17.82 3.730714285714286 2.037948392479895
v 17.82 4.9678571428571425 2.037948392479895
v -2.3999999999999995 4.9678571428571425 2.037948392479895
f 12687 12688 12689
f 12687 12689 12690
usemtl c_90_88_82
v -2.5 3.730714285714286 -0.55
v -2.5 3.730714285714286 2.037948392479895
v -2.5 4.9678571428571425 2.037948392479895
v -2.5 4.9678571428571425 -0.55
f 12691 12692 12693
f 12691 12693 12694
v 0.7000000000000003 3.730714285714286 -0.55
v 0.7000000000000003 4.9678571428571425 -0.55
v 0.7000000000000003 4.9678571428571425 2.037948392479895
v 0.7000000000000003 3.730714285714286 2.037948392479895
f 12695 12696 12697
f 12695 12697 12698
v -2.5 3.730714285714286 -0.55
v 0.7000000000000003 3.730714285714286 -0.55
v 0.7000000000000003 3.730714285714286 2.037948392479895
v -2.5 3.730714285714286 2.037948392479895
f 12699 12700 12701
f 12699 12701 12702
v -2.5 4.9678571428571425 -0.55
v -2.5 4.9678571428571425 2.037948392479895
v 0.7000000000000003 4.9678571428571425 2.037948392479895
v 0.7000000000000003 4.9678571428571425 -0.55
f 12703 12704 12705
f 12703 12705 12706
v -2.5 3.730714285714286 -0.55
v -2.5 4.9678571428571425 -0.55
v 0.7000000000000003 4.9678571428571425 -0.55
v 0.7000000000000003 3.730714285714286 -0.55
f 12707 12708 12709
f 12707 12709 12710
v -2.5 3.730714285714286 2.037948392479895
v 0.7000000000000003 3.730714285714286 2.037948392479895
v 0.7000000000000003 4.9678571428571425 2.037948392479895
v -2.5 4.9678571428571425 2.037948392479895
f 12711 12712 12713
f 12711 12713 12714
usemtl c_102_99_93
v -2.3999999999999995 4.957857142857143 -0.55
v -2.3999999999999995 4.957857142857143 1.4123095667992565
v -2.3999999999999995 6.194999999999999 1.4123095667992565
v -2.3999999999999995 6.194999999999999 -0.55
f 12715 12716 12717
f 12715 12717 12718
v 17.82 4.957857142857143 -0.55
v 17.82 6.194999999999999 -0.55
v 17.82 6.194999999999999 1.4123095667992565
v 17.82 4.957857142857143 1.4123095667992565
f 12719 12720 12721
f 12719 12721 12722
v -2.3999999999999995 4.957857142857143 -0.55
v 17.82 4.957857142857143 -0.55
v 17.82 4.957857142857143 1.4123095667992565
v -2.3999999999999995 4.957857142857143 1.4123095667992565
f 12723 12724 12725
f 12723 12725 12726
v -2.3999999999999995 6.194999999999999 -0.55
v -2.3999999999999995 6.194999999999999 1.4123095667992565
v 17.82 6.194999999999999 1.4123095667992565
v 17.82 6.194999999999999 -0.55
f 12727 12728 12729
f 12727 12729 12730
v -2.3999999999999995 4.957857142857143 -0.55
v -2.3999999999999995 6.194999999999999 -0.55
v 17.82 6.194999999999999 -0.55
v 17.82 4.957857142857143 -0.55
f 12731 12732 12733
f 12731 12733 12734
v -2.3999999999999995 4.957857142857143 1.4123095667992565
v 17.82 4.957857142857143 1.4123095667992565
v 17.82 6.194999999999999 1.4123095667992565
v -2.3999999999999995 6.194999999999999 1.4123095667992565
f 12735 12736 12737
f 12735 12737 12738
usemtl c_90_88_82
v -2.5 4.957857142857143 -0.55
v -2.5 4.957857142857143 1.4123095667992565
v -2.5 6.194999999999999 1.4123095667992565
v -2.5 6.194999999999999 -0.55
f 12739 12740 12741
f 12739 12741 12742
v 0.7000000000000003 4.957857142857143 -0.55
v 0.7000000000000003 6.194999999999999 -0.55
v 0.7000000000000003 6.194999999999999 1.4123095667992565
v 0.7000000000000003 4.957857142857143 1.4123095667992565
f 12743 12744 12745
f 12743 12745 12746
v -2.5 4.957857142857143 -0.55
v 0.7000000000000003 4.957857142857143 -0.55
v 0.7000000000000003 4.957857142857143 1.4123095667992565
v -2.5 4.957857142857143 1.4123095667992565
f 12747 12748 12749
f 12747 12749 12750
v -2.5 6.194999999999999 -0.55
v -2.5 6.194999999999999 1.4123095667992565
v 0.7000000000000003 6.194999999999999 1.4123095667992565
v 0.7000000000000003 6.194999999999999 -0.55
f 12751 12752 12753
f 12751 12753 12754
v -2.5 4.957857142857143 -0.55
v -2.5 6.194999999999999 -0.55
v 0.7000000000000003 6.194999999999999 -0.55
v 0.7000000000000003 4.957857142857143 -0.55
f 12755 12756 12757
f 12755 12757 12758
v -2.5 4.957857142857143 1.4123095667992565
v 0.7000000000000003 4.957857142857143 1.4123095667992565
v 0.7000000000000003 6.194999999999999 1.4123095667992565
v -2.5 6.194999999999999 1.4123095667992565
f 12759 12760 12761
f 12759 12761 12762
usemtl c_102_99_93
v -2.3999999999999995 6.185 -0.55
v -2.3999999999999995 6.185 0.9371021979066267
v -2.3999999999999995 7.422142857142856 0.9371021979066267
v -2.3999999999999995 7.422142857142856 -0.55
f 12763 12764 12765
f 12763 12765 12766
v 17.82 6.185 -0.55
v 17.82 7.422142857142856 -0.55
v 17.82 7.422142857142856 0.9371021979066267
v 17.82 6.185 0.9371021979066267
f 12767 12768 12769
f 12767 12769 12770
v -2.3999999999999995 6.185 -0.55
v 17.82 6.185 -0.55
v 17.82 6.185 0.9371021979066267
v -2.3999999999999995 6.185 0.9371021979066267
f 12771 12772 12773
f 12771 12773 12774
v -2.3999999999999995 7.422142857142856 -0.55
v -2.3999999999999995 7.422142857142856 0.9371021979066267
v 17.82 7.422142857142856 0.9371021979066267
v 17.82 7.422142857142856 -0.55
f 12775 12776 12777
f 12775 12777 12778
v -2.3999999999999995 6.185 -0.55
v -2.3999999999999995 7.422142857142856 -0.55
v 17.82 7.422142857142856 -0.55
v 17.82 6.185 -0.55
f 12779 12780 12781
f 12779 12781 12782
v -2.3999999999999995 6.185 0.9371021979066267
v 17.82 6.185 0.9371021979066267
v 17.82 7.422142857142856 0.9371021979066267
v -2.3999999999999995 7.422142857142856 0.9371021979066267
f 12783 12784 12785
f 12783 12785 12786
usemtl c_90_88_82
v -2.5 6.185 -0.55
v -2.5 6.185 0.9371021979066267
v -2.5 7.422142857142856 0.9371021979066267
v -2.5 7.422142857142856 -0.55
f 12787 12788 12789
f 12787 12789 12790
v 0.7000000000000003 6.185 -0.55
v 0.7000000000000003 7.422142857142856 -0.55
v 0.7000000000000003 7.422142857142856 0.9371021979066267
v 0.7000000000000003 6.185 0.9371021979066267
f 12791 12792 12793
f 12791 12793 12794
v -2.5 6.185 -0.55
v 0.7000000000000003 6.185 -0.55
v 0.7000000000000003 6.185 0.9371021979066267
v -2.5 6.185 0.9371021979066267
f 12795 12796 12797
f 12795 12797 12798
v -2.5 7.422142857142856 -0.55
v -2.5 7.422142857142856 0.9371021979066267
v 0.7000000000000003 7.422142857142856 0.9371021979066267
v 0.7000000000000003 7.422142857142856 -0.55
f 12799 12800 12801
f 12799 12801 12802
v -2.5 6.185 -0.55
v -2.5 7.422142857142856 -0.55
v 0.7000000000000003 7.422142857142856 -0.55
v 0.7000000000000003 6.185 -0.55
f 12803 12804 12805
f 12803 12805 12806
v -2.5 6.185 0.9371021979066267
v 0.7000000000000003 6.185 0.9371021979066267
v 0.7000000000000003 7.422142857142856 0.9371021979066267
v -2.5 7.422142857142856 0.9371021979066267
f 12807 12808 12809
f 12807 12809 12810
usemtl c_102_99_93
v -2.3999999999999995 7.4121428571428565 -0.55
v -2.3999999999999995 7.4121428571428565 0.4618948290139968
v -2.3999999999999995 8.649285714285716 0.4618948290139968
v -2.3999999999999995 8.649285714285716 -0.55
f 12811 12812 12813
f 12811 12813 12814
v 17.82 7.4121428571428565 -0.55
v 17.82 8.649285714285716 -0.55
v 17.82 8.649285714285716 0.4618948290139968
v 17.82 7.4121428571428565 0.4618948290139968
f 12815 12816 12817
f 12815 12817 12818
v -2.3999999999999995 7.4121428571428565 -0.55
v 17.82 7.4121428571428565 -0.55
v 17.82 7.4121428571428565 0.4618948290139968
v -2.3999999999999995 7.4121428571428565 0.4618948290139968
f 12819 12820 12821
f 12819 12821 12822
v -2.3999999999999995 8.649285714285716 -0.55
v -2.3999999999999995 8.649285714285716 0.4618948290139968
v 17.82 8.649285714285716 0.4618948290139968
v 17.82 8.649285714285716 -0.55
f 12823 12824 12825
f 12823 12825 12826
v -2.3999999999999995 7.4121428571428565 -0.55
v -2.3999999999999995 8.649285714285716 -0.55
v 17.82 8.649285714285716 -0.55
v 17.82 7.4121428571428565 -0.55
f 12827 12828 12829
f 12827 12829 12830
v -2.3999999999999995 7.4121428571428565 0.4618948290139968
v 17.82 7.4121428571428565 0.4618948290139968
v 17.82 8.649285714285716 0.4618948290139968
v -2.3999999999999995 8.649285714285716 0.4618948290139968
f 12831 12832 12833
f 12831 12833 12834
usemtl c_90_88_82
v -2.5 7.4121428571428565 -0.55
v -2.5 7.4121428571428565 0.4618948290139968
v -2.5 8.649285714285716 0.4618948290139968
v -2.5 8.649285714285716 -0.55
f 12835 12836 12837
f 12835 12837 12838
v 0.7000000000000003 7.4121428571428565 -0.55
v 0.7000000000000003 8.649285714285716 -0.55
v 0.7000000000000003 8.649285714285716 0.4618948290139968
v 0.7000000000000003 7.4121428571428565 0.4618948290139968
f 12839 12840 12841
f 12839 12841 12842
v -2.5 7.4121428571428565 -0.55
v 0.7000000000000003 7.4121428571428565 -0.55
v 0.7000000000000003 7.4121428571428565 0.4618948290139968
v -2.5 7.4121428571428565 0.4618948290139968
f 12843 12844 12845
f 12843 12845 12846
v -2.5 8.649285714285716 -0.55
v -2.5 8.649285714285716 0.4618948290139968
v 0.7000000000000003 8.649285714285716 0.4618948290139968
v 0.7000000000000003 8.649285714285716 -0.55
f 12847 12848 12849
f 12847 12849 12850
v -2.5 7.4121428571428565 -0.55
v -2.5 8.649285714285716 -0.55
v 0.7000000000000003 8.649285714285716 -0.55
v 0.7000000000000003 7.4121428571428565 -0.55
f 12851 12852 12853
f 12851 12853 12854
v -2.5 7.4121428571428565 0.4618948290139968
v 0.7000000000000003 7.4121428571428565 0.4618948290139968
v 0.7000000000000003 8.649285714285716 0.4618948290139968
v -2.5 8.649285714285716 0.4618948290139968
f 12855 12856 12857
f 12855 12857 12858
usemtl c_102_99_93
v -2.3999999999999995 8.639285714285716 -0.55
v -2.3999999999999995 8.639285714285716 0.020000000000000018
v -2.3999999999999995 9.876428571428573 0.020000000000000018
v -2.3999999999999995 9.876428571428573 -0.55
f 12859 12860 12861
f 12859 12861 12862
v 17.82 8.639285714285716 -0.55
v 17.82 9.876428571428573 -0.55
v 17.82 9.876428571428573 0.020000000000000018
v 17.82 8.639285714285716 0.020000000000000018
f 12863 12864 12865
f 12863 12865 12866
v -2.3999999999999995 8.639285714285716 -0.55
v 17.82 8.639285714285716 -0.55
v 17.82 8.639285714285716 0.020000000000000018
v -2.3999999999999995 8.639285714285716 0.020000000000000018
f 12867 12868 12869
f 12867 12869 12870
v -2.3999999999999995 9.876428571428573 -0.55
v -2.3999999999999995 9.876428571428573 0.020000000000000018
v 17.82 9.876428571428573 0.020000000000000018
v 17.82 9.876428571428573 -0.55
f 12871 12872 12873
f 12871 12873 12874
v -2.3999999999999995 8.639285714285716 -0.55
v -2.3999999999999995 9.876428571428573 -0.55
v 17.82 9.876428571428573 -0.55
v 17.82 8.639285714285716 -0.55
f 12875 12876 12877
f 12875 12877 12878
v -2.3999999999999995 8.639285714285716 0.020000000000000018
v 17.82 8.639285714285716 0.020000000000000018
v 17.82 9.876428571428573 0.020000000000000018
v -2.3999999999999995 9.876428571428573 0.020000000000000018
f 12879 12880 12881
f 12879 12881 12882
usemtl c_90_88_82
v -2.5 8.639285714285716 -0.55
v -2.5 8.639285714285716 0.020000000000000018
v -2.5 9.876428571428573 0.020000000000000018
v -2.5 9.876428571428573 -0.55
f 12883 12884 12885
f 12883 12885 12886
v 0.7000000000000003 8.639285714285716 -0.55
v 0.7000000000000003 9.876428571428573 -0.55
v 0.7000000000000003 9.876428571428573 0.020000000000000018
v 0.7000000000000003 8.639285714285716 0.020000000000000018
f 12887 12888 12889
f 12887 12889 12890
v -2.5 8.639285714285716 -0.55
v 0.7000000000000003 8.639285714285716 -0.55
v 0.7000000000000003 8.639285714285716 0.020000000000000018
v -2.5 8.639285714285716 0.020000000000000018
f 12891 12892 12893
f 12891 12893 12894
v -2.5 9.876428571428573 -0.55
v -2.5 9.876428571428573 0.020000000000000018
v 0.7000000000000003 9.876428571428573 0.020000000000000018
v 0.7000000000000003 9.876428571428573 -0.55
f 12895 12896 12897
f 12895 12897 12898
v -2.5 8.639285714285716 -0.55
v -2.5 9.876428571428573 -0.55
v 0.7000000000000003 9.876428571428573 -0.55
v 0.7000000000000003 8.639285714285716 -0.55
f 12899 12900 12901
f 12899 12901 12902
v -2.5 8.639285714285716 0.020000000000000018
v 0.7000000000000003 8.639285714285716 0.020000000000000018
v 0.7000000000000003 9.876428571428573 0.020000000000000018
v -2.5 9.876428571428573 0.020000000000000018
f 12903 12904 12905
f 12903 12905 12906
usemtl c_102_99_93
v -2.3999999999999995 9.866428571428571 -0.55
v -2.3999999999999995 9.866428571428571 0.020000000000000018
v -2.3999999999999995 11.103571428571428 0.020000000000000018
v -2.3999999999999995 11.103571428571428 -0.55
f 12907 12908 12909
f 12907 12909 12910
v 17.82 9.866428571428571 -0.55
v 17.82 11.103571428571428 -0.55
v 17.82 11.103571428571428 0.020000000000000018
v 17.82 9.866428571428571 0.020000000000000018
f 12911 12912 12913
f 12911 12913 12914
v -2.3999999999999995 9.866428571428571 -0.55
v 17.82 9.866428571428571 -0.55
v 17.82 9.866428571428571 0.020000000000000018
v -2.3999999999999995 9.866428571428571 0.020000000000000018
f 12915 12916 12917
f 12915 12917 12918
v -2.3999999999999995 11.103571428571428 -0.55
v -2.3999999999999995 11.103571428571428 0.020000000000000018
v 17.82 11.103571428571428 0.020000000000000018
v 17.82 11.103571428571428 -0.55
f 12919 12920 12921
f 12919 12921 12922
v -2.3999999999999995 9.866428571428571 -0.55
v -2.3999999999999995 11.103571428571428 -0.55
v 17.82 11.103571428571428 -0.55
v 17.82 9.866428571428571 -0.55
f 12923 12924 12925
f 12923 12925 12926
v -2.3999999999999995 9.866428571428571 0.020000000000000018
v 17.82 9.866428571428571 0.020000000000000018
v 17.82 11.103571428571428 0.020000000000000018
v -2.3999999999999995 11.103571428571428 0.020000000000000018
f 12927 12928 12929
f 12927 12929 12930
usemtl c_90_88_82
v -2.5 9.866428571428571 -0.55
v -2.5 9.866428571428571 0.020000000000000018
v -2.5 11.103571428571428 0.020000000000000018
v -2.5 11.103571428571428 -0.55
f 12931 12932 12933
f 12931 12933 12934
v 0.7000000000000003 9.866428571428571 -0.55
v 0.7000000000000003 11.103571428571428 -0.55
v 0.7000000000000003 11.103571428571428 0.020000000000000018
v 0.7000000000000003 9.866428571428571 0.020000000000000018
f 12935 12936 12937
f 12935 12937 12938
v -2.5 9.866428571428571 -0.55
v 0.7000000000000003 9.866428571428571 -0.55
v 0.7000000000000003 9.866428571428571 0.020000000000000018
v -2.5 9.866428571428571 0.020000000000000018
f 12939 12940 12941
f 12939 12941 12942
v -2.5 11.103571428571428 -0.55
v -2.5 11.103571428571428 0.020000000000000018
v 0.7000000000000003 11.103571428571428 0.020000000000000018
v 0.7000000000000003 11.103571428571428 -0.55
f 12943 12944 12945
f 12943 12945 12946
v -2.5 9.866428571428571 -0.55
v -2.5 11.103571428571428 -0.55
v 0.7000000000000003 11.103571428571428 -0.55
v 0.7000000000000003 9.866428571428571 -0.55
f 12947 12948 12949
f 12947 12949 12950
v -2.5 9.866428571428571 0.020000000000000018
v 0.7000000000000003 9.866428571428571 0.020000000000000018
v 0.7000000000000003 11.103571428571428 0.020000000000000018
v -2.5 11.103571428571428 0.020000000000000018
f 12951 12952 12953
f 12951 12953 12954
usemtl c_102_99_93
v -2.3999999999999995 11.093571428571426 -0.55
v -2.3999999999999995 11.093571428571426 0.020000000000000018
v -2.3999999999999995 12.330714285714283 0.020000000000000018
v -2.3999999999999995 12.330714285714283 -0.55
f 12955 12956 12957
f 12955 12957 12958
v 17.82 11.093571428571426 -0.55
v 17.82 12.330714285714283 -0.55
v 17.82 12.330714285714283 0.020000000000000018
v 17.82 11.093571428571426 0.020000000000000018
f 12959 12960 12961
f 12959 12961 12962
v -2.3999999999999995 11.093571428571426 -0.55
v 17.82 11.093571428571426 -0.55
v 17.82 11.093571428571426 0.020000000000000018
v -2.3999999999999995 11.093571428571426 0.020000000000000018
f 12963 12964 12965
f 12963 12965 12966
v -2.3999999999999995 12.330714285714283 -0.55
v -2.3999999999999995 12.330714285714283 0.020000000000000018
v 17.82 12.330714285714283 0.020000000000000018
v 17.82 12.330714285714283 -0.55
f 12967 12968 12969
f 12967 12969 12970
v -2.3999999999999995 11.093571428571426 -0.55
v -2.3999999999999995 12.330714285714283 -0.55
v 17.82 12.330714285714283 -0.55
v 17.82 11.093571428571426 -0.55
f 12971 12972 12973
f 12971 12973 12974
v -2.3999999999999995 11.093571428571426 0.020000000000000018
v 17.82 11.093571428571426 0.020000000000000018
v 17.82 12.330714285714283 0.020000000000000018
v -2.3999999999999995 12.330714285714283 0.020000000000000018
f 12975 12976 12977
f 12975 12977 12978
usemtl c_90_88_82
v -2.5 11.093571428571426 -0.55
v -2.5 11.093571428571426 0.020000000000000018
v -2.5 12.330714285714283 0.020000000000000018
v -2.5 12.330714285714283 -0.55
f 12979 12980 12981
f 12979 12981 12982
v 0.7000000000000003 11.093571428571426 -0.55
v 0.7000000000000003 12.330714285714283 -0.55
v 0.7000000000000003 12.330714285714283 0.020000000000000018
v 0.7000000000000003 11.093571428571426 0.020000000000000018
f 12983 12984 12985
f 12983 12985 12986
v -2.5 11.093571428571426 -0.55
v 0.7000000000000003 11.093571428571426 -0.55
v 0.7000000000000003 11.093571428571426 0.020000000000000018
v -2.5 11.093571428571426 0.020000000000000018
f 12987 12988 12989
f 12987 12989 12990
v -2.5 12.330714285714283 -0.55
v -2.5 12.330714285714283 0.020000000000000018
v 0.7000000000000003 12.330714285714283 0.020000000000000018
v 0.7000000000000003 12.330714285714283 -0.55
f 12991 12992 12993
f 12991 12993 12994
v -2.5 11.093571428571426 -0.55
v -2.5 12.330714285714283 -0.55
v 0.7000000000000003 12.330714285714283 -0.55
v 0.7000000000000003 11.093571428571426 -0.55
f 12995 12996 12997
f 12995 12997 12998
v -2.5 11.093571428571426 0.020000000000000018
v 0.7000000000000003 11.093571428571426 0.020000000000000018
v 0.7000000000000003 12.330714285714283 0.020000000000000018
v -2.5 12.330714285714283 0.020000000000000018
f 12999 13000 13001
f 12999 13001 13002
usemtl c_102_99_93
v -2.3999999999999995 12.320714285714283 -0.55
v -2.3999999999999995 12.320714285714283 0.020000000000000018
v -2.3999999999999995 13.557857142857143 0.020000000000000018
v -2.3999999999999995 13.557857142857143 -0.55
f 13003 13004 13005
f 13003 13005 13006
v 17.82 12.320714285714283 -0.55
v 17.82 13.557857142857143 -0.55
v 17.82 13.557857142857143 0.020000000000000018
v 17.82 12.320714285714283 0.020000000000000018
f 13007 13008 13009
f 13007 13009 13010
v -2.3999999999999995 12.320714285714283 -0.55
v 17.82 12.320714285714283 -0.55
v 17.82 12.320714285714283 0.020000000000000018
v -2.3999999999999995 12.320714285714283 0.020000000000000018
f 13011 13012 13013
f 13011 13013 13014
v -2.3999999999999995 13.557857142857143 -0.55
v -2.3999999999999995 13.557857142857143 0.020000000000000018
v 17.82 13.557857142857143 0.020000000000000018
v 17.82 13.557857142857143 -0.55
f 13015 13016 13017
f 13015 13017 13018
v -2.3999999999999995 12.320714285714283 -0.55
v -2.3999999999999995 13.557857142857143 -0.55
v 17.82 13.557857142857143 -0.55
v 17.82 12.320714285714283 -0.55
f 13019 13020 13021
f 13019 13021 13022
v -2.3999999999999995 12.320714285714283 0.020000000000000018
v 17.82 12.320714285714283 0.020000000000000018
v 17.82 13.557857142857143 0.020000000000000018
v -2.3999999999999995 13.557857142857143 0.020000000000000018
f 13023 13024 13025
f 13023 13025 13026
usemtl c_90_88_82
v -2.5 12.320714285714283 -0.55
v -2.5 12.320714285714283 0.020000000000000018
v -2.5 13.557857142857143 0.020000000000000018
v -2.5 13.557857142857143 -0.55
f 13027 13028 13029
f 13027 13029 13030
v 0.7000000000000003 12.320714285714283 -0.55
v 0.7000000000000003 13.557857142857143 -0.55
v 0.7000000000000003 13.557857142857143 0.020000000000000018
v 0.7000000000000003 12.320714285714283 0.020000000000000018
f 13031 13032 13033
f 13031 13033 13034
v -2.5 12.320714285714283 -0.55
v 0.7000000000000003 12.320714285714283 -0.55
v 0.7000000000000003 12.320714285714283 0.020000000000000018
v -2.5 12.320714285714283 0.020000000000000018
f 13035 13036 13037
f 13035 13037 13038
v -2.5 13.557857142857143 -0.55
v -2.5 13.557857142857143 0.020000000000000018
v 0.7000000000000003 13.557857142857143 0.020000000000000018
v 0.7000000000000003 13.557857142857143 -0.55
f 13039 13040 13041
f 13039 13041 13042
v -2.5 12.320714285714283 -0.55
v -2.5 13.557857142857143 -0.55
v 0.7000000000000003 13.557857142857143 -0.55
v 0.7000000000000003 12.320714285714283 -0.55
f 13043 13044 13045
f 13043 13045 13046
v -2.5 12.320714285714283 0.020000000000000018
v 0.7000000000000003 12.320714285714283 0.020000000000000018
v 0.7000000000000003 13.557857142857143 0.020000000000000018
v -2.5 13.557857142857143 0.020000000000000018
f 13047 13048 13049
f 13047 13049 13050
usemtl c_102_99_93
v -2.3999999999999995 13.547857142857143 -0.55
v -2.3999999999999995 13.547857142857143 0.020000000000000018
v -2.3999999999999995 14.785 0.020000000000000018
v -2.3999999999999995 14.785 -0.55
f 13051 13052 13053
f 13051 13053 13054
v 17.82 13.547857142857143 -0.55
v 17.82 14.785 -0.55
v 17.82 14.785 0.020000000000000018
v 17.82 13.547857142857143 0.020000000000000018
f 13055 13056 13057
f 13055 13057 13058
v -2.3999999999999995 13.547857142857143 -0.55
v 17.82 13.547857142857143 -0.55
v 17.82 13.547857142857143 0.020000000000000018
v -2.3999999999999995 13.547857142857143 0.020000000000000018
f 13059 13060 13061
f 13059 13061 13062
v -2.3999999999999995 14.785 -0.55
v -2.3999999999999995 14.785 0.020000000000000018
v 17.82 14.785 0.020000000000000018
v 17.82 14.785 -0.55
f 13063 13064 13065
f 13063 13065 13066
v -2.3999999999999995 13.547857142857143 -0.55
v -2.3999999999999995 14.785 -0.55
v 17.82 14.785 -0.55
v 17.82 13.547857142857143 -0.55
f 13067 13068 13069
f 13067 13069 13070
v -2.3999999999999995 13.547857142857143 0.020000000000000018
v 17.82 13.547857142857143 0.020000000000000018
v 17.82 14.785 0.020000000000000018
v -2.3999999999999995 14.785 0.020000000000000018
f 13071 13072 13073
f 13071 13073 13074
usemtl c_90_88_82
v -2.5 13.547857142857143 -0.55
v -2.5 13.547857142857143 0.020000000000000018
v -2.5 14.785 0.020000000000000018
v -2.5 14.785 -0.55
f 13075 13076 13077
f 13075 13077 13078
v 0.7000000000000003 13.547857142857143 -0.55
v 0.7000000000000003 14.785 -0.55
v 0.7000000000000003 14.785 0.020000000000000018
v 0.7000000000000003 13.547857142857143 0.020000000000000018
f 13079 13080 13081
f 13079 13081 13082
v -2.5 13.547857142857143 -0.55
v 0.7000000000000003 13.547857142857143 -0.55
v 0.7000000000000003 13.547857142857143 0.020000000000000018
v -2.5 13.547857142857143 0.020000000000000018
f 13083 13084 13085
f 13083 13085 13086
v -2.5 14.785 -0.55
v -2.5 14.785 0.020000000000000018
v 0.7000000000000003 14.785 0.020000000000000018
v 0.7000000000000003 14.785 -0.55
f 13087 13088 13089
f 13087 13089 13090
v -2.5 13.547857142857143 -0.55
v -2.5 14.785 -0.55
v 0.7000000000000003 14.785 -0.55
v 0.7000000000000003 13.547857142857143 -0.55
f 13091 13092 13093
f 13091 13093 13094
v -2.5 13.547857142857143 0.020000000000000018
v 0.7000000000000003 13.547857142857143 0.020000000000000018
v 0.7000000000000003 14.785 0.020000000000000018
v -2.5 14.785 0.020000000000000018
f 13095 13096 13097
f 13095 13097 13098
