# Wavefront OBJ file generated by JSCAD

v 0 0 0
v 0 0 3.9099487
v 0 12.3800068 3.9099487
v 0 12.3800068 0
v 15.420044500000001 0 0
v 15.420044500000001 12.3800068 0
v 15.420044500000001 12.3800068 3.9099487
v 15.420044500000001 0 3.9099487

usemtl gray
f 1 2 3
f 1 3 4
f 5 6 7
f 5 7 8
f 1 5 8
f 1 8 2
f 4 3 7
f 4 7 6
f 1 4 6
f 1 6 5
f 2 8 7
f 2 7 3

v 0 0 3.910035
v 0 0 4.260033333333333
v 0 12.379994666666668 4.260033333333333
v 0 12.379994666666668 3.910035
v 15.420007000000002 0 3.910035
v 15.420007000000002 12.379994666666668 3.910035
v 15.420007000000002 12.379994666666668 4.260033333333333
v 15.420007000000002 0 4.260033333333333

usemtl black
f 9 10 11
f 9 11 12
f 13 14 15
f 13 15 16
f 9 13 16
f 9 16 10
f 12 11 15
f 12 15 14
f 9 12 14
f 9 14 13
f 10 16 15
f 10 15 11

v 0 0 4.259993833333334
v 0 0 7.010003000000001
v 0 12.379980166666668 7.010003000000001
v 0 12.379980166666668 4.259993833333334
v 15.420010666666668 0 4.259993833333334
v 15.420010666666668 12.379980166666668 4.259993833333334
v 15.420010666666668 12.379980166666668 7.010003000000001
v 15.420010666666668 0 7.010003000000001

usemtl darkslategray
f 17 18 19
f 17 19 20
f 21 22 23
f 21 23 24
f 17 21 24
f 17 24 18
f 20 19 23
f 20 23 22
f 17 20 22
f 17 22 21
f 18 24 23
f 18 23 19

v 0 0 7.0100067
v 15.4200008 0 7.0100067
v 7.7100004 0 9.1199578
v 7.7100004 12.3800481 9.1199578
v 15.4200008 12.3800481 7.0100067
v 0 12.3800481 7.0100067

f 25 26 27
f 28 29 30
f 25 26 29
f 25 29 30
f 26 27 28
f 26 28 29
f 27 25 30
f 27 30 28

v 0 -0.05497867777777778 0
v 0 -0.05497867777777778 2.3366531777777784
v 0 0 2.3366531777777784
v 15.41997543888889 -0.05497867777777778 0
v 15.41997543888889 0 0
v 15.41997543888889 0 2.3366531777777784
v 15.41997543888889 -0.05497867777777778 2.3366531777777784

f 31 32 33
f 31 33 1
f 34 35 36
f 34 36 37
f 31 34 37
f 31 37 32
f 1 33 36
f 1 36 35
f 31 1 35
f 31 35 34
f 32 37 36
f 32 36 33

v 0 -0.05497867777777778 4.673306355555557
v 0 0 4.673306355555557
v 15.41997543888889 0 4.673306355555557
v 15.41997543888889 -0.05497867777777778 4.673306355555557

usemtl sienna
f 32 38 39
f 32 39 33
f 37 36 40
f 37 40 41
f 32 37 41
f 32 41 38
f 33 39 40
f 33 40 36
f 32 33 36
f 32 36 37
f 38 41 40
f 38 40 39

v 0 -0.05497867777777778 7.010018905555556
v 0 0 7.010018905555556
v 15.41997543888889 0 7.010018905555556
v 15.41997543888889 -0.05497867777777778 7.010018905555556

usemtl darkslategray
f 38 42 43
f 38 43 39
f 41 40 44
f 41 44 45
f 38 41 45
f 38 45 42
f 39 43 44
f 39 44 40
f 38 39 40
f 38 40 41
f 42 45 44
f 42 44 43

v 0 12.380028633333334 0
v 0 12.380028633333334 4.2599971000000005
v 0 12.435023500000002 4.2599971000000005
v 0 12.435023500000002 0
v 15.420008033333334 12.380028633333334 0
v 15.420008033333334 12.435023500000002 0
v 15.420008033333334 12.435023500000002 4.2599971000000005
v 15.420008033333334 12.380028633333334 4.2599971000000005

f 46 47 48
f 46 48 49
f 50 51 52
f 50 52 53
f 46 50 53
f 46 53 47
f 49 48 52
f 49 52 51
f 46 49 51
f 46 51 50
f 47 53 52
f 47 52 48

v 0 12.379999500000002 4.259972250000001
v 0 12.379999500000002 7.010003250000001
v 0 12.434978250000002 7.010003250000001
v 0 12.434978250000002 4.259972250000001
v 15.419990250000003 12.379999500000002 4.259972250000001
v 15.419990250000003 12.434978250000002 4.259972250000001
v 15.419990250000003 12.434978250000002 7.010003250000001
v 15.419990250000003 12.379999500000002 7.010003250000001

usemtl sienna
f 54 55 56
f 54 56 57
f 58 59 60
f 58 60 61
f 54 58 61
f 54 61 55
f 57 56 60
f 57 60 59
f 54 57 59
f 54 59 58
f 55 61 60
f 55 60 56

v -0.0549822 0 0
v -0.0549822 0 4.2600075
v -0.0549822 12.3800103 4.2600075
v -0.0549822 12.3800103 0
v 0 12.3800103 0
v 0 12.3800103 4.2600075
v 0 0 4.2600075

usemtl darkslategray
f 62 63 64
f 62 64 65
f 1 66 67
f 1 67 68
f 62 1 68
f 62 68 63
f 65 64 67
f 65 67 66
f 62 65 66
f 62 66 1
f 63 68 67
f 63 67 64

v -0.055020316666666666 0 4.2599998999999995
v -0.055020316666666666 0 7.0100033999999996
v -0.055020316666666666 12.379976183333333 7.0100033999999996
v -0.055020316666666666 12.379976183333333 4.2599998999999995
v 0 0 4.2599998999999995
v 0 12.379976183333333 4.2599998999999995
v 0 12.379976183333333 7.0100033999999996
v 0 0 7.0100033999999996

usemtl sienna
f 69 70 71
f 69 71 72
f 73 74 75
f 73 75 76
f 69 73 76
f 69 76 70
f 72 71 75
f 72 75 74
f 69 72 74
f 69 74 73
f 70 76 75
f 70 75 71

v 15.420014633333333 0 0
v 15.420014633333333 0 7.009987316666667
v 15.420014633333333 12.379983333333334 7.009987316666667
v 15.420014633333333 12.379983333333334 0
v 15.474979166666666 0 0
v 15.474979166666666 12.379983333333334 0
v 15.474979166666666 12.379983333333334 7.009987316666667
v 15.474979166666666 0 7.009987316666667

usemtl darkslategray
f 77 78 79
f 77 79 80
f 81 82 83
f 81 83 84
f 77 81 84
f 77 84 78
f 80 79 83
f 80 83 82
f 77 80 82
f 77 82 81
f 78 84 83
f 78 83 79

v 0 -0.05498243333333334 7.010025783333334
v 15.419993416666667 -0.05498243333333334 7.010025783333334
v 7.710026016666667 -0.05498243333333334 9.119991316666667
v 7.710026016666667 0 9.119991316666667
v 15.419993416666667 0 7.010025783333334
v 0 0 7.010025783333334

f 85 86 87
f 88 89 90
f 85 86 89
f 85 89 90
f 86 87 88
f 86 88 89
f 87 85 90
f 87 90 88

v 0 12.380015850000001 7.010025783333334
v 15.419993416666667 12.380015850000001 7.010025783333334
v 7.710026016666667 12.380015850000001 9.119991316666667
v 7.710026016666667 12.434998283333334 9.119991316666667
v 15.419993416666667 12.434998283333334 7.010025783333334
v 0 12.434998283333334 7.010025783333334

usemtl sienna
f 91 92 93
f 94 95 96
f 91 92 95
f 91 95 96
f 92 93 94
f 92 94 95
f 93 91 96
f 93 96 94

v -0.6500004000000001 -0.6500004000000001 7.010013033333334
v 7.709969866666667 -0.6500004000000001 9.120004366666668
v 7.709969866666667 -0.6500004000000001 9.259995733333335
v -0.6500004000000001 -0.6500004000000001 7.150004400000001
v -0.6500004000000001 13.02996566666667 7.150004400000001
v 7.709969866666667 13.02996566666667 9.259995733333335
v 7.709969866666667 13.02996566666667 9.120004366666668
v -0.6500004000000001 13.02996566666667 7.010013033333334

usemtl black
f 97 98 99
f 97 99 100
f 101 102 103
f 101 103 104
f 97 98 103
f 97 103 104
f 98 99 102
f 98 102 103
f 99 100 101
f 99 101 102
f 100 97 104
f 100 104 101

v 16.0700211 -0.6500004000000001 7.010013033333334
v 16.0700211 -0.6500004000000001 7.150004400000001
v 16.0700211 13.02996566666667 7.150004400000001
v 16.0700211 13.02996566666667 7.010013033333334

f 98 105 106
f 98 106 99
f 102 107 108
f 102 108 103
f 98 105 108
f 98 108 103
f 105 106 107
f 105 107 108
f 106 99 102
f 106 102 107
f 99 98 103
f 99 103 102

v 4.025014180000001 -0.09651359000000002 4.259988690000001
v 4.025014180000001 -0.09651359000000002 6.919997390000002
v 4.025014180000001 -0.029482760000000007 6.919997390000002
v 4.025014180000001 -0.029482760000000007 4.259988690000001
v 12.875013240000003 -0.09651359000000002 4.259988690000001
v 12.875013240000003 -0.029482760000000007 4.259988690000001
v 12.875013240000003 -0.029482760000000007 6.919997390000002
v 12.875013240000003 -0.09651359000000002 6.919997390000002

usemtl sienna
f 109 110 111
f 109 111 112
f 113 114 115
f 113 115 116
f 109 113 116
f 109 116 110
f 112 111 115
f 112 115 114
f 109 112 114
f 109 114 113
f 110 116 115
f 110 115 111

v 4.025009346666668 -0.08398900666666669 4.492804100000002
v 4.025009346666668 -0.08398900666666669 4.510829273333335
v 4.025009346666668 -0.05798888000000002 4.510829273333335
v 4.025009346666668 -0.05798888000000002 4.492804100000002
v 12.875013693333337 -0.08398900666666669 4.492804100000002
v 12.875013693333337 -0.05798888000000002 4.492804100000002
v 12.875013693333337 -0.05798888000000002 4.510829273333335
v 12.875013693333337 -0.08398900666666669 4.510829273333335

usemtl saddlebrown
f 117 118 119
f 117 119 120
f 121 122 123
f 121 123 124
f 117 121 124
f 117 124 118
f 120 119 123
f 120 123 122
f 117 120 122
f 117 122 121
f 118 124 123
f 118 123 119

v 4.025009346666668 -0.08398900666666669 4.7346319600000015
v 4.025009346666668 -0.08398900666666669 4.752627486666668
v 4.025009346666668 -0.05798888000000002 4.752627486666668
v 4.025009346666668 -0.05798888000000002 4.7346319600000015
v 12.875013693333337 -0.08398900666666669 4.7346319600000015
v 12.875013693333337 -0.05798888000000002 4.7346319600000015
v 12.875013693333337 -0.05798888000000002 4.752627486666668
v 12.875013693333337 -0.08398900666666669 4.752627486666668

f 125 126 127
f 125 127 128
f 129 130 131
f 129 131 132
f 125 129 132
f 125 132 126
f 128 127 131
f 128 131 130
f 125 128 130
f 125 130 129
f 126 132 131
f 126 131 127

v 4.025009346666668 -0.08398900666666669 4.976459820000001
v 4.025009346666668 -0.08398900666666669 4.994455346666668
v 4.025009346666668 -0.05798888000000002 4.994455346666668
v 4.025009346666668 -0.05798888000000002 4.976459820000001
v 12.875013693333337 -0.08398900666666669 4.976459820000001
v 12.875013693333337 -0.05798888000000002 4.976459820000001
v 12.875013693333337 -0.05798888000000002 4.994455346666668
v 12.875013693333337 -0.08398900666666669 4.994455346666668

f 133 134 135
f 133 135 136
f 137 138 139
f 137 139 140
f 133 137 140
f 133 140 134
f 136 135 139
f 136 139 138
f 133 136 138
f 133 138 137
f 134 140 139
f 134 139 135

v 4.025009346666668 -0.08398900666666669 5.218258033333335
v 4.025009346666668 -0.08398900666666669 5.236283206666668
v 4.025009346666668 -0.05798888000000002 5.236283206666668
v 4.025009346666668 -0.05798888000000002 5.218258033333335
v 12.875013693333337 -0.08398900666666669 5.218258033333335
v 12.875013693333337 -0.05798888000000002 5.218258033333335
v 12.875013693333337 -0.05798888000000002 5.236283206666668
v 12.875013693333337 -0.08398900666666669 5.236283206666668

f 141 142 143
f 141 143 144
f 145 146 147
f 145 147 148
f 141 145 148
f 141 148 142
f 144 143 147
f 144 147 146
f 141 144 146
f 141 146 145
f 142 148 147
f 142 147 143

v 4.025009346666668 -0.08398900666666669 5.460085893333335
v 4.025009346666668 -0.08398900666666669 5.478081420000001
v 4.025009346666668 -0.05798888000000002 5.478081420000001
v 4.025009346666668 -0.05798888000000002 5.460085893333335
v 12.875013693333337 -0.08398900666666669 5.460085893333335
v 12.875013693333337 -0.05798888000000002 5.460085893333335
v 12.875013693333337 -0.05798888000000002 5.478081420000001
v 12.875013693333337 -0.08398900666666669 5.478081420000001

f 149 150 151
f 149 151 152
f 153 154 155
f 153 155 156
f 149 153 156
f 149 156 150
f 152 151 155
f 152 155 154
f 149 152 154
f 149 154 153
f 150 156 155
f 150 155 151

v 4.025009346666668 -0.08398900666666669 5.701913753333335
v 4.025009346666668 -0.08398900666666669 5.719909280000001
v 4.025009346666668 -0.05798888000000002 5.719909280000001
v 4.025009346666668 -0.05798888000000002 5.701913753333335
v 12.875013693333337 -0.08398900666666669 5.701913753333335
v 12.875013693333337 -0.05798888000000002 5.701913753333335
v 12.875013693333337 -0.05798888000000002 5.719909280000001
v 12.875013693333337 -0.08398900666666669 5.719909280000001

f 157 158 159
f 157 159 160
f 161 162 163
f 161 163 164
f 157 161 164
f 157 164 158
f 160 159 163
f 160 163 162
f 157 160 162
f 157 162 161
f 158 164 163
f 158 163 159

v 4.025009346666668 -0.08398900666666669 5.943741613333335
v 4.025009346666668 -0.08398900666666669 5.961737140000002
v 4.025009346666668 -0.05798888000000002 5.961737140000002
v 4.025009346666668 -0.05798888000000002 5.943741613333335
v 12.875013693333337 -0.08398900666666669 5.943741613333335
v 12.875013693333337 -0.05798888000000002 5.943741613333335
v 12.875013693333337 -0.05798888000000002 5.961737140000002
v 12.875013693333337 -0.08398900666666669 5.961737140000002

f 165 166 167
f 165 167 168
f 169 170 171
f 169 171 172
f 165 169 172
f 165 172 166
f 168 167 171
f 168 171 170
f 165 168 170
f 165 170 169
f 166 172 171
f 166 171 167

v 4.025009346666668 -0.08398900666666669 6.185539826666669
v 4.025009346666668 -0.08398900666666669 6.2035353533333355
v 4.025009346666668 -0.05798888000000002 6.2035353533333355
v 4.025009346666668 -0.05798888000000002 6.185539826666669
v 12.875013693333337 -0.08398900666666669 6.185539826666669
v 12.875013693333337 -0.05798888000000002 6.185539826666669
v 12.875013693333337 -0.05798888000000002 6.2035353533333355
v 12.875013693333337 -0.08398900666666669 6.2035353533333355

f 173 174 175
f 173 175 176
f 177 178 179
f 177 179 180
f 173 177 180
f 173 180 174
f 176 175 179
f 176 179 178
f 173 176 178
f 173 178 177
f 174 180 179
f 174 179 175

v 4.025009346666668 -0.08398900666666669 6.427367686666669
v 4.025009346666668 -0.08398900666666669 6.445363213333335
v 4.025009346666668 -0.05798888000000002 6.445363213333335
v 4.025009346666668 -0.05798888000000002 6.427367686666669
v 12.875013693333337 -0.08398900666666669 6.427367686666669
v 12.875013693333337 -0.05798888000000002 6.427367686666669
v 12.875013693333337 -0.05798888000000002 6.445363213333335
v 12.875013693333337 -0.08398900666666669 6.445363213333335

f 181 182 183
f 181 183 184
f 185 186 187
f 185 187 188
f 181 185 188
f 181 188 182
f 184 183 187
f 184 187 186
f 181 184 186
f 181 186 185
f 182 188 187
f 182 187 183

v 4.025009346666668 -0.08398900666666669 6.669195546666669
v 4.025009346666668 -0.08398900666666669 6.687191073333335
v 4.025009346666668 -0.05798888000000002 6.687191073333335
v 4.025009346666668 -0.05798888000000002 6.669195546666669
v 12.875013693333337 -0.08398900666666669 6.669195546666669
v 12.875013693333337 -0.05798888000000002 6.669195546666669
v 12.875013693333337 -0.05798888000000002 6.687191073333335
v 12.875013693333337 -0.08398900666666669 6.687191073333335

f 189 190 191
f 189 191 192
f 193 194 195
f 193 195 196
f 189 193 196
f 189 196 190
f 192 191 195
f 192 195 194
f 189 192 194
f 189 194 193
f 190 196 195
f 190 195 191

v 4.139998333333335 -0.6399983333333334 4.260001666666668
v 4.139998333333335 -0.6399983333333334 7.079998333333335
v 4.139998333333335 -0.20000166666666672 7.079998333333335
v 4.139998333333335 -0.20000166666666672 4.260001666666668
v 4.3800050000000015 -0.6399983333333334 4.260001666666668
v 4.3800050000000015 -0.20000166666666672 4.260001666666668
v 4.3800050000000015 -0.20000166666666672 7.079998333333335
v 4.3800050000000015 -0.6399983333333334 7.079998333333335

f 197 198 199
f 197 199 200
f 201 202 203
f 201 203 204
f 197 201 204
f 197 204 198
f 200 199 203
f 200 203 202
f 197 200 202
f 197 202 201
f 198 204 203
f 198 203 199

v 6.860000000000002 -0.6399983333333334 4.260001666666668
v 6.860000000000002 -0.6399983333333334 7.079998333333335
v 6.860000000000002 -0.20000166666666672 7.079998333333335
v 6.860000000000002 -0.20000166666666672 4.260001666666668
v 7.099995000000002 -0.6399983333333334 4.260001666666668
v 7.099995000000002 -0.20000166666666672 4.260001666666668
v 7.099995000000002 -0.20000166666666672 7.079998333333335
v 7.099995000000002 -0.6399983333333334 7.079998333333335

f 205 206 207
f 205 207 208
f 209 210 211
f 209 211 212
f 205 209 212
f 205 212 206
f 208 207 211
f 208 211 210
f 205 208 210
f 205 210 209
f 206 212 211
f 206 211 207

v 4.140002533333333 -0.6399969333333333 6.959995466666666
v 4.140002533333333 -0.6399969333333333 7.200004933333333
v 4.140002533333333 -0.20000586666666667 7.200004933333333
v 4.140002533333333 -0.20000586666666667 6.959995466666666
v 7.100002 -0.6399969333333333 6.959995466666666
v 7.100002 -0.20000586666666667 6.959995466666666
v 7.100002 -0.20000586666666667 7.200004933333333
v 7.100002 -0.6399969333333333 7.200004933333333

f 213 214 215
f 213 215 216
f 217 218 219
f 217 219 220
f 213 217 220
f 213 220 214
f 216 215 219
f 216 219 218
f 213 216 218
f 213 218 217
f 214 220 219
f 214 219 215

v 0 12.409505116666667 2.4299849100000004
v 0 12.409505116666667 4.209982383333333
v 0 12.476501076666668 4.209982383333333
v 0 12.476501076666668 2.4299849100000004
v 15.420006566666668 12.409505116666667 2.4299849100000004
v 15.420006566666668 12.476501076666668 2.4299849100000004
v 15.420006566666668 12.476501076666668 4.209982383333333
v 15.420006566666668 12.409505116666667 4.209982383333333

usemtl sienna
f 221 222 223
f 221 223 224
f 225 226 227
f 225 227 228
f 221 225 228
f 221 228 222
f 224 223 227
f 224 227 226
f 221 224 226
f 221 226 225
f 222 228 227
f 222 227 223

v 0 12.43800448 2.675272
v 0 12.43800448 2.6932617866666666
v 0 12.463984 2.6932617866666666
v 0 12.463984 2.675272
v 15.419979146666666 12.43800448 2.675272
v 15.419979146666666 12.463984 2.675272
v 15.419979146666666 12.463984 2.6932617866666666
v 15.419979146666666 12.43800448 2.6932617866666666

usemtl saddlebrown
f 229 230 231
f 229 231 232
f 233 234 235
f 233 235 236
f 229 233 236
f 229 236 230
f 232 231 235
f 232 235 234
f 229 232 234
f 229 234 233
f 230 236 235
f 230 235 231

v 0 12.43800448 2.9295517066666665
v 0 12.43800448 2.94759304
v 0 12.463984 2.94759304
v 0 12.463984 2.9295517066666665
v 15.419979146666666 12.43800448 2.9295517066666665
v 15.419979146666666 12.463984 2.9295517066666665
v 15.419979146666666 12.463984 2.94759304
v 15.419979146666666 12.43800448 2.94759304

f 237 238 239
f 237 239 240
f 241 242 243
f 241 243 244
f 237 241 244
f 237 244 238
f 240 239 243
f 240 243 242
f 237 240 242
f 237 242 241
f 238 244 243
f 238 243 239

v 0 12.43800448 3.1838314133333334
v 0 12.43800448 3.2018727466666665
v 0 12.463984 3.2018727466666665
v 0 12.463984 3.1838314133333334
v 15.419979146666666 12.43800448 3.1838314133333334
v 15.419979146666666 12.463984 3.1838314133333334
v 15.419979146666666 12.463984 3.2018727466666665
v 15.419979146666666 12.43800448 3.2018727466666665

f 245 246 247
f 245 247 248
f 249 250 251
f 249 251 252
f 245 249 252
f 245 252 246
f 248 247 251
f 248 251 250
f 245 248 250
f 245 250 249
f 246 252 251
f 246 251 247

v 0 12.43800448 3.4381626666666665
v 0 12.43800448 3.4561524533333334
v 0 12.463984 3.4561524533333334
v 0 12.463984 3.4381626666666665
v 15.419979146666666 12.43800448 3.4381626666666665
v 15.419979146666666 12.463984 3.4381626666666665
v 15.419979146666666 12.463984 3.4561524533333334
v 15.419979146666666 12.43800448 3.4561524533333334

f 253 254 255
f 253 255 256
f 257 258 259
f 257 259 260
f 253 257 260
f 253 260 254
f 256 255 259
f 256 259 258
f 253 256 258
f 253 258 257
f 254 260 259
f 254 259 255

v 0 12.43800448 3.6924423733333334
v 0 12.43800448 3.71043216
v 0 12.463984 3.71043216
v 0 12.463984 3.6924423733333334
v 15.419979146666666 12.43800448 3.6924423733333334
v 15.419979146666666 12.463984 3.6924423733333334
v 15.419979146666666 12.463984 3.71043216
v 15.419979146666666 12.43800448 3.71043216

f 261 262 263
f 261 263 264
f 265 266 267
f 265 267 268
f 261 265 268
f 261 268 262
f 264 263 267
f 264 267 266
f 261 264 266
f 261 266 265
f 262 268 267
f 262 267 263

v 0 12.43800448 3.94672208
v 0 12.43800448 3.9647118666666668
v 0 12.463984 3.9647118666666668
v 0 12.463984 3.94672208
v 15.419979146666666 12.43800448 3.94672208
v 15.419979146666666 12.463984 3.94672208
v 15.419979146666666 12.463984 3.9647118666666668
v 15.419979146666666 12.43800448 3.9647118666666668

f 269 270 271
f 269 271 272
f 273 274 275
f 273 275 276
f 269 273 276
f 269 276 270
f 272 271 275
f 272 275 274
f 269 272 274
f 269 274 273
f 270 276 275
f 270 275 271

v 1.6799983233333335 12.409501456666668 0
v 1.6799983233333335 12.409501456666668 2.4799965766666667
v 1.6799983233333335 12.476499866666668 2.4799965766666667
v 1.6799983233333335 12.476499866666668 0
v 2.1200033366666666 12.409501456666668 0
v 2.1200033366666666 12.476499866666668 0
v 2.1200033366666666 12.476499866666668 2.4799965766666667
v 2.1200033366666666 12.409501456666668 2.4799965766666667

usemtl sienna
f 277 278 279
f 277 279 280
f 281 282 283
f 281 283 284
f 277 281 284
f 277 284 278
f 280 279 283
f 280 283 282
f 277 280 282
f 277 282 281
f 278 284 283
f 278 283 279

v 5.429997603333334 12.409501456666668 0
v 5.429997603333334 12.409501456666668 2.4799965766666667
v 5.429997603333334 12.476499866666668 2.4799965766666667
v 5.429997603333334 12.476499866666668 0
v 5.8700026166666674 12.409501456666668 0
v 5.8700026166666674 12.476499866666668 0
v 5.8700026166666674 12.476499866666668 2.4799965766666667
v 5.8700026166666674 12.409501456666668 2.4799965766666667

f 285 286 287
f 285 287 288
f 289 290 291
f 289 291 292
f 285 289 292
f 285 292 286
f 288 287 291
f 288 291 290
f 285 288 290
f 285 290 289
f 286 292 291
f 286 291 287

v 9.77999557333334 12.409501456666673 0
v 9.77999557333334 12.409501456666673 2.479996576666668
v 9.77999557333334 12.476499866666673 2.479996576666668
v 9.77999557333334 12.476499866666673 0
v 10.220000586666673 12.409501456666673 0
v 10.220000586666673 12.476499866666673 0
v 10.220000586666673 12.476499866666673 2.479996576666668
v 10.220000586666673 12.409501456666673 2.479996576666668

f 293 294 295
f 293 295 296
f 297 298 299
f 297 299 300
f 293 297 300
f 293 300 294
f 296 295 299
f 296 299 298
f 293 296 298
f 293 298 297
f 294 300 299
f 294 299 295

v 13.880001556666675 12.409501456666673 0
v 13.880001556666675 12.409501456666673 2.479996576666668
v 13.880001556666675 12.476499866666673 2.479996576666668
v 13.880001556666675 12.476499866666673 0
v 14.319996613333341 12.409501456666673 0
v 14.319996613333341 12.476499866666673 0
v 14.319996613333341 12.476499866666673 2.479996576666668
v 14.319996613333341 12.409501456666673 2.479996576666668

f 301 302 303
f 301 303 304
f 305 306 307
f 305 307 308
f 301 305 308
f 301 308 302
f 304 303 307
f 304 307 306
f 301 304 306
f 301 306 305
f 302 308 307
f 302 307 303

v 0 -0.08402106666666667 4.501003386666667
v 0 -0.08402106666666667 4.5189931733333335
v 0 -0.05799000000000001 4.5189931733333335
v 0 -0.05799000000000001 4.501003386666667
v 15.419979146666668 -0.08402106666666667 4.501003386666667
v 15.419979146666668 -0.05799000000000001 4.501003386666667
v 15.419979146666668 -0.05799000000000001 4.5189931733333335
v 15.419979146666668 -0.08402106666666667 4.5189931733333335

usemtl saddlebrown
f 309 310 311
f 309 311 312
f 313 314 315
f 313 315 316
f 309 313 316
f 309 316 310
f 312 311 315
f 312 315 314
f 309 312 314
f 309 314 313
f 310 316 315
f 310 315 311

v 0 -0.08402106666666667 4.751004720000001
v 0 -0.08402106666666667 4.768994506666667
v 0 -0.05799000000000001 4.768994506666667
v 0 -0.05799000000000001 4.751004720000001
v 15.419979146666668 -0.08402106666666667 4.751004720000001
v 15.419979146666668 -0.05799000000000001 4.751004720000001
v 15.419979146666668 -0.05799000000000001 4.768994506666667
v 15.419979146666668 -0.08402106666666667 4.768994506666667

f 317 318 319
f 317 319 320
f 321 322 323
f 321 323 324
f 317 321 324
f 317 324 318
f 320 319 323
f 320 323 322
f 317 320 322
f 317 322 321
f 318 324 323
f 318 323 319

v 0 -0.08402106666666667 5.001006053333334
v 0 -0.08402106666666667 5.0189958400000005
v 0 -0.05799000000000001 5.0189958400000005
v 0 -0.05799000000000001 5.001006053333334
v 15.419979146666668 -0.08402106666666667 5.001006053333334
v 15.419979146666668 -0.05799000000000001 5.001006053333334
v 15.419979146666668 -0.05799000000000001 5.0189958400000005
v 15.419979146666668 -0.08402106666666667 5.0189958400000005

f 325 326 327
f 325 327 328
f 329 330 331
f 329 331 332
f 325 329 332
f 325 332 326
f 328 327 331
f 328 331 330
f 325 328 330
f 325 330 329
f 326 332 331
f 326 331 327

v 0 -0.08402106666666667 5.251007386666667
v 0 -0.08402106666666667 5.268997173333334
v 0 -0.05799000000000001 5.268997173333334
v 0 -0.05799000000000001 5.251007386666667
v 15.419979146666668 -0.08402106666666667 5.251007386666667
v 15.419979146666668 -0.05799000000000001 5.251007386666667
v 15.419979146666668 -0.05799000000000001 5.268997173333334
v 15.419979146666668 -0.08402106666666667 5.268997173333334

f 333 334 335
f 333 335 336
f 337 338 339
f 337 339 340
f 333 337 340
f 333 340 334
f 336 335 339
f 336 339 338
f 333 336 338
f 333 338 337
f 334 340 339
f 334 339 335

v 0 -0.08402106666666667 5.501008720000001
v 0 -0.08402106666666667 5.518998506666668
v 0 -0.05799000000000001 5.518998506666668
v 0 -0.05799000000000001 5.501008720000001
v 15.419979146666668 -0.08402106666666667 5.501008720000001
v 15.419979146666668 -0.05799000000000001 5.501008720000001
v 15.419979146666668 -0.05799000000000001 5.518998506666668
v 15.419979146666668 -0.08402106666666667 5.518998506666668

f 341 342 343
f 341 343 344
f 345 346 347
f 345 347 348
f 341 345 348
f 341 348 342
f 344 343 347
f 344 347 346
f 341 344 346
f 341 346 345
f 342 348 347
f 342 347 343

v 0 -0.08402106666666667 5.751010053333334
v 0 -0.08402106666666667 5.76899984
v 0 -0.05799000000000001 5.76899984
v 0 -0.05799000000000001 5.751010053333334
v 15.419979146666668 -0.08402106666666667 5.751010053333334
v 15.419979146666668 -0.05799000000000001 5.751010053333334
v 15.419979146666668 -0.05799000000000001 5.76899984
v 15.419979146666668 -0.08402106666666667 5.76899984

f 349 350 351
f 349 351 352
f 353 354 355
f 353 355 356
f 349 353 356
f 349 356 350
f 352 351 355
f 352 355 354
f 349 352 354
f 349 354 353
f 350 356 355
f 350 355 351

v 0 -0.08402106666666667 6.001011386666668
v 0 -0.08402106666666667 6.019001173333334
v 0 -0.05799000000000001 6.019001173333334
v 0 -0.05799000000000001 6.001011386666668
v 15.419979146666668 -0.08402106666666667 6.001011386666668
v 15.419979146666668 -0.05799000000000001 6.001011386666668
v 15.419979146666668 -0.05799000000000001 6.019001173333334
v 15.419979146666668 -0.08402106666666667 6.019001173333334

f 357 358 359
f 357 359 360
f 361 362 363
f 361 363 364
f 357 361 364
f 357 364 358
f 360 359 363
f 360 363 362
f 357 360 362
f 357 362 361
f 358 364 363
f 358 363 359

v 0 -0.08402106666666667 6.25101272
v 0 -0.08402106666666667 6.269002506666667
v 0 -0.05799000000000001 6.269002506666667
v 0 -0.05799000000000001 6.25101272
v 15.419979146666668 -0.08402106666666667 6.25101272
v 15.419979146666668 -0.05799000000000001 6.25101272
v 15.419979146666668 -0.05799000000000001 6.269002506666667
v 15.419979146666668 -0.08402106666666667 6.269002506666667

f 365 366 367
f 365 367 368
f 369 370 371
f 369 371 372
f 365 369 372
f 365 372 366
f 368 367 371
f 368 371 370
f 365 368 370
f 365 370 369
f 366 372 371
f 366 371 367

v 0 -0.08402106666666667 6.501014053333334
v 0 -0.08402106666666667 6.519003840000001
v 0 -0.05799000000000001 6.519003840000001
v 0 -0.05799000000000001 6.501014053333334
v 15.419979146666668 -0.08402106666666667 6.501014053333334
v 15.419979146666668 -0.05799000000000001 6.501014053333334
v 15.419979146666668 -0.05799000000000001 6.519003840000001
v 15.419979146666668 -0.08402106666666667 6.519003840000001

f 373 374 375
f 373 375 376
f 377 378 379
f 377 379 380
f 373 377 380
f 373 380 374
f 376 375 379
f 376 379 378
f 373 376 378
f 373 378 377
f 374 380 379
f 374 379 375

v 0 -0.08402106666666667 6.751015386666667
v 0 -0.08402106666666667 6.769005173333334
v 0 -0.05799000000000001 6.769005173333334
v 0 -0.05799000000000001 6.751015386666667
v 15.419979146666668 -0.08402106666666667 6.751015386666667
v 15.419979146666668 -0.05799000000000001 6.751015386666667
v 15.419979146666668 -0.05799000000000001 6.769005173333334
v 15.419979146666668 -0.08402106666666667 6.769005173333334

f 381 382 383
f 381 383 384
f 385 386 387
f 385 387 388
f 381 385 388
f 381 388 382
f 384 383 387
f 384 387 386
f 381 384 386
f 381 386 385
f 382 388 387
f 382 387 383

v 0 12.438004480000002 4.501003386666667
v 0 12.438004480000002 4.5189931733333335
v 0 12.463984000000002 4.5189931733333335
v 0 12.463984000000002 4.501003386666667
v 15.419979146666668 12.438004480000002 4.501003386666667
v 15.419979146666668 12.463984000000002 4.501003386666667
v 15.419979146666668 12.463984000000002 4.5189931733333335
v 15.419979146666668 12.438004480000002 4.5189931733333335

f 389 390 391
f 389 391 392
f 393 394 395
f 393 395 396
f 389 393 396
f 389 396 390
f 392 391 395
f 392 395 394
f 389 392 394
f 389 394 393
f 390 396 395
f 390 395 391

v 0 12.438004480000002 4.751004720000001
v 0 12.438004480000002 4.768994506666667
v 0 12.463984000000002 4.768994506666667
v 0 12.463984000000002 4.751004720000001
v 15.419979146666668 12.438004480000002 4.751004720000001
v 15.419979146666668 12.463984000000002 4.751004720000001
v 15.419979146666668 12.463984000000002 4.768994506666667
v 15.419979146666668 12.438004480000002 4.768994506666667

f 397 398 399
f 397 399 400
f 401 402 403
f 401 403 404
f 397 401 404
f 397 404 398
f 400 399 403
f 400 403 402
f 397 400 402
f 397 402 401
f 398 404 403
f 398 403 399

v 0 12.438004480000002 5.001006053333334
v 0 12.438004480000002 5.0189958400000005
v 0 12.463984000000002 5.0189958400000005
v 0 12.463984000000002 5.001006053333334
v 15.419979146666668 12.438004480000002 5.001006053333334
v 15.419979146666668 12.463984000000002 5.001006053333334
v 15.419979146666668 12.463984000000002 5.0189958400000005
v 15.419979146666668 12.438004480000002 5.0189958400000005

f 405 406 407
f 405 407 408
f 409 410 411
f 409 411 412
f 405 409 412
f 405 412 406
f 408 407 411
f 408 411 410
f 405 408 410
f 405 410 409
f 406 412 411
f 406 411 407

v 0 12.438004480000002 5.251007386666667
v 0 12.438004480000002 5.268997173333334
v 0 12.463984000000002 5.268997173333334
v 0 12.463984000000002 5.251007386666667
v 15.419979146666668 12.438004480000002 5.251007386666667
v 15.419979146666668 12.463984000000002 5.251007386666667
v 15.419979146666668 12.463984000000002 5.268997173333334
v 15.419979146666668 12.438004480000002 5.268997173333334

f 413 414 415
f 413 415 416
f 417 418 419
f 417 419 420
f 413 417 420
f 413 420 414
f 416 415 419
f 416 419 418
f 413 416 418
f 413 418 417
f 414 420 419
f 414 419 415

v 0 12.438004480000002 5.501008720000001
v 0 12.438004480000002 5.518998506666668
v 0 12.463984000000002 5.518998506666668
v 0 12.463984000000002 5.501008720000001
v 15.419979146666668 12.438004480000002 5.501008720000001
v 15.419979146666668 12.463984000000002 5.501008720000001
v 15.419979146666668 12.463984000000002 5.518998506666668
v 15.419979146666668 12.438004480000002 5.518998506666668

f 421 422 423
f 421 423 424
f 425 426 427
f 425 427 428
f 421 425 428
f 421 428 422
f 424 423 427
f 424 427 426
f 421 424 426
f 421 426 425
f 422 428 427
f 422 427 423

v 0 12.438004480000002 5.751010053333334
v 0 12.438004480000002 5.76899984
v 0 12.463984000000002 5.76899984
v 0 12.463984000000002 5.751010053333334
v 15.419979146666668 12.438004480000002 5.751010053333334
v 15.419979146666668 12.463984000000002 5.751010053333334
v 15.419979146666668 12.463984000000002 5.76899984
v 15.419979146666668 12.438004480000002 5.76899984

f 429 430 431
f 429 431 432
f 433 434 435
f 433 435 436
f 429 433 436
f 429 436 430
f 432 431 435
f 432 435 434
f 429 432 434
f 429 434 433
f 430 436 435
f 430 435 431

v 0 12.438004480000002 6.001011386666668
v 0 12.438004480000002 6.019001173333334
v 0 12.463984000000002 6.019001173333334
v 0 12.463984000000002 6.001011386666668
v 15.419979146666668 12.438004480000002 6.001011386666668
v 15.419979146666668 12.463984000000002 6.001011386666668
v 15.419979146666668 12.463984000000002 6.019001173333334
v 15.419979146666668 12.438004480000002 6.019001173333334

f 437 438 439
f 437 439 440
f 441 442 443
f 441 443 444
f 437 441 444
f 437 444 438
f 440 439 443
f 440 443 442
f 437 440 442
f 437 442 441
f 438 444 443
f 438 443 439

v 0 12.438004480000002 6.25101272
v 0 12.438004480000002 6.269002506666667
v 0 12.463984000000002 6.269002506666667
v 0 12.463984000000002 6.25101272
v 15.419979146666668 12.438004480000002 6.25101272
v 15.419979146666668 12.463984000000002 6.25101272
v 15.419979146666668 12.463984000000002 6.269002506666667
v 15.419979146666668 12.438004480000002 6.269002506666667

f 445 446 447
f 445 447 448
f 449 450 451
f 449 451 452
f 445 449 452
f 445 452 446
f 448 447 451
f 448 451 450
f 445 448 450
f 445 450 449
f 446 452 451
f 446 451 447

v 0 12.438004480000002 6.501014053333334
v 0 12.438004480000002 6.519003840000001
v 0 12.463984000000002 6.519003840000001
v 0 12.463984000000002 6.501014053333334
v 15.419979146666668 12.438004480000002 6.501014053333334
v 15.419979146666668 12.463984000000002 6.501014053333334
v 15.419979146666668 12.463984000000002 6.519003840000001
v 15.419979146666668 12.438004480000002 6.519003840000001

f 453 454 455
f 453 455 456
f 457 458 459
f 457 459 460
f 453 457 460
f 453 460 454
f 456 455 459
f 456 459 458
f 453 456 458
f 453 458 457
f 454 460 459
f 454 459 455

v 0 12.438004480000002 6.751015386666667
v 0 12.438004480000002 6.769005173333334
v 0 12.463984000000002 6.769005173333334
v 0 12.463984000000002 6.751015386666667
v 15.419979146666668 12.438004480000002 6.751015386666667
v 15.419979146666668 12.463984000000002 6.751015386666667
v 15.419979146666668 12.463984000000002 6.769005173333334
v 15.419979146666668 12.438004480000002 6.769005173333334

f 461 462 463
f 461 463 464
f 465 466 467
f 465 467 468
f 461 465 468
f 461 468 462
f 464 463 467
f 464 467 466
f 461 464 466
f 461 466 465
f 462 468 467
f 462 467 463

v -0.08800333333333335 0 4.501008133333334
v -0.08800333333333335 0 4.5189815200000005
v -0.08800333333333335 12.380019040000002 4.5189815200000005
v -0.08800333333333335 12.380019040000002 4.501008133333334
v -0.06199576000000001 0 4.501008133333334
v -0.06199576000000001 12.380019040000002 4.501008133333334
v -0.06199576000000001 12.380019040000002 4.5189815200000005
v -0.06199576000000001 0 4.5189815200000005

f 469 470 471
f 469 471 472
f 473 474 475
f 473 475 476
f 469 473 476
f 469 476 470
f 472 471 475
f 472 475 474
f 469 472 474
f 469 474 473
f 470 476 475
f 470 475 471

v -0.08800333333333335 0 4.751020426666667
v -0.08800333333333335 0 4.768993813333334
v -0.08800333333333335 12.380019040000002 4.768993813333334
v -0.08800333333333335 12.380019040000002 4.751020426666667
v -0.06199576000000001 0 4.751020426666667
v -0.06199576000000001 12.380019040000002 4.751020426666667
v -0.06199576000000001 12.380019040000002 4.768993813333334
v -0.06199576000000001 0 4.768993813333334

f 477 478 479
f 477 479 480
f 481 482 483
f 481 483 484
f 477 481 484
f 477 484 478
f 480 479 483
f 480 483 482
f 477 480 482
f 477 482 481
f 478 484 483
f 478 483 479

v -0.08800333333333335 0 5.000991306666667
v -0.08800333333333335 0 5.019006106666668
v -0.08800333333333335 12.380019040000002 5.019006106666668
v -0.08800333333333335 12.380019040000002 5.000991306666667
v -0.06199576000000001 0 5.000991306666667
v -0.06199576000000001 12.380019040000002 5.000991306666667
v -0.06199576000000001 12.380019040000002 5.019006106666668
v -0.06199576000000001 0 5.019006106666668

f 485 486 487
f 485 487 488
f 489 490 491
f 489 491 492
f 485 489 492
f 485 492 486
f 488 487 491
f 488 491 490
f 485 488 490
f 485 490 489
f 486 492 491
f 486 491 487

v -0.08800333333333335 0 5.251003600000001
v -0.08800333333333335 0 5.269018400000001
v -0.08800333333333335 12.380019040000002 5.269018400000001
v -0.08800333333333335 12.380019040000002 5.251003600000001
v -0.06199576000000001 0 5.251003600000001
v -0.06199576000000001 12.380019040000002 5.251003600000001
v -0.06199576000000001 12.380019040000002 5.269018400000001
v -0.06199576000000001 0 5.269018400000001

f 493 494 495
f 493 495 496
f 497 498 499
f 497 499 500
f 493 497 500
f 493 500 494
f 496 495 499
f 496 499 498
f 493 496 498
f 493 498 497
f 494 500 499
f 494 499 495

v -0.08800333333333335 0 5.501015893333334
v -0.08800333333333335 0 5.51898928
v -0.08800333333333335 12.380019040000002 5.51898928
v -0.08800333333333335 12.380019040000002 5.501015893333334
v -0.06199576000000001 0 5.501015893333334
v -0.06199576000000001 12.380019040000002 5.501015893333334
v -0.06199576000000001 12.380019040000002 5.51898928
v -0.06199576000000001 0 5.51898928

f 501 502 503
f 501 503 504
f 505 506 507
f 505 507 508
f 501 505 508
f 501 508 502
f 504 503 507
f 504 507 506
f 501 504 506
f 501 506 505
f 502 508 507
f 502 507 503

v -0.08800333333333335 0 5.750986773333334
v -0.08800333333333335 0 5.769001573333334
v -0.08800333333333335 12.380019040000002 5.769001573333334
v -0.08800333333333335 12.380019040000002 5.750986773333334
v -0.06199576000000001 0 5.750986773333334
v -0.06199576000000001 12.380019040000002 5.750986773333334
v -0.06199576000000001 12.380019040000002 5.769001573333334
v -0.06199576000000001 0 5.769001573333334

f 509 510 511
f 509 511 512
f 513 514 515
f 513 515 516
f 509 513 516
f 509 516 510
f 512 511 515
f 512 515 514
f 509 512 514
f 509 514 513
f 510 516 515
f 510 515 511

v -0.08800333333333335 0 6.000999066666667
v -0.08800333333333335 0 6.0190138666666675
v -0.08800333333333335 12.380019040000002 6.0190138666666675
v -0.08800333333333335 12.380019040000002 6.000999066666667
v -0.06199576000000001 0 6.000999066666667
v -0.06199576000000001 12.380019040000002 6.000999066666667
v -0.06199576000000001 12.380019040000002 6.0190138666666675
v -0.06199576000000001 0 6.0190138666666675

f 517 518 519
f 517 519 520
f 521 522 523
f 521 523 524
f 517 521 524
f 517 524 518
f 520 519 523
f 520 523 522
f 517 520 522
f 517 522 521
f 518 524 523
f 518 523 519

v -0.08800333333333335 0 6.251011360000001
v -0.08800333333333335 0 6.268984746666668
v -0.08800333333333335 12.380019040000002 6.268984746666668
v -0.08800333333333335 12.380019040000002 6.251011360000001
v -0.06199576000000001 0 6.251011360000001
v -0.06199576000000001 12.380019040000002 6.251011360000001
v -0.06199576000000001 12.380019040000002 6.268984746666668
v -0.06199576000000001 0 6.268984746666668

f 525 526 527
f 525 527 528
f 529 530 531
f 529 531 532
f 525 529 532
f 525 532 526
f 528 527 531
f 528 531 530
f 525 528 530
f 525 530 529
f 526 532 531
f 526 531 527

v -0.08800333333333335 0 6.500982240000001
v -0.08800333333333335 0 6.518997040000001
v -0.08800333333333335 12.380019040000002 6.518997040000001
v -0.08800333333333335 12.380019040000002 6.500982240000001
v -0.06199576000000001 0 6.500982240000001
v -0.06199576000000001 12.380019040000002 6.500982240000001
v -0.06199576000000001 12.380019040000002 6.518997040000001
v -0.06199576000000001 0 6.518997040000001

f 533 534 535
f 533 535 536
f 537 538 539
f 537 539 540
f 533 537 540
f 533 540 534
f 536 535 539
f 536 539 538
f 533 536 538
f 533 538 537
f 534 540 539
f 534 539 535

v -0.08800333333333335 0 6.750994533333334
v -0.08800333333333335 0 6.769009333333334
v -0.08800333333333335 12.380019040000002 6.769009333333334
v -0.08800333333333335 12.380019040000002 6.750994533333334
v -0.06199576000000001 0 6.750994533333334
v -0.06199576000000001 12.380019040000002 6.750994533333334
v -0.06199576000000001 12.380019040000002 6.769009333333334
v -0.06199576000000001 0 6.769009333333334

f 541 542 543
f 541 543 544
f 545 546 547
f 545 547 548
f 541 545 548
f 541 548 542
f 544 543 547
f 544 547 546
f 541 544 546
f 541 546 545
f 542 548 547
f 542 547 543

v 1.5900024000000001 -0.12250221666666668 5.160003100000001
v 1.5900024000000001 -0.12250221666666668 6.379997283333334
v 1.5900024000000001 -0.07749886666666668 6.379997283333334
v 1.5900024000000001 -0.07749886666666668 5.160003100000001
v 2.8099965833333336 -0.12250221666666668 5.160003100000001
v 2.8099965833333336 -0.07749886666666668 5.160003100000001
v 2.8099965833333336 -0.07749886666666668 6.379997283333334
v 2.8099965833333336 -0.12250221666666668 6.379997283333334

usemtl darkslategray
f 549 550 551
f 549 551 552
f 553 554 555
f 553 555 556
f 549 553 556
f 549 556 550
f 552 551 555
f 552 555 554
f 549 552 554
f 549 554 553
f 550 556 555
f 550 555 551

v 1.5199998333333333 -0.14050178333333332 5.0900003
v 1.5199998333333333 -0.14050178333333332 5.15999785
v 1.5199998333333333 -0.06549759999999999 5.15999785
v 1.5199998333333333 -0.06549759999999999 5.0900003
v 2.8799981 -0.14050178333333332 5.0900003
v 2.8799981 -0.06549759999999999 5.0900003
v 2.8799981 -0.06549759999999999 5.15999785
v 2.8799981 -0.14050178333333332 5.15999785

usemtl black
f 557 558 559
f 557 559 560
f 561 562 563
f 561 563 564
f 557 561 564
f 557 564 558
f 560 559 563
f 560 563 562
f 557 560 562
f 557 562 561
f 558 564 563
f 558 563 559

v 1.5199998333333333 -0.14050178333333332 6.380001016666666
v 1.5199998333333333 -0.14050178333333332 6.449998566666666
v 1.5199998333333333 -0.06549759999999999 6.449998566666666
v 1.5199998333333333 -0.06549759999999999 6.380001016666666
v 2.8799981 -0.14050178333333332 6.380001016666666
v 2.8799981 -0.06549759999999999 6.380001016666666
v 2.8799981 -0.06549759999999999 6.449998566666666
v 2.8799981 -0.14050178333333332 6.449998566666666

f 565 566 567
f 565 567 568
f 569 570 571
f 569 571 572
f 565 569 572
f 565 572 566
f 568 567 571
f 568 571 570
f 565 568 570
f 565 570 569
f 566 572 571
f 566 571 567

v 1.5200003000000004 -0.14049945000000005 5.160000300000002
v 1.5200003000000004 -0.14049945000000005 6.3800009000000015
v 1.5200003000000004 -0.06550180000000001 6.3800009000000015
v 1.5200003000000004 -0.06550180000000001 5.160000300000002
v 1.5900020500000005 -0.14049945000000005 5.160000300000002
v 1.5900020500000005 -0.06550180000000001 5.160000300000002
v 1.5900020500000005 -0.06550180000000001 6.3800009000000015
v 1.5900020500000005 -0.14049945000000005 6.3800009000000015

f 573 574 575
f 573 575 576
f 577 578 579
f 577 579 580
f 573 577 580
f 573 580 574
f 576 575 579
f 576 579 578
f 573 576 578
f 573 578 577
f 574 580 579
f 574 579 575

v 2.809998100000002 -0.14049945000000008 5.160000300000004
v 2.809998100000002 -0.14049945000000008 6.380000900000004
v 2.809998100000002 -0.06550180000000004 6.380000900000004
v 2.809998100000002 -0.06550180000000004 5.160000300000004
v 2.8799998500000017 -0.14049945000000008 5.160000300000004
v 2.8799998500000017 -0.06550180000000004 5.160000300000004
v 2.8799998500000017 -0.06550180000000004 6.380000900000004
v 2.8799998500000017 -0.14049945000000008 6.380000900000004

f 581 582 583
f 581 583 584
f 585 586 587
f 585 587 588
f 581 585 588
f 581 588 582
f 584 583 587
f 584 587 586
f 581 584 586
f 581 586 585
f 582 588 587
f 582 587 583

v 1.5900007166666663 -0.14599974999999998 5.747498833333332
v 1.5900007166666663 -0.14599974999999998 5.792498049999999
v 1.5900007166666663 -0.06599914999999999 5.792498049999999
v 1.5900007166666663 -0.06599914999999999 5.747498833333332
v 2.8100008999999995 -0.14599974999999998 5.747498833333332
v 2.8100008999999995 -0.06599914999999999 5.747498833333332
v 2.8100008999999995 -0.06599914999999999 5.792498049999999
v 2.8100008999999995 -0.14599974999999998 5.792498049999999

f 589 590 591
f 589 591 592
f 593 594 595
f 593 595 596
f 589 593 596
f 589 596 590
f 592 591 595
f 592 595 594
f 589 592 594
f 589 594 593
f 590 596 595
f 590 595 591

v 4.7049948 -0.14750414999999997 4.339999349999999
v 4.7049948 -0.14750414999999997 6.370005149999999
v 4.7049948 -0.0924984 6.370005149999999
v 4.7049948 -0.0924984 4.339999349999999
v 6.5349962999999995 -0.14750414999999997 4.339999349999999
v 6.5349962999999995 -0.0924984 4.339999349999999
v 6.5349962999999995 -0.0924984 6.370005149999999
v 6.5349962999999995 -0.14750414999999997 6.370005149999999

usemtl darkslategray
f 597 598 599
f 597 599 600
f 601 602 603
f 601 603 604
f 597 601 604
f 597 604 598
f 600 599 603
f 600 603 602
f 597 600 602
f 597 602 601
f 598 604 603
f 598 603 599

v 4.635000700000002 -0.16900130000000008 4.269996800000002
v 4.635000700000002 -0.16900130000000008 4.340002800000002
v 4.635000700000002 -0.07900170000000004 4.340002800000002
v 4.635000700000002 -0.07900170000000004 4.269996800000002
v 6.605002200000003 -0.16900130000000008 4.269996800000002
v 6.605002200000003 -0.07900170000000004 4.269996800000002
v 6.605002200000003 -0.07900170000000004 4.340002800000002
v 6.605002200000003 -0.16900130000000008 4.340002800000002

usemtl black
f 605 606 607
f 605 607 608
f 609 610 611
f 609 611 612
f 605 609 612
f 605 612 606
f 608 607 611
f 608 611 610
f 605 608 610
f 605 610 609
f 606 612 611
f 606 611 607

v 4.635000700000002 -0.16900130000000008 6.369999300000003
v 4.635000700000002 -0.16900130000000008 6.4399982000000024
v 4.635000700000002 -0.07900170000000004 6.4399982000000024
v 4.635000700000002 -0.07900170000000004 6.369999300000003
v 6.605002200000003 -0.16900130000000008 6.369999300000003
v 6.605002200000003 -0.07900170000000004 6.369999300000003
v 6.605002200000003 -0.07900170000000004 6.4399982000000024
v 6.605002200000003 -0.16900130000000008 6.4399982000000024

f 613 614 615
f 613 615 616
f 617 618 619
f 617 619 620
f 613 617 620
f 613 620 614
f 616 615 619
f 616 619 618
f 613 616 618
f 613 618 617
f 614 620 619
f 614 619 615

v 4.635003599999999 -0.16900229999999997 4.340003299999999
v 4.635003599999999 -0.16900229999999997 6.370001899999999
v 4.635003599999999 -0.07900059999999999 6.370001899999999
v 4.635003599999999 -0.07900059999999999 4.340003299999999
v 4.7050032999999996 -0.16900229999999997 4.340003299999999
v 4.7050032999999996 -0.07900059999999999 4.340003299999999
v 4.7050032999999996 -0.07900059999999999 6.370001899999999
v 4.7050032999999996 -0.16900229999999997 6.370001899999999

f 621 622 623
f 621 623 624
f 625 626 627
f 625 627 628
f 621 625 628
f 621 628 622
f 624 623 627
f 624 627 626
f 621 624 626
f 621 626 625
f 622 628 627
f 622 627 623

v 6.534996499999999 -0.16900229999999997 4.340003299999999
v 6.534996499999999 -0.16900229999999997 6.370001899999999
v 6.534996499999999 -0.07900059999999999 6.370001899999999
v 6.534996499999999 -0.07900059999999999 4.340003299999999
v 6.605003499999999 -0.16900229999999997 4.340003299999999
v 6.605003499999999 -0.07900059999999999 4.340003299999999
v 6.605003499999999 -0.07900059999999999 6.370001899999999
v 6.605003499999999 -0.16900229999999997 6.370001899999999

f 629 630 631
f 629 631 632
f 633 634 635
f 633 635 636
f 629 633 636
f 629 636 630
f 632 631 635
f 632 635 634
f 629 632 634
f 629 634 633
f 630 636 635
f 630 635 631

v 5.594999 -0.17550075 4.34000225
v 5.594999 -0.17550075 6.37000225
v 5.594999 -0.08049675 6.37000225
v 5.594999 -0.08049675 4.34000225
v 5.64500225 -0.17550075 4.34000225
v 5.64500225 -0.08049675 4.34000225
v 5.64500225 -0.08049675 6.37000225
v 5.64500225 -0.17550075 6.37000225

f 637 638 639
f 637 639 640
f 641 642 643
f 641 643 644
f 637 641 644
f 637 644 638
f 640 639 643
f 640 643 642
f 637 640 642
f 637 642 641
f 638 644 643
f 638 643 639

v 4.705003000000002 -0.17549850000000008 5.329998333333336
v 4.705003000000002 -0.17549850000000008 5.379998750000002
v 4.705003000000002 -0.08050100000000003 5.379998750000002
v 4.705003000000002 -0.08050100000000003 5.329998333333336
v 6.534998500000003 -0.17549850000000008 5.329998333333336
v 6.534998500000003 -0.08050100000000003 5.329998333333336
v 6.534998500000003 -0.08050100000000003 5.379998750000002
v 6.534998500000003 -0.17549850000000008 5.379998750000002

f 645 646 647
f 645 647 648
f 649 650 651
f 649 651 652
f 645 649 652
f 645 652 646
f 648 647 651
f 648 651 650
f 645 648 650
f 645 650 649
f 646 652 651
f 646 651 647

v 8.4150054 -0.15250809999999998 4.3100061
v 8.4150054 -0.15250809999999998 6.749990216666666
v 8.4150054 -0.08749783333333333 6.749990216666666
v 8.4150054 -0.08749783333333333 4.3100061
v 12.144990233333333 -0.15250809999999998 4.3100061
v 12.144990233333333 -0.08749783333333333 4.3100061
v 12.144990233333333 -0.08749783333333333 6.749990216666666
v 12.144990233333333 -0.15250809999999998 6.749990216666666

usemtl gray
f 653 654 655
f 653 655 656
f 657 658 659
f 657 659 660
f 653 657 660
f 653 660 654
f 656 655 659
f 656 659 658
f 653 656 658
f 653 658 657
f 654 660 659
f 654 659 655

v 8.324994733333336 -0.17750020000000005 4.219994733333334
v 8.324994733333336 -0.17750020000000005 4.310003700000001
v 8.324994733333336 -0.07249430000000001 4.310003700000001
v 8.324994733333336 -0.07249430000000001 4.219994733333334
v 12.234993550000002 -0.17750020000000005 4.219994733333334
v 12.234993550000002 -0.07249430000000001 4.219994733333334
v 12.234993550000002 -0.07249430000000001 4.310003700000001
v 12.234993550000002 -0.17750020000000005 4.310003700000001

usemtl black
f 661 662 663
f 661 663 664
f 665 666 667
f 665 667 668
f 661 665 668
f 661 668 662
f 664 663 667
f 664 667 666
f 661 664 666
f 661 666 665
f 662 668 667
f 662 667 663

v 8.324994733333336 -0.17750020000000005 6.750002016666668
v 8.324994733333336 -0.17750020000000005 6.839997300000002
v 8.324994733333336 -0.07249430000000001 6.839997300000002
v 8.324994733333336 -0.07249430000000001 6.750002016666668
v 12.234993550000002 -0.17750020000000005 6.750002016666668
v 12.234993550000002 -0.07249430000000001 6.750002016666668
v 12.234993550000002 -0.07249430000000001 6.839997300000002
v 12.234993550000002 -0.17750020000000005 6.839997300000002

f 669 670 671
f 669 671 672
f 673 674 675
f 673 675 676
f 669 673 676
f 669 676 670
f 672 671 675
f 672 675 674
f 669 672 674
f 669 674 673
f 670 676 675
f 670 675 671

v 8.325001433333332 -0.17750238333333332 4.3099992333333335
v 8.325001433333332 -0.17750238333333332 6.75000045
v 8.325001433333332 -0.07249763333333333 6.75000045
v 8.325001433333332 -0.07249763333333333 4.3099992333333335
v 8.415004249999999 -0.17750238333333332 4.3099992333333335
v 8.415004249999999 -0.07249763333333333 4.3099992333333335
v 8.415004249999999 -0.07249763333333333 6.75000045
v 8.415004249999999 -0.17750238333333332 6.75000045

f 677 678 679
f 677 679 680
f 681 682 683
f 681 683 684
f 677 681 684
f 677 684 678
f 680 679 683
f 680 683 682
f 677 680 682
f 677 682 681
f 678 684 683
f 678 683 679

v 12.144996066666666 -0.17750238333333332 4.3099992333333335
v 12.144996066666666 -0.17750238333333332 6.75000045
v 12.144996066666666 -0.07249763333333333 6.75000045
v 12.144996066666666 -0.07249763333333333 4.3099992333333335
v 12.234998883333333 -0.17750238333333332 4.3099992333333335
v 12.234998883333333 -0.07249763333333333 4.3099992333333335
v 12.234998883333333 -0.07249763333333333 6.75000045
v 12.234998883333333 -0.17750238333333332 6.75000045

f 685 686 687
f 685 687 688
f 689 690 691
f 689 691 692
f 685 689 692
f 685 692 686
f 688 687 691
f 688 691 690
f 685 688 690
f 685 690 689
f 686 692 691
f 686 691 687

v 8.414995133333335 -0.16549430000000004 4.785495633333334
v 8.414995133333335 -0.16549430000000004 4.810505533333334
v 8.414995133333335 -0.09050290000000002 4.810505533333334
v 8.414995133333335 -0.09050290000000002 4.785495633333334
v 12.144993833333336 -0.16549430000000004 4.785495633333334
v 12.144993833333336 -0.09050290000000002 4.785495633333334
v 12.144993833333336 -0.09050290000000002 4.810505533333334
v 12.144993833333336 -0.16549430000000004 4.810505533333334

f 693 694 695
f 693 695 696
f 697 698 699
f 697 699 700
f 693 697 700
f 693 700 694
f 696 695 699
f 696 699 698
f 693 696 698
f 693 698 697
f 694 700 699
f 694 699 695

v 8.414995133333335 -0.16549430000000004 5.2735014666666675
v 8.414995133333335 -0.16549430000000004 5.298498600000001
v 8.414995133333335 -0.09050290000000002 5.298498600000001
v 8.414995133333335 -0.09050290000000002 5.2735014666666675
v 12.144993833333336 -0.16549430000000004 5.2735014666666675
v 12.144993833333336 -0.09050290000000002 5.2735014666666675
v 12.144993833333336 -0.09050290000000002 5.298498600000001
v 12.144993833333336 -0.16549430000000004 5.298498600000001

f 701 702 703
f 701 703 704
f 705 706 707
f 705 707 708
f 701 705 708
f 701 708 702
f 704 703 707
f 704 707 706
f 701 704 706
f 701 706 705
f 702 708 707
f 702 707 703

v 8.414995133333335 -0.16549430000000004 5.761494533333335
v 8.414995133333335 -0.16549430000000004 5.786504433333334
v 8.414995133333335 -0.09050290000000002 5.786504433333334
v 8.414995133333335 -0.09050290000000002 5.761494533333335
v 12.144993833333336 -0.16549430000000004 5.761494533333335
v 12.144993833333336 -0.09050290000000002 5.761494533333335
v 12.144993833333336 -0.09050290000000002 5.786504433333334
v 12.144993833333336 -0.16549430000000004 5.786504433333334

f 709 710 711
f 709 711 712
f 713 714 715
f 713 715 716
f 709 713 716
f 709 716 710
f 712 711 715
f 712 715 714
f 709 712 714
f 709 714 713
f 710 716 715
f 710 715 711

v 8.414995133333335 -0.16549430000000004 6.249500366666668
v 8.414995133333335 -0.16549430000000004 6.274497500000002
v 8.414995133333335 -0.09050290000000002 6.274497500000002
v 8.414995133333335 -0.09050290000000002 6.249500366666668
v 12.144993833333336 -0.16549430000000004 6.249500366666668
v 12.144993833333336 -0.09050290000000002 6.249500366666668
v 12.144993833333336 -0.09050290000000002 6.274497500000002
v 12.144993833333336 -0.16549430000000004 6.274497500000002

f 717 718 719
f 717 719 720
f 721 722 723
f 721 723 724
f 717 721 724
f 717 724 718
f 720 719 723
f 720 723 722
f 717 720 722
f 717 722 721
f 718 724 723
f 718 723 719

v 12.939999683333332 -0.12250221666666665 5.160003099999999
v 12.939999683333332 -0.12250221666666665 6.379997283333332
v 12.939999683333332 -0.07749886666666667 6.379997283333332
v 12.939999683333332 -0.07749886666666667 5.160003099999999
v 14.160002149999999 -0.12250221666666665 5.160003099999999
v 14.160002149999999 -0.07749886666666667 5.160003099999999
v 14.160002149999999 -0.07749886666666667 6.379997283333332
v 14.160002149999999 -0.12250221666666665 6.379997283333332

usemtl darkslategray
f 725 726 727
f 725 727 728
f 729 730 731
f 729 731 732
f 725 729 732
f 725 732 726
f 728 727 731
f 728 731 730
f 725 728 730
f 725 730 729
f 726 732 731
f 726 731 727

v 12.870002483333332 -0.14050178333333332 5.0900003
v 12.870002483333332 -0.14050178333333332 5.15999785
v 12.870002483333332 -0.06549759999999999 5.15999785
v 12.870002483333332 -0.06549759999999999 5.0900003
v 14.230000749999999 -0.14050178333333332 5.0900003
v 14.230000749999999 -0.06549759999999999 5.0900003
v 14.230000749999999 -0.06549759999999999 5.15999785
v 14.230000749999999 -0.14050178333333332 5.15999785

usemtl black
f 733 734 735
f 733 735 736
f 737 738 739
f 737 739 740
f 733 737 740
f 733 740 734
f 736 735 739
f 736 739 738
f 733 736 738
f 733 738 737
f 734 740 739
f 734 739 735

v 12.870002483333332 -0.14050178333333332 6.380001016666666
v 12.870002483333332 -0.14050178333333332 6.449998566666666
v 12.870002483333332 -0.06549759999999999 6.449998566666666
v 12.870002483333332 -0.06549759999999999 6.380001016666666
v 14.230000749999999 -0.14050178333333332 6.380001016666666
v 14.230000749999999 -0.06549759999999999 6.380001016666666
v 14.230000749999999 -0.06549759999999999 6.449998566666666
v 14.230000749999999 -0.14050178333333332 6.449998566666666

f 741 742 743
f 741 743 744
f 745 746 747
f 745 747 748
f 741 745 748
f 741 748 742
f 744 743 747
f 744 747 746
f 741 744 746
f 741 746 745
f 742 748 747
f 742 747 743

v 12.869998050000008 -0.14049945000000008 5.160000300000004
v 12.869998050000008 -0.14049945000000008 6.380000900000004
v 12.869998050000008 -0.06550180000000004 6.380000900000004
v 12.869998050000008 -0.06550180000000004 5.160000300000004
v 12.939999800000008 -0.14049945000000008 5.160000300000004
v 12.939999800000008 -0.06550180000000004 5.160000300000004
v 12.939999800000008 -0.06550180000000004 6.380000900000004
v 12.939999800000008 -0.14049945000000008 6.380000900000004

f 749 750 751
f 749 751 752
f 753 754 755
f 753 755 756
f 749 753 756
f 749 756 750
f 752 751 755
f 752 755 754
f 749 752 754
f 749 754 753
f 750 756 755
f 750 755 751

v 14.16000040000001 -0.14049945000000008 5.160000300000004
v 14.16000040000001 -0.14049945000000008 6.380000900000004
v 14.16000040000001 -0.06550180000000004 6.380000900000004
v 14.16000040000001 -0.06550180000000004 5.160000300000004
v 14.23000215000001 -0.14049945000000008 5.160000300000004
v 14.23000215000001 -0.06550180000000004 5.160000300000004
v 14.23000215000001 -0.06550180000000004 6.380000900000004
v 14.23000215000001 -0.14049945000000008 6.380000900000004

f 757 758 759
f 757 759 760
f 761 762 763
f 761 763 764
f 757 761 764
f 757 764 758
f 760 759 763
f 760 763 762
f 757 760 762
f 757 762 761
f 758 764 763
f 758 763 759

v 12.939998416666658 -0.1459997499999999 5.747498833333329
v 12.939998416666658 -0.1459997499999999 5.792498049999995
v 12.939998416666658 -0.06599914999999995 5.792498049999995
v 12.939998416666658 -0.06599914999999995 5.747498833333329
v 14.159998599999989 -0.1459997499999999 5.747498833333329
v 14.159998599999989 -0.06599914999999995 5.747498833333329
v 14.159998599999989 -0.06599914999999995 5.792498049999995
v 14.159998599999989 -0.1459997499999999 5.792498049999995

f 765 766 767
f 765 767 768
f 769 770 771
f 769 771 772
f 765 769 772
f 765 772 766
f 768 767 771
f 768 771 770
f 765 768 770
f 765 770 769
f 766 772 771
f 766 771 767

v 1.9800049833333349 12.467504866666676 0.05000233333333337
v 1.9800049833333349 12.467504866666676 2.4899938166666686
v 1.9800049833333349 12.53250790000001 2.4899938166666686
v 1.9800049833333349 12.53250790000001 0.05000233333333337
v 4.719992983333337 12.467504866666676 0.05000233333333337
v 4.719992983333337 12.53250790000001 0.05000233333333337
v 4.719992983333337 12.53250790000001 2.4899938166666686
v 4.719992983333337 12.467504866666676 2.4899938166666686

usemtl gray
f 773 774 775
f 773 775 776
f 777 778 779
f 777 779 780
f 773 777 780
f 773 780 774
f 776 775 779
f 776 779 778
f 773 776 778
f 773 778 777
f 774 780 779
f 774 779 775

v 1.8899951000000008 12.442504083333338 -0.039996600000000014
v 1.8899951000000008 12.442504083333338 0.04999575000000002
v 1.8899951000000008 12.547500350000005 0.04999575000000002
v 1.8899951000000008 12.547500350000005 -0.039996600000000014
v 4.809996100000002 12.442504083333338 -0.039996600000000014
v 4.809996100000002 12.547500350000005 -0.039996600000000014
v 4.809996100000002 12.547500350000005 0.04999575000000002
v 4.809996100000002 12.442504083333338 0.04999575000000002

usemtl black
f 781 782 783
f 781 783 784
f 785 786 787
f 785 787 788
f 781 785 788
f 781 788 782
f 784 783 787
f 784 787 786
f 781 784 786
f 781 786 785
f 782 788 787
f 782 787 783

v 1.8899951000000008 12.442504083333338 2.4899960166666677
v 1.8899951000000008 12.442504083333338 2.579998750000001
v 1.8899951000000008 12.547500350000005 2.579998750000001
v 1.8899951000000008 12.547500350000005 2.4899960166666677
v 4.809996100000002 12.442504083333338 2.4899960166666677
v 4.809996100000002 12.547500350000005 2.4899960166666677
v 4.809996100000002 12.547500350000005 2.579998750000001
v 4.809996100000002 12.442504083333338 2.579998750000001

f 789 790 791
f 789 791 792
f 793 794 795
f 793 795 796
f 789 793 796
f 789 796 790
f 792 791 795
f 792 795 794
f 789 792 794
f 789 794 793
f 790 796 795
f 790 795 791

v 1.8899976666666674 12.442496350000004 0.050003516666666685
v 1.8899976666666674 12.442496350000004 2.489995950000001
v 1.8899976666666674 12.547501100000003 2.489995950000001
v 1.8899976666666674 12.547501100000003 0.050003516666666685
v 1.980000483333334 12.442496350000004 0.050003516666666685
v 1.980000483333334 12.547501100000003 0.050003516666666685
v 1.980000483333334 12.547501100000003 2.489995950000001
v 1.980000483333334 12.442496350000004 2.489995950000001

f 797 798 799
f 797 799 800
f 801 802 803
f 801 803 804
f 797 801 804
f 797 804 798
f 800 799 803
f 800 803 802
f 797 800 802
f 797 802 801
f 798 804 803
f 798 803 799

v 4.719996450000002 12.442496350000004 0.050003516666666685
v 4.719996450000002 12.442496350000004 2.489995950000001
v 4.719996450000002 12.547501100000003 2.489995950000001
v 4.719996450000002 12.547501100000003 0.050003516666666685
v 4.809999266666669 12.442496350000004 0.050003516666666685
v 4.809999266666669 12.547501100000003 0.050003516666666685
v 4.809999266666669 12.547501100000003 2.489995950000001
v 4.809999266666669 12.442496350000004 2.489995950000001

f 805 806 807
f 805 807 808
f 809 810 811
f 809 811 812
f 805 809 812
f 805 812 806
f 808 807 811
f 808 811 810
f 805 808 810
f 805 810 809
f 806 812 811
f 806 811 807

v 1.9800006666666667 12.454498133333333 0.5255041333333333
v 1.9800006666666667 12.454498133333333 0.5504961333333334
v 1.9800006666666667 12.529502533333334 0.5504961333333334
v 1.9800006666666667 12.529502533333334 0.5255041333333333
v 4.720004266666667 12.454498133333333 0.5255041333333333
v 4.720004266666667 12.529502533333334 0.5255041333333333
v 4.720004266666667 12.529502533333334 0.5504961333333334
v 4.720004266666667 12.454498133333333 0.5504961333333334

f 813 814 815
f 813 815 816
f 817 818 819
f 817 819 820
f 813 817 820
f 813 820 814
f 816 815 819
f 816 819 818
f 813 816 818
f 813 818 817
f 814 820 819
f 814 819 815

v 1.9800006666666667 12.454498133333333 1.0135013333333334
v 1.9800006666666667 12.454498133333333 1.0385028
v 1.9800006666666667 12.529502533333334 1.0385028
v 1.9800006666666667 12.529502533333334 1.0135013333333334
v 4.720004266666667 12.454498133333333 1.0135013333333334
v 4.720004266666667 12.529502533333334 1.0135013333333334
v 4.720004266666667 12.529502533333334 1.0385028
v 4.720004266666667 12.454498133333333 1.0385028

f 821 822 823
f 821 823 824
f 825 826 827
f 825 827 828
f 821 825 828
f 821 828 822
f 824 823 827
f 824 827 826
f 821 824 826
f 821 826 825
f 822 828 827
f 822 827 823

v 1.9800006666666667 12.454498133333333 1.5014985333333333
v 1.9800006666666667 12.454498133333333 1.5265
v 1.9800006666666667 12.529502533333334 1.5265
v 1.9800006666666667 12.529502533333334 1.5014985333333333
v 4.720004266666667 12.454498133333333 1.5014985333333333
v 4.720004266666667 12.529502533333334 1.5014985333333333
v 4.720004266666667 12.529502533333334 1.5265
v 4.720004266666667 12.454498133333333 1.5265

f 829 830 831
f 829 831 832
f 833 834 835
f 833 835 836
f 829 833 836
f 829 836 830
f 832 831 835
f 832 835 834
f 829 832 834
f 829 834 833
f 830 836 835
f 830 835 831

v 1.9800006666666667 12.454498133333333 1.9894957333333334
v 1.9800006666666667 12.454498133333333 2.0144972
v 1.9800006666666667 12.529502533333334 2.0144972
v 1.9800006666666667 12.529502533333334 1.9894957333333334
v 4.720004266666667 12.454498133333333 1.9894957333333334
v 4.720004266666667 12.529502533333334 1.9894957333333334
v 4.720004266666667 12.529502533333334 2.0144972
v 4.720004266666667 12.454498133333333 2.0144972

f 837 838 839
f 837 839 840
f 841 842 843
f 841 843 844
f 837 841 844
f 837 844 838
f 840 839 843
f 840 843 842
f 837 840 842
f 837 842 841
f 838 844 843
f 838 843 839

v 6.134990600000003 12.467506000000006 0.05000470000000002
v 6.134990600000003 12.467506000000006 2.490009600000001
v 6.134990600000003 12.532495483333339 2.490009600000001
v 6.134990600000003 12.532495483333339 0.05000470000000002
v 9.86499621666667 12.467506000000006 0.05000470000000002
v 9.86499621666667 12.532495483333339 0.05000470000000002
v 9.86499621666667 12.532495483333339 2.490009600000001
v 9.86499621666667 12.467506000000006 2.490009600000001

usemtl gray
f 845 846 847
f 845 847 848
f 849 850 851
f 849 851 852
f 845 849 852
f 845 852 846
f 848 847 851
f 848 851 850
f 845 848 850
f 845 850 849
f 846 852 851
f 846 851 847

v 6.044995633333335 12.442501300000004 -0.039996383333333344
v 6.044995633333335 12.442501300000004 0.04999890000000001
v 6.044995633333335 12.54749351666667 0.04999890000000001
v 6.044995633333335 12.54749351666667 -0.039996383333333344
v 9.954994450000003 12.442501300000004 -0.039996383333333344
v 9.954994450000003 12.54749351666667 -0.039996383333333344
v 9.954994450000003 12.54749351666667 0.04999890000000001
v 9.954994450000003 12.442501300000004 0.04999890000000001

usemtl black
f 853 854 855
f 853 855 856
f 857 858 859
f 857 859 860
f 853 857 860
f 853 860 854
f 856 855 859
f 856 859 858
f 853 856 858
f 853 858 857
f 854 860 859
f 854 859 855

v 6.044995633333335 12.442501300000004 2.489997216666667
v 6.044995633333335 12.442501300000004 2.580006183333334
v 6.044995633333335 12.54749351666667 2.580006183333334
v 6.044995633333335 12.54749351666667 2.489997216666667
v 9.954994450000003 12.442501300000004 2.489997216666667
v 9.954994450000003 12.54749351666667 2.489997216666667
v 9.954994450000003 12.54749351666667 2.580006183333334
v 9.954994450000003 12.442501300000004 2.580006183333334

f 861 862 863
f 861 863 864
f 865 866 867
f 865 867 868
f 861 865 868
f 861 868 862
f 864 863 867
f 864 867 866
f 861 864 866
f 861 866 865
f 862 868 867
f 862 867 863

v 6.044997416666669 12.442496350000004 0.050003516666666685
v 6.044997416666669 12.442496350000004 2.489995950000001
v 6.044997416666669 12.547501100000003 2.489995950000001
v 6.044997416666669 12.547501100000003 0.050003516666666685
v 6.1350002333333356 12.442496350000004 0.050003516666666685
v 6.1350002333333356 12.547501100000003 0.050003516666666685
v 6.1350002333333356 12.547501100000003 2.489995950000001
v 6.1350002333333356 12.442496350000004 2.489995950000001

f 869 870 871
f 869 871 872
f 873 874 875
f 873 875 876
f 869 873 876
f 869 876 870
f 872 871 875
f 872 875 874
f 869 872 874
f 869 874 873
f 870 876 875
f 870 875 871

v 9.865000833333337 12.442496350000004 0.050003516666666685
v 9.865000833333337 12.442496350000004 2.489995950000001
v 9.865000833333337 12.547501100000003 2.489995950000001
v 9.865000833333337 12.547501100000003 0.050003516666666685
v 9.955003650000004 12.442496350000004 0.050003516666666685
v 9.955003650000004 12.547501100000003 0.050003516666666685
v 9.955003650000004 12.547501100000003 2.489995950000001
v 9.955003650000004 12.442496350000004 2.489995950000001

f 877 878 879
f 877 879 880
f 881 882 883
f 881 883 884
f 877 881 884
f 877 884 878
f 880 879 883
f 880 883 882
f 877 880 882
f 877 882 881
f 878 884 883
f 878 883 879

v 6.134996133333334 12.454496133333334 0.5255015333333334
v 6.134996133333334 12.454496133333334 0.5504986666666667
v 6.134996133333334 12.5295003 0.5504986666666667
v 6.134996133333334 12.5295003 0.5255015333333334
v 9.864994833333334 12.454496133333334 0.5255015333333334
v 9.864994833333334 12.5295003 0.5255015333333334
v 9.864994833333334 12.5295003 0.5504986666666667
v 9.864994833333334 12.454496133333334 0.5504986666666667

f 885 886 887
f 885 887 888
f 889 890 891
f 889 891 892
f 885 889 892
f 885 892 886
f 888 887 891
f 888 891 890
f 885 888 890
f 885 890 889
f 886 892 891
f 886 891 887

v 6.134996133333334 12.454496133333334 1.0134946
v 6.134996133333334 12.454496133333334 1.0385045000000002
v 6.134996133333334 12.5295003 1.0385045000000002
v 6.134996133333334 12.5295003 1.0134946
v 9.864994833333334 12.454496133333334 1.0134946
v 9.864994833333334 12.5295003 1.0134946
v 9.864994833333334 12.5295003 1.0385045000000002
v 9.864994833333334 12.454496133333334 1.0385045000000002

f 893 894 895
f 893 895 896
f 897 898 899
f 897 899 900
f 893 897 900
f 893 900 894
f 896 895 899
f 896 899 898
f 893 896 898
f 893 898 897
f 894 900 899
f 894 899 895

v 6.134996133333334 12.454496133333334 1.5015004333333335
v 6.134996133333334 12.454496133333334 1.5264975666666667
v 6.134996133333334 12.5295003 1.5264975666666667
v 6.134996133333334 12.5295003 1.5015004333333335
v 9.864994833333334 12.454496133333334 1.5015004333333335
v 9.864994833333334 12.5295003 1.5015004333333335
v 9.864994833333334 12.5295003 1.5264975666666667
v 9.864994833333334 12.454496133333334 1.5264975666666667

f 901 902 903
f 901 903 904
f 905 906 907
f 905 907 908
f 901 905 908
f 901 908 902
f 904 903 907
f 904 907 906
f 901 904 906
f 901 906 905
f 902 908 907
f 902 907 903

v 6.134996133333334 12.454496133333334 1.9895062666666667
v 6.134996133333334 12.454496133333334 2.0145034
v 6.134996133333334 12.5295003 2.0145034
v 6.134996133333334 12.5295003 1.9895062666666667
v 9.864994833333334 12.454496133333334 1.9895062666666667
v 9.864994833333334 12.5295003 1.9895062666666667
v 9.864994833333334 12.5295003 2.0145034
v 9.864994833333334 12.454496133333334 2.0145034

f 909 910 911
f 909 911 912
f 913 914 915
f 913 915 916
f 909 913 916
f 909 916 910
f 912 911 915
f 912 915 914
f 909 912 914
f 909 914 913
f 910 916 915
f 910 915 911

v 11.310003300000009 12.467504866666676 0.05000233333333337
v 11.310003300000009 12.467504866666676 2.4899938166666686
v 11.310003300000009 12.53250790000001 2.4899938166666686
v 11.310003300000009 12.53250790000001 0.05000233333333337
v 14.049991300000011 12.467504866666676 0.05000233333333337
v 14.049991300000011 12.53250790000001 0.05000233333333337
v 14.049991300000011 12.53250790000001 2.4899938166666686
v 14.049991300000011 12.467504866666676 2.4899938166666686

usemtl gray
f 917 918 919
f 917 919 920
f 921 922 923
f 921 923 924
f 917 921 924
f 917 924 918
f 920 919 923
f 920 923 922
f 917 920 922
f 917 922 921
f 918 924 923
f 918 923 919

v 11.220001566666674 12.442504083333343 -0.03999660000000003
v 11.220001566666674 12.442504083333343 0.04999575000000004
v 11.220001566666674 12.547500350000009 0.04999575000000004
v 11.220001566666674 12.547500350000009 -0.03999660000000003
v 14.140002566666677 12.442504083333343 -0.03999660000000003
v 14.140002566666677 12.547500350000009 -0.03999660000000003
v 14.140002566666677 12.547500350000009 0.04999575000000004
v 14.140002566666677 12.442504083333343 0.04999575000000004

usemtl black
f 925 926 927
f 925 927 928
f 929 930 931
f 929 931 932
f 925 929 932
f 925 932 926
f 928 927 931
f 928 931 930
f 925 928 930
f 925 930 929
f 926 932 931
f 926 931 927

v 11.220001566666674 12.442504083333343 2.4899960166666686
v 11.220001566666674 12.442504083333343 2.579998750000002
v 11.220001566666674 12.547500350000009 2.579998750000002
v 11.220001566666674 12.547500350000009 2.4899960166666686
v 14.140002566666677 12.442504083333343 2.4899960166666686
v 14.140002566666677 12.547500350000009 2.4899960166666686
v 14.140002566666677 12.547500350000009 2.579998750000002
v 14.140002566666677 12.442504083333343 2.579998750000002

f 933 934 935
f 933 935 936
f 937 938 939
f 937 939 940
f 933 937 940
f 933 940 934
f 936 935 939
f 936 939 938
f 933 936 938
f 933 938 937
f 934 940 939
f 934 939 935

v 11.219996883333337 12.442496350000004 0.050003516666666685
v 11.219996883333337 12.442496350000004 2.489995950000001
v 11.219996883333337 12.547501100000003 2.489995950000001
v 11.219996883333337 12.547501100000003 0.050003516666666685
v 11.309999700000004 12.442496350000004 0.050003516666666685
v 11.309999700000004 12.547501100000003 0.050003516666666685
v 11.309999700000004 12.547501100000003 2.489995950000001
v 11.309999700000004 12.442496350000004 2.489995950000001

f 941 942 943
f 941 943 944
f 945 946 947
f 945 947 948
f 941 945 948
f 941 948 942
f 944 943 947
f 944 947 946
f 941 944 946
f 941 946 945
f 942 948 947
f 942 947 943

v 14.049995666666671 12.442496350000004 0.050003516666666685
v 14.049995666666671 12.442496350000004 2.489995950000001
v 14.049995666666671 12.547501100000003 2.489995950000001
v 14.049995666666671 12.547501100000003 0.050003516666666685
v 14.139998483333338 12.442496350000004 0.050003516666666685
v 14.139998483333338 12.547501100000003 0.050003516666666685
v 14.139998483333338 12.547501100000003 2.489995950000001
v 14.139998483333338 12.442496350000004 2.489995950000001

f 949 950 951
f 949 951 952
f 953 954 955
f 953 955 956
f 949 953 956
f 949 956 950
f 952 951 955
f 952 955 954
f 949 952 954
f 949 954 953
f 950 956 955
f 950 955 951

v 11.309997066666671 12.454498133333338 0.5255041333333336
v 11.309997066666671 12.454498133333338 0.5504961333333336
v 11.309997066666671 12.529502533333337 0.5504961333333336
v 11.309997066666671 12.529502533333337 0.5255041333333336
v 14.050000666666673 12.454498133333338 0.5255041333333336
v 14.050000666666673 12.529502533333337 0.5255041333333336
v 14.050000666666673 12.529502533333337 0.5504961333333336
v 14.050000666666673 12.454498133333338 0.5504961333333336

f 957 958 959
f 957 959 960
f 961 962 963
f 961 963 964
f 957 961 964
f 957 964 958
f 960 959 963
f 960 963 962
f 957 960 962
f 957 962 961
f 958 964 963
f 958 963 959

v 11.309997066666671 12.454498133333338 1.0135013333333338
v 11.309997066666671 12.454498133333338 1.0385028000000005
v 11.309997066666671 12.529502533333337 1.0385028000000005
v 11.309997066666671 12.529502533333337 1.0135013333333338
v 14.050000666666673 12.454498133333338 1.0135013333333338
v 14.050000666666673 12.529502533333337 1.0135013333333338
v 14.050000666666673 12.529502533333337 1.0385028000000005
v 14.050000666666673 12.454498133333338 1.0385028000000005

f 965 966 967
f 965 967 968
f 969 970 971
f 969 971 972
f 965 969 972
f 965 972 966
f 968 967 971
f 968 971 970
f 965 968 970
f 965 970 969
f 966 972 971
f 966 971 967

v 11.309997066666671 12.454498133333338 1.501498533333334
v 11.309997066666671 12.454498133333338 1.5265000000000006
v 11.309997066666671 12.529502533333337 1.5265000000000006
v 11.309997066666671 12.529502533333337 1.501498533333334
v 14.050000666666673 12.454498133333338 1.501498533333334
v 14.050000666666673 12.529502533333337 1.501498533333334
v 14.050000666666673 12.529502533333337 1.5265000000000006
v 14.050000666666673 12.454498133333338 1.5265000000000006

f 973 974 975
f 973 975 976
f 977 978 979
f 977 979 980
f 973 977 980
f 973 980 974
f 976 975 979
f 976 979 978
f 973 976 978
f 973 978 977
f 974 980 979
f 974 979 975

v 11.309997066666675 12.454498133333342 1.9894957333333347
v 11.309997066666675 12.454498133333342 2.0144972000000014
v 11.309997066666675 12.529502533333343 2.0144972000000014
v 11.309997066666675 12.529502533333343 1.9894957333333347
v 14.050000666666676 12.454498133333342 1.9894957333333347
v 14.050000666666676 12.529502533333343 1.9894957333333347
v 14.050000666666676 12.529502533333343 2.0144972000000014
v 14.050000666666676 12.454498133333342 2.0144972000000014

f 981 982 983
f 981 983 984
f 985 986 987
f 985 987 988
f 981 985 988
f 981 988 982
f 984 983 987
f 984 987 986
f 981 984 986
f 981 986 985
f 982 988 987
f 982 987 983

v 2.6399987166666694 12.457496700000014 5.200001583333339
v 2.6399987166666694 12.457496700000014 5.769998300000006
v 2.6399987166666694 12.502497333333347 5.769998300000006
v 2.6399987166666694 12.502497333333347 5.200001583333339
v 4.060001366666671 12.457496700000014 5.200001583333339
v 4.060001366666671 12.502497333333347 5.200001583333339
v 4.060001366666671 12.502497333333347 5.769998300000006
v 4.060001366666671 12.457496700000014 5.769998300000006

usemtl darkslategray
f 989 990 991
f 989 991 992
f 993 994 995
f 993 995 996
f 989 993 996
f 989 996 990
f 992 991 995
f 992 995 994
f 989 992 994
f 989 994 993
f 990 996 995
f 990 995 991

v 2.569997649999999 12.439498133333329 5.129998316666665
v 2.569997649999999 12.439498133333329 5.1999999333333315
v 2.569997649999999 12.514501083333329 5.1999999333333315
v 2.569997649999999 12.514501083333329 5.129998316666665
v 4.129998766666665 12.439498133333329 5.129998316666665
v 4.129998766666665 12.514501083333329 5.129998316666665
v 4.129998766666665 12.514501083333329 5.1999999333333315
v 4.129998766666665 12.439498133333329 5.1999999333333315

usemtl black
f 997 998 999
f 997 999 1000
f 1001 1002 1003
f 1001 1003 1004
f 997 1001 1004
f 997 1004 998
f 1000 999 1003
f 1000 1003 1002
f 997 1000 1002
f 997 1002 1001
f 998 1004 1003
f 998 1003 999

v 2.569997649999999 12.439498133333329 5.769998483333331
v 2.569997649999999 12.439498133333329 5.8400000999999975
v 2.569997649999999 12.514501083333329 5.8400000999999975
v 2.569997649999999 12.514501083333329 5.769998483333331
v 4.129998766666665 12.439498133333329 5.769998483333331
v 4.129998766666665 12.514501083333329 5.769998483333331
v 4.129998766666665 12.514501083333329 5.8400000999999975
v 4.129998766666665 12.439498133333329 5.8400000999999975

f 1005 1006 1007
f 1005 1007 1008
f 1009 1010 1011
f 1009 1011 1012
f 1005 1009 1012
f 1005 1012 1006
f 1008 1007 1011
f 1008 1011 1010
f 1005 1008 1010
f 1005 1010 1009
f 1006 1012 1011
f 1006 1011 1007

v 2.5700007666666664 12.439500883333332 5.1999995666666665
v 2.5700007666666664 12.439500883333332 5.76999995
v 2.5700007666666664 12.514499616666665 5.76999995
v 2.5700007666666664 12.514499616666665 5.1999995666666665
v 2.6399992666666665 12.439500883333332 5.1999995666666665
v 2.6399992666666665 12.514499616666665 5.1999995666666665
v 2.6399992666666665 12.514499616666665 5.76999995
v 2.6399992666666665 12.439500883333332 5.76999995

f 1013 1014 1015
f 1013 1015 1016
f 1017 1018 1019
f 1017 1019 1020
f 1013 1017 1020
f 1013 1020 1014
f 1016 1015 1019
f 1016 1019 1018
f 1013 1016 1018
f 1013 1018 1017
f 1014 1020 1019
f 1014 1019 1015

v 4.060001183333333 12.439500883333332 5.1999995666666665
v 4.060001183333333 12.439500883333332 5.76999995
v 4.060001183333333 12.514499616666665 5.76999995
v 4.060001183333333 12.514499616666665 5.1999995666666665
v 4.129999683333333 12.439500883333332 5.1999995666666665
v 4.129999683333333 12.514499616666665 5.1999995666666665
v 4.129999683333333 12.514499616666665 5.76999995
v 4.129999683333333 12.439500883333332 5.76999995

f 1021 1022 1023
f 1021 1023 1024
f 1025 1026 1027
f 1025 1027 1028
f 1021 1025 1028
f 1021 1028 1022
f 1024 1023 1027
f 1024 1027 1026
f 1021 1024 1026
f 1021 1026 1025
f 1022 1028 1027
f 1022 1027 1023

v 3.3275001499999934 12.433999433333309 5.199999266666657
v 3.3275001499999934 12.433999433333309 5.769998883333322
v 3.3275001499999934 12.514000883333308 5.769998883333322
v 3.3275001499999934 12.514000883333308 5.199999266666657
v 3.372499083333327 12.433999433333309 5.199999266666657
v 3.372499083333327 12.514000883333308 5.199999266666657
v 3.372499083333327 12.514000883333308 5.769998883333322
v 3.372499083333327 12.433999433333309 5.769998883333322

f 1029 1030 1031
f 1029 1031 1032
f 1033 1034 1035
f 1033 1035 1036
f 1029 1033 1036
f 1029 1036 1030
f 1032 1031 1035
f 1032 1035 1034
f 1029 1032 1034
f 1029 1034 1033
f 1030 1036 1035
f 1030 1035 1031

v 11.969998883333355 12.457496700000023 5.200001583333343
v 11.969998883333355 12.457496700000023 5.769998300000011
v 11.969998883333355 12.502497333333357 5.769998300000011
v 11.969998883333355 12.502497333333357 5.200001583333343
v 13.390001533333358 12.457496700000023 5.200001583333343
v 13.390001533333358 12.502497333333357 5.200001583333343
v 13.390001533333358 12.502497333333357 5.769998300000011
v 13.390001533333358 12.457496700000023 5.769998300000011

usemtl darkslategray
f 1037 1038 1039
f 1037 1039 1040
f 1041 1042 1043
f 1041 1043 1044
f 1037 1041 1044
f 1037 1044 1038
f 1040 1039 1043
f 1040 1043 1042
f 1037 1040 1042
f 1037 1042 1041
f 1038 1044 1043
f 1038 1043 1039

v 11.900002033333323 12.439498133333322 5.129998316666661
v 11.900002033333323 12.439498133333322 5.199999933333328
v 11.900002033333323 12.514501083333322 5.199999933333328
v 11.900002033333323 12.514501083333322 5.129998316666661
v 13.459997466666653 12.439498133333322 5.129998316666661
v 13.459997466666653 12.514501083333322 5.129998316666661
v 13.459997466666653 12.514501083333322 5.199999933333328
v 13.459997466666653 12.439498133333322 5.199999933333328

usemtl black
f 1045 1046 1047
f 1045 1047 1048
f 1049 1050 1051
f 1049 1051 1052
f 1045 1049 1052
f 1045 1052 1046
f 1048 1047 1051
f 1048 1051 1050
f 1045 1048 1050
f 1045 1050 1049
f 1046 1052 1051
f 1046 1051 1047

v 11.900002033333323 12.439498133333322 5.769998483333327
v 11.900002033333323 12.439498133333322 5.840000099999994
v 11.900002033333323 12.514501083333322 5.840000099999994
v 11.900002033333323 12.514501083333322 5.769998483333327
v 13.459997466666653 12.439498133333322 5.769998483333327
v 13.459997466666653 12.514501083333322 5.769998483333327
v 13.459997466666653 12.514501083333322 5.840000099999994
v 13.459997466666653 12.439498133333322 5.840000099999994

f 1053 1054 1055
f 1053 1055 1056
f 1057 1058 1059
f 1057 1059 1060
f 1053 1057 1060
f 1053 1060 1054
f 1056 1055 1059
f 1056 1059 1058
f 1053 1056 1058
f 1053 1058 1057
f 1054 1060 1059
f 1054 1059 1055

v 11.900000016666665 12.439500883333332 5.1999995666666665
v 11.900000016666665 12.439500883333332 5.76999995
v 11.900000016666665 12.514499616666665 5.76999995
v 11.900000016666665 12.514499616666665 5.1999995666666665
v 11.970000899999999 12.439500883333332 5.1999995666666665
v 11.970000899999999 12.514499616666665 5.1999995666666665
v 11.970000899999999 12.514499616666665 5.76999995
v 11.970000899999999 12.439500883333332 5.76999995

f 1061 1062 1063
f 1061 1063 1064
f 1065 1066 1067
f 1065 1067 1068
f 1061 1065 1068
f 1061 1068 1062
f 1064 1063 1067
f 1064 1067 1066
f 1061 1064 1066
f 1061 1066 1065
f 1062 1068 1067
f 1062 1067 1063

v 13.390000433333332 12.439500883333332 5.1999995666666665
v 13.390000433333332 12.439500883333332 5.76999995
v 13.390000433333332 12.514499616666665 5.76999995
v 13.390000433333332 12.514499616666665 5.1999995666666665
v 13.459998933333331 12.439500883333332 5.1999995666666665
v 13.459998933333331 12.514499616666665 5.1999995666666665
v 13.459998933333331 12.514499616666665 5.76999995
v 13.459998933333331 12.439500883333332 5.76999995

f 1069 1070 1071
f 1069 1071 1072
f 1073 1074 1075
f 1073 1075 1076
f 1069 1073 1076
f 1069 1076 1070
f 1072 1071 1075
f 1072 1075 1074
f 1069 1072 1074
f 1069 1074 1073
f 1070 1076 1075
f 1070 1075 1071

v 12.657499850000008 12.43399943333334 5.19999926666667
v 12.657499850000008 12.43399943333334 5.769998883333336
v 12.657499850000008 12.51400088333334 5.769998883333336
v 12.657499850000008 12.51400088333334 5.19999926666667
v 12.702501100000008 12.43399943333334 5.19999926666667
v 12.702501100000008 12.51400088333334 5.19999926666667
v 12.702501100000008 12.51400088333334 5.769998883333336
v 12.702501100000008 12.43399943333334 5.769998883333336

f 1077 1078 1079
f 1077 1079 1080
f 1081 1082 1083
f 1081 1083 1084
f 1077 1081 1084
f 1077 1084 1078
f 1080 1079 1083
f 1080 1083 1082
f 1077 1080 1082
f 1077 1082 1081
f 1078 1084 1083
f 1078 1083 1079

v -0.13750045000000002 11.225000433333335 0.04999653333333334
v -0.13750045000000002 11.225000433333335 2.0799975500000003
v -0.13750045000000002 12.135001233333336 2.0799975500000003
v -0.13750045000000002 12.135001233333336 0.04999653333333334
v -0.08250226666666668 11.225000433333335 0.04999653333333334
v -0.08250226666666668 12.135001233333336 0.04999653333333334
v -0.08250226666666668 12.135001233333336 2.0799975500000003
v -0.08250226666666668 11.225000433333335 2.0799975500000003

f 1085 1086 1087
f 1085 1087 1088
f 1089 1090 1091
f 1089 1091 1092
f 1085 1089 1092
f 1085 1092 1086
f 1088 1087 1091
f 1088 1091 1090
f 1085 1088 1090
f 1085 1090 1089
f 1086 1092 1091
f 1086 1091 1087

v -0.15899803333333348 11.154998066666677 -0.020001300000000017
v -0.15899803333333348 11.154998066666677 0.050001233333333374
v -0.15899803333333348 12.204999766666678 0.050001233333333374
v -0.15899803333333348 12.204999766666678 -0.020001300000000017
v -0.0689982333333334 11.154998066666677 -0.020001300000000017
v -0.0689982333333334 12.204999766666678 -0.020001300000000017
v -0.0689982333333334 12.204999766666678 0.050001233333333374
v -0.0689982333333334 11.154998066666677 0.050001233333333374

f 1093 1094 1095
f 1093 1095 1096
f 1097 1098 1099
f 1097 1099 1100
f 1093 1097 1100
f 1093 1100 1094
f 1096 1095 1099
f 1096 1099 1098
f 1093 1096 1098
f 1093 1098 1097
f 1094 1100 1099
f 1094 1099 1095

v -0.15899803333333348 11.154998066666677 2.0799980666666684
v -0.15899803333333348 11.154998066666677 2.150000600000002
v -0.15899803333333348 12.204999766666678 2.150000600000002
v -0.15899803333333348 12.204999766666678 2.0799980666666684
v -0.0689982333333334 11.154998066666677 2.0799980666666684
v -0.0689982333333334 12.204999766666678 2.0799980666666684
v -0.0689982333333334 12.204999766666678 2.150000600000002
v -0.0689982333333334 11.154998066666677 2.150000600000002

f 1101 1102 1103
f 1101 1103 1104
f 1105 1106 1107
f 1105 1107 1108
f 1101 1105 1108
f 1101 1108 1102
f 1104 1103 1107
f 1104 1107 1106
f 1101 1104 1106
f 1101 1106 1105
f 1102 1108 1107
f 1102 1107 1103

v -0.15900130000000004 11.154998600000003 0.04999770000000001
v -0.15900130000000004 11.154998600000003 2.0800036000000004
v -0.15900130000000004 11.224998300000003 2.0800036000000004
v -0.15900130000000004 11.224998300000003 0.04999770000000001
v -0.06899960000000002 11.154998600000003 0.04999770000000001
v -0.06899960000000002 11.224998300000003 0.04999770000000001
v -0.06899960000000002 11.224998300000003 2.0800036000000004
v -0.06899960000000002 11.154998600000003 2.0800036000000004

f 1109 1110 1111
f 1109 1111 1112
f 1113 1114 1115
f 1113 1115 1116
f 1109 1113 1116
f 1109 1116 1110
f 1112 1111 1115
f 1112 1115 1114
f 1109 1112 1114
f 1109 1114 1113
f 1110 1116 1115
f 1110 1115 1111

v -0.15900130000000004 12.135001700000004 0.04999770000000001
v -0.15900130000000004 12.135001700000004 2.0800036000000004
v -0.15900130000000004 12.205001400000004 2.0800036000000004
v -0.15900130000000004 12.205001400000004 0.04999770000000001
v -0.06899960000000002 12.135001700000004 0.04999770000000001
v -0.06899960000000002 12.205001400000004 0.04999770000000001
v -0.06899960000000002 12.205001400000004 2.0800036000000004
v -0.06899960000000002 12.135001700000004 2.0800036000000004

f 1117 1118 1119
f 1117 1119 1120
f 1121 1122 1123
f 1121 1123 1124
f 1117 1121 1124
f 1117 1124 1118
f 1120 1119 1123
f 1120 1123 1122
f 1117 1120 1122
f 1117 1122 1121
f 1118 1124 1123
f 1118 1123 1119

v -0.12250021666666668 4.489996866666667 2.1999978000000002
v -0.12250021666666668 4.489996866666667 2.7700013000000006
v -0.12250021666666668 5.909999516666668 2.7700013000000006
v -0.12250021666666668 5.909999516666668 2.1999978000000002
v -0.07749958333333334 4.489996866666667 2.1999978000000002
v -0.07749958333333334 5.909999516666668 2.1999978000000002
v -0.07749958333333334 5.909999516666668 2.7700013000000006
v -0.07749958333333334 4.489996866666667 2.7700013000000006

usemtl darkslategray
f 1125 1126 1127
f 1125 1127 1128
f 1129 1130 1131
f 1129 1131 1132
f 1125 1129 1132
f 1125 1132 1126
f 1128 1127 1131
f 1128 1131 1130
f 1125 1128 1130
f 1125 1130 1129
f 1126 1132 1131
f 1126 1131 1127

v -0.1404976833333334 4.420002216666669 2.129999666666668
v -0.1404976833333334 4.420002216666669 2.2000012833333344
v -0.1404976833333334 5.979997650000003 2.2000012833333344
v -0.1404976833333334 5.979997650000003 2.129999666666668
v -0.0655004166666667 4.420002216666669 2.129999666666668
v -0.0655004166666667 5.979997650000003 2.129999666666668
v -0.0655004166666667 5.979997650000003 2.2000012833333344
v -0.0655004166666667 4.420002216666669 2.2000012833333344

usemtl black
f 1133 1134 1135
f 1133 1135 1136
f 1137 1138 1139
f 1137 1139 1140
f 1133 1137 1140
f 1133 1140 1134
f 1136 1135 1139
f 1136 1139 1138
f 1133 1136 1138
f 1133 1138 1137
f 1134 1140 1139
f 1134 1139 1135

v -0.1404976833333334 4.420002216666669 2.7699998333333347
v -0.1404976833333334 4.420002216666669 2.8400014500000013
v -0.1404976833333334 5.979997650000003 2.8400014500000013
v -0.1404976833333334 5.979997650000003 2.7699998333333347
v -0.0655004166666667 4.420002216666669 2.7699998333333347
v -0.0655004166666667 5.979997650000003 2.7699998333333347
v -0.0655004166666667 5.979997650000003 2.8400014500000013
v -0.0655004166666667 4.420002216666669 2.8400014500000013

f 1141 1142 1143
f 1141 1143 1144
f 1145 1146 1147
f 1145 1147 1148
f 1141 1145 1148
f 1141 1148 1142
f 1144 1143 1147
f 1144 1147 1146
f 1141 1144 1146
f 1141 1146 1145
f 1142 1148 1147
f 1142 1147 1143

v -0.14049988333333344 4.41999891666667 2.200000183333335
v -0.14049988333333344 4.41999891666667 2.7700005666666687
v -0.14049988333333344 4.489999800000003 2.7700005666666687
v -0.14049988333333344 4.489999800000003 2.200000183333335
v -0.06550115000000005 4.41999891666667 2.200000183333335
v -0.06550115000000005 4.489999800000003 2.200000183333335
v -0.06550115000000005 4.489999800000003 2.7700005666666687
v -0.06550115000000005 4.41999891666667 2.7700005666666687

f 1149 1150 1151
f 1149 1151 1152
f 1153 1154 1155
f 1153 1155 1156
f 1149 1153 1156
f 1149 1156 1150
f 1152 1151 1155
f 1152 1155 1154
f 1149 1152 1154
f 1149 1154 1153
f 1150 1156 1155
f 1150 1155 1151

v -0.14049988333333344 5.909999333333338 2.200000183333335
v -0.14049988333333344 5.909999333333338 2.7700005666666687
v -0.14049988333333344 5.980000216666672 2.7700005666666687
v -0.14049988333333344 5.980000216666672 2.200000183333335
v -0.06550115000000005 5.909999333333338 2.200000183333335
v -0.06550115000000005 5.980000216666672 2.200000183333335
v -0.06550115000000005 5.980000216666672 2.7700005666666687
v -0.06550115000000005 5.909999333333338 2.7700005666666687

f 1157 1158 1159
f 1157 1159 1160
f 1161 1162 1163
f 1161 1163 1164
f 1157 1161 1164
f 1157 1164 1158
f 1160 1159 1163
f 1160 1163 1162
f 1157 1160 1162
f 1157 1162 1161
f 1158 1164 1163
f 1158 1163 1159

v -0.14600096666666676 5.177499800000003 2.1999993333333348
v -0.14600096666666676 5.177499800000003 2.7699989500000015
v -0.14600096666666676 5.2225010500000035 2.7699989500000015
v -0.14600096666666676 5.2225010500000035 2.1999993333333348
v -0.0659995166666667 5.177499800000003 2.1999993333333348
v -0.0659995166666667 5.2225010500000035 2.1999993333333348
v -0.0659995166666667 5.2225010500000035 2.7699989500000015
v -0.0659995166666667 5.177499800000003 2.7699989500000015

f 1165 1166 1167
f 1165 1167 1168
f 1169 1170 1171
f 1169 1171 1172
f 1165 1169 1172
f 1165 1172 1166
f 1168 1167 1171
f 1168 1171 1170
f 1165 1168 1170
f 1165 1170 1169
f 1166 1172 1171
f 1166 1171 1167

v -0.12250021666666668 6.840001300000001 2.1999978000000002
v -0.12250021666666668 6.840001300000001 2.7700013000000006
v -0.12250021666666668 8.259997166666668 2.7700013000000006
v -0.12250021666666668 8.259997166666668 2.1999978000000002
v -0.07749958333333334 6.840001300000001 2.1999978000000002
v -0.07749958333333334 8.259997166666668 2.1999978000000002
v -0.07749958333333334 8.259997166666668 2.7700013000000006
v -0.07749958333333334 6.840001300000001 2.7700013000000006

usemtl darkslategray
f 1173 1174 1175
f 1173 1175 1176
f 1177 1178 1179
f 1177 1179 1180
f 1173 1177 1180
f 1173 1180 1174
f 1176 1175 1179
f 1176 1179 1178
f 1173 1176 1178
f 1173 1178 1177
f 1174 1180 1179
f 1174 1179 1175

v -0.1404976833333334 6.769998033333337 2.129999666666668
v -0.1404976833333334 6.769998033333337 2.2000012833333344
v -0.1404976833333334 8.329999150000004 2.2000012833333344
v -0.1404976833333334 8.329999150000004 2.129999666666668
v -0.0655004166666667 6.769998033333337 2.129999666666668
v -0.0655004166666667 8.329999150000004 2.129999666666668
v -0.0655004166666667 8.329999150000004 2.2000012833333344
v -0.0655004166666667 6.769998033333337 2.2000012833333344

usemtl black
f 1181 1182 1183
f 1181 1183 1184
f 1185 1186 1187
f 1185 1187 1188
f 1181 1185 1188
f 1181 1188 1182
f 1184 1183 1187
f 1184 1187 1186
f 1181 1184 1186
f 1181 1186 1185
f 1182 1188 1187
f 1182 1187 1183

v -0.1404976833333334 6.769998033333337 2.7699998333333347
v -0.1404976833333334 6.769998033333337 2.8400014500000013
v -0.1404976833333334 8.329999150000004 2.8400014500000013
v -0.1404976833333334 8.329999150000004 2.7699998333333347
v -0.0655004166666667 6.769998033333337 2.7699998333333347
v -0.0655004166666667 8.329999150000004 2.7699998333333347
v -0.0655004166666667 8.329999150000004 2.8400014500000013
v -0.0655004166666667 6.769998033333337 2.8400014500000013

f 1189 1190 1191
f 1189 1191 1192
f 1193 1194 1195
f 1193 1195 1196
f 1189 1193 1196
f 1189 1196 1190
f 1192 1191 1195
f 1192 1195 1194
f 1189 1192 1194
f 1189 1194 1193
f 1190 1196 1195
f 1190 1195 1191

v -0.14049988333333344 6.769998950000005 2.200000183333335
v -0.14049988333333344 6.769998950000005 2.7700005666666687
v -0.14049988333333344 6.839999833333339 2.7700005666666687
v -0.14049988333333344 6.839999833333339 2.200000183333335
v -0.06550115000000005 6.769998950000005 2.200000183333335
v -0.06550115000000005 6.839999833333339 2.200000183333335
v -0.06550115000000005 6.839999833333339 2.7700005666666687
v -0.06550115000000005 6.769998950000005 2.7700005666666687

f 1197 1198 1199
f 1197 1199 1200
f 1201 1202 1203
f 1201 1203 1204
f 1197 1201 1204
f 1197 1204 1198
f 1200 1199 1203
f 1200 1203 1202
f 1197 1200 1202
f 1197 1202 1201
f 1198 1204 1203
f 1198 1203 1199

v -0.14049988333333344 8.259999366666673 2.200000183333335
v -0.14049988333333344 8.259999366666673 2.7700005666666687
v -0.14049988333333344 8.330000250000007 2.7700005666666687
v -0.14049988333333344 8.330000250000007 2.200000183333335
v -0.06550115000000005 8.259999366666673 2.200000183333335
v -0.06550115000000005 8.330000250000007 2.200000183333335
v -0.06550115000000005 8.330000250000007 2.7700005666666687
v -0.06550115000000005 8.259999366666673 2.7700005666666687

f 1205 1206 1207
f 1205 1207 1208
f 1209 1210 1211
f 1209 1211 1212
f 1205 1209 1212
f 1205 1212 1206
f 1208 1207 1211
f 1208 1211 1210
f 1205 1208 1210
f 1205 1210 1209
f 1206 1212 1211
f 1206 1211 1207

v -0.14600096666666676 7.527500983333338 2.1999993333333348
v -0.14600096666666676 7.527500983333338 2.7699989500000015
v -0.14600096666666676 7.572499916666671 2.7699989500000015
v -0.14600096666666676 7.572499916666671 2.1999993333333348
v -0.0659995166666667 7.527500983333338 2.1999993333333348
v -0.0659995166666667 7.572499916666671 2.1999993333333348
v -0.0659995166666667 7.572499916666671 2.7699989500000015
v -0.0659995166666667 7.527500983333338 2.7699989500000015

f 1213 1214 1215
f 1213 1215 1216
f 1217 1218 1219
f 1217 1219 1220
f 1213 1217 1220
f 1213 1220 1214
f 1216 1215 1219
f 1216 1219 1218
f 1213 1216 1218
f 1213 1218 1217
f 1214 1220 1219
f 1214 1219 1215

v -0.12249599999999998 1.0949977499999999 5.080003499999999
v -0.12249599999999998 1.0949977499999999 6.599999999999999
v -0.12249599999999998 2.0049974999999995 6.599999999999999
v -0.12249599999999998 2.0049974999999995 5.080003499999999
v -0.07750049999999999 1.0949977499999999 5.080003499999999
v -0.07750049999999999 2.0049974999999995 5.080003499999999
v -0.07750049999999999 2.0049974999999995 6.599999999999999
v -0.07750049999999999 1.0949977499999999 6.599999999999999

usemtl darkslategray
f 1221 1222 1223
f 1221 1223 1224
f 1225 1226 1227
f 1225 1227 1228
f 1221 1225 1228
f 1221 1228 1222
f 1224 1223 1227
f 1224 1227 1226
f 1221 1224 1226
f 1221 1226 1225
f 1222 1228 1227
f 1222 1227 1223

v -0.14050013333333342 1.0249993000000006 5.010001650000003
v -0.14050013333333342 1.0249993000000006 5.08000076666667
v -0.14050013333333342 2.0750019833333346 5.08000076666667
v -0.14050013333333342 2.0750019833333346 5.010001650000003
v -0.06550193333333337 1.0249993000000006 5.010001650000003
v -0.06550193333333337 2.0750019833333346 5.010001650000003
v -0.06550193333333337 2.0750019833333346 5.08000076666667
v -0.06550193333333337 1.0249993000000006 5.08000076666667

usemtl black
f 1229 1230 1231
f 1229 1231 1232
f 1233 1234 1235
f 1233 1235 1236
f 1229 1233 1236
f 1229 1236 1230
f 1232 1231 1235
f 1232 1235 1234
f 1229 1232 1234
f 1229 1234 1233
f 1230 1236 1235
f 1230 1235 1231

v -0.14050013333333342 1.0249993000000006 6.600000933333337
v -0.14050013333333342 1.0249993000000006 6.670000050000004
v -0.14050013333333342 2.0750019833333346 6.670000050000004
v -0.14050013333333342 2.0750019833333346 6.600000933333337
v -0.06550193333333337 1.0249993000000006 6.600000933333337
v -0.06550193333333337 2.0750019833333346 6.600000933333337
v -0.06550193333333337 2.0750019833333346 6.670000050000004
v -0.06550193333333337 1.0249993000000006 6.670000050000004

f 1237 1238 1239
f 1237 1239 1240
f 1241 1242 1243
f 1241 1243 1244
f 1237 1241 1244
f 1237 1244 1238
f 1240 1239 1243
f 1240 1243 1242
f 1237 1240 1242
f 1237 1242 1241
f 1238 1244 1243
f 1238 1243 1239

v -0.14049824999999996 1.0250017499999997 5.079998249999998
v -0.14049824999999996 1.0250017499999997 6.599998949999998
v -0.14049824999999996 1.0949983499999998 6.599998949999998
v -0.14049824999999996 1.0949983499999998 5.079998249999998
v -0.06550109999999998 1.0250017499999997 5.079998249999998
v -0.06550109999999998 1.0949983499999998 5.079998249999998
v -0.06550109999999998 1.0949983499999998 6.599998949999998
v -0.06550109999999998 1.0250017499999997 6.599998949999998

f 1245 1246 1247
f 1245 1247 1248
f 1249 1250 1251
f 1249 1251 1252
f 1245 1249 1252
f 1245 1252 1246
f 1248 1247 1251
f 1248 1251 1250
f 1245 1248 1250
f 1245 1250 1249
f 1246 1252 1251
f 1246 1251 1247

v -0.14049825 2.00499855 5.079998249999999
v -0.14049825 2.00499855 6.599998949999999
v -0.14049825 2.0750007 6.599998949999999
v -0.14049825 2.0750007 5.079998249999999
v -0.06550109999999999 2.00499855 5.079998249999999
v -0.06550109999999999 2.0750007 5.079998249999999
v -0.06550109999999999 2.0750007 6.599998949999999
v -0.06550109999999999 2.00499855 6.599998949999999

f 1253 1254 1255
f 1253 1255 1256
f 1257 1258 1259
f 1257 1259 1260
f 1253 1257 1260
f 1253 1260 1254
f 1256 1255 1259
f 1256 1259 1258
f 1253 1256 1258
f 1253 1258 1257
f 1254 1260 1259
f 1254 1259 1255

v -0.14600055 1.0949989500000001 5.817500400000001
v -0.14600055 1.0949989500000001 5.86249875
v -0.14600055 2.0049985500000003 5.86249875
v -0.14600055 2.0049985500000003 5.817500400000001
v -0.0659985 1.0949989500000001 5.817500400000001
v -0.0659985 2.0049985500000003 5.817500400000001
v -0.0659985 2.0049985500000003 5.86249875
v -0.0659985 1.0949989500000001 5.86249875

f 1261 1262 1263
f 1261 1263 1264
f 1265 1266 1267
f 1265 1267 1268
f 1261 1265 1268
f 1261 1268 1262
f 1264 1263 1267
f 1264 1267 1266
f 1261 1264 1266
f 1261 1266 1265
f 1262 1268 1267
f 1262 1267 1263

v -0.12250221666666673 5.580001233333336 5.219999283333336
v -0.12250221666666673 5.580001233333336 6.440001750000003
v -0.12250221666666673 6.800003700000003 6.440001750000003
v -0.12250221666666673 6.800003700000003 5.219999283333336
v -0.07749886666666671 5.580001233333336 5.219999283333336
v -0.07749886666666671 6.800003700000003 5.219999283333336
v -0.07749886666666671 6.800003700000003 6.440001750000003
v -0.07749886666666671 5.580001233333336 6.440001750000003

usemtl darkslategray
f 1269 1270 1271
f 1269 1271 1272
f 1273 1274 1275
f 1273 1275 1276
f 1269 1273 1276
f 1269 1276 1270
f 1272 1271 1275
f 1272 1275 1274
f 1269 1272 1274
f 1269 1274 1273
f 1270 1276 1275
f 1270 1275 1271

v -0.14050178333333332 5.510000649999999 5.149999633333333
v -0.14050178333333332 5.510000649999999 5.2200022
v -0.14050178333333332 6.869998916666666 5.2200022
v -0.14050178333333332 6.869998916666666 5.149999633333333
v -0.06549759999999999 5.510000649999999 5.149999633333333
v -0.06549759999999999 6.869998916666666 5.149999633333333
v -0.06549759999999999 6.869998916666666 5.2200022
v -0.06549759999999999 5.510000649999999 5.2200022

usemtl black
f 1277 1278 1279
f 1277 1279 1280
f 1281 1282 1283
f 1281 1283 1284
f 1277 1281 1284
f 1277 1284 1278
f 1280 1279 1283
f 1280 1283 1282
f 1277 1280 1282
f 1277 1282 1281
f 1278 1284 1283
f 1278 1283 1279

v -0.14050178333333332 5.510000649999999 6.440000349999999
v -0.14050178333333332 5.510000649999999 6.509997899999999
v -0.14050178333333332 6.869998916666666 6.509997899999999
v -0.14050178333333332 6.869998916666666 6.440000349999999
v -0.06549759999999999 5.510000649999999 6.440000349999999
v -0.06549759999999999 6.869998916666666 6.440000349999999
v -0.06549759999999999 6.869998916666666 6.509997899999999
v -0.06549759999999999 5.510000649999999 6.509997899999999

f 1285 1286 1287
f 1285 1287 1288
f 1289 1290 1291
f 1289 1291 1292
f 1285 1289 1292
f 1285 1292 1286
f 1288 1287 1291
f 1288 1291 1290
f 1285 1288 1290
f 1285 1290 1289
f 1286 1292 1291
f 1286 1291 1287

v -0.14049945000000008 5.509999950000004 5.220001150000003
v -0.14049945000000008 5.509999950000004 6.440001750000004
v -0.14049945000000008 5.580001700000004 6.440001750000004
v -0.14049945000000008 5.580001700000004 5.220001150000003
v -0.06550180000000004 5.509999950000004 5.220001150000003
v -0.06550180000000004 5.580001700000004 5.220001150000003
v -0.06550180000000004 5.580001700000004 6.440001750000004
v -0.06550180000000004 5.509999950000004 6.440001750000004

f 1293 1294 1295
f 1293 1295 1296
f 1297 1298 1299
f 1297 1299 1300
f 1293 1297 1300
f 1293 1300 1294
f 1296 1295 1299
f 1296 1299 1298
f 1293 1296 1298
f 1293 1298 1297
f 1294 1300 1299
f 1294 1299 1295

v -0.14049945000000008 6.799997750000005 5.220001150000003
v -0.14049945000000008 6.799997750000005 6.440001750000004
v -0.14049945000000008 6.869999500000005 6.440001750000004
v -0.14049945000000008 6.869999500000005 5.220001150000003
v -0.06550180000000004 6.799997750000005 5.220001150000003
v -0.06550180000000004 6.869999500000005 5.220001150000003
v -0.06550180000000004 6.869999500000005 6.440001750000004
v -0.06550180000000004 6.799997750000005 6.440001750000004

f 1301 1302 1303
f 1301 1303 1304
f 1305 1306 1307
f 1305 1307 1308
f 1301 1305 1308
f 1301 1308 1302
f 1304 1303 1307
f 1304 1307 1306
f 1301 1304 1306
f 1301 1306 1305
f 1302 1308 1307
f 1302 1307 1303

v -0.1459997500000001 5.580001500000003 5.807499283333336
v -0.1459997500000001 5.580001500000003 5.852498500000003
v -0.1459997500000001 6.800001683333337 5.852498500000003
v -0.1459997500000001 6.800001683333337 5.807499283333336
v -0.06599915000000003 5.580001500000003 5.807499283333336
v -0.06599915000000003 6.800001683333337 5.807499283333336
v -0.06599915000000003 6.800001683333337 5.852498500000003
v -0.06599915000000003 5.580001500000003 5.852498500000003

f 1309 1310 1311
f 1309 1311 1312
f 1313 1314 1315
f 1313 1315 1316
f 1309 1313 1316
f 1309 1316 1310
f 1312 1311 1315
f 1312 1315 1314
f 1309 1312 1314
f 1309 1314 1313
f 1310 1316 1315
f 1310 1315 1311

v -0.12249599999999998 9.574999499999999 5.080003499999999
v -0.12249599999999998 9.574999499999999 6.599999999999999
v -0.12249599999999998 10.484999249999998 6.599999999999999
v -0.12249599999999998 10.484999249999998 5.080003499999999
v -0.07750049999999999 9.574999499999999 5.080003499999999
v -0.07750049999999999 10.484999249999998 5.080003499999999
v -0.07750049999999999 10.484999249999998 6.599999999999999
v -0.07750049999999999 9.574999499999999 6.599999999999999

usemtl darkslategray
f 1317 1318 1319
f 1317 1319 1320
f 1321 1322 1323
f 1321 1323 1324
f 1317 1321 1324
f 1317 1324 1318
f 1320 1319 1323
f 1320 1323 1322
f 1317 1320 1322
f 1317 1322 1321
f 1318 1324 1323
f 1318 1323 1319

v -0.14050013333333347 9.504998133333343 5.010001650000005
v -0.14050013333333347 9.504998133333343 5.0800007666666716
v -0.14050013333333347 10.555000816666677 5.0800007666666716
v -0.14050013333333347 10.555000816666677 5.010001650000005
v -0.0655019333333334 9.504998133333343 5.010001650000005
v -0.0655019333333334 10.555000816666677 5.010001650000005
v -0.0655019333333334 10.555000816666677 5.0800007666666716
v -0.0655019333333334 9.504998133333343 5.0800007666666716

usemtl black
f 1325 1326 1327
f 1325 1327 1328
f 1329 1330 1331
f 1329 1331 1332
f 1325 1329 1332
f 1325 1332 1326
f 1328 1327 1331
f 1328 1331 1330
f 1325 1328 1330
f 1325 1330 1329
f 1326 1332 1331
f 1326 1331 1327

v -0.14050013333333347 9.504998133333343 6.60000093333334
v -0.14050013333333347 9.504998133333343 6.670000050000007
v -0.14050013333333347 10.555000816666677 6.670000050000007
v -0.14050013333333347 10.555000816666677 6.60000093333334
v -0.0655019333333334 9.504998133333343 6.60000093333334
v -0.0655019333333334 10.555000816666677 6.60000093333334
v -0.0655019333333334 10.555000816666677 6.670000050000007
v -0.0655019333333334 9.504998133333343 6.670000050000007

f 1333 1334 1335
f 1333 1335 1336
f 1337 1338 1339
f 1337 1339 1340
f 1333 1337 1340
f 1333 1340 1334
f 1336 1335 1339
f 1336 1339 1338
f 1333 1336 1338
f 1333 1338 1337
f 1334 1340 1339
f 1334 1339 1335

v -0.14049825 9.50500215 5.079998249999999
v -0.14049825 9.50500215 6.599998949999999
v -0.14049825 9.574998749999999 6.599998949999999
v -0.14049825 9.574998749999999 5.079998249999999
v -0.06550109999999999 9.50500215 5.079998249999999
v -0.06550109999999999 9.574998749999999 5.079998249999999
v -0.06550109999999999 9.574998749999999 6.599998949999999
v -0.06550109999999999 9.50500215 6.599998949999999

f 1341 1342 1343
f 1341 1343 1344
f 1345 1346 1347
f 1345 1347 1348
f 1341 1345 1348
f 1341 1348 1342
f 1344 1343 1347
f 1344 1347 1346
f 1341 1344 1346
f 1341 1346 1345
f 1342 1348 1347
f 1342 1347 1343

v -0.14049825 10.48499895 5.079998249999999
v -0.14049825 10.48499895 6.599998949999999
v -0.14049825 10.555001099999998 6.599998949999999
v -0.14049825 10.555001099999998 5.079998249999999
v -0.06550109999999999 10.48499895 5.079998249999999
v -0.06550109999999999 10.555001099999998 5.079998249999999
v -0.06550109999999999 10.555001099999998 6.599998949999999
v -0.06550109999999999 10.48499895 6.599998949999999

f 1349 1350 1351
f 1349 1351 1352
f 1353 1354 1355
f 1353 1355 1356
f 1349 1353 1356
f 1349 1356 1350
f 1352 1351 1355
f 1352 1355 1354
f 1349 1352 1354
f 1349 1354 1353
f 1350 1356 1355
f 1350 1355 1351

v -0.14600055000000003 9.574998900000002 5.817500400000001
v -0.14600055000000003 9.574998900000002 5.862498750000001
v -0.14600055000000003 10.484998500000003 5.862498750000001
v -0.14600055000000003 10.484998500000003 5.817500400000001
v -0.06599850000000002 9.574998900000002 5.817500400000001
v -0.06599850000000002 10.484998500000003 5.817500400000001
v -0.06599850000000002 10.484998500000003 5.862498750000001
v -0.06599850000000002 9.574998900000002 5.862498750000001

f 1357 1358 1359
f 1357 1359 1360
f 1361 1362 1363
f 1361 1363 1364
f 1357 1361 1364
f 1357 1364 1358
f 1360 1359 1363
f 1360 1363 1362
f 1357 1360 1362
f 1357 1362 1361
f 1358 1364 1363
f 1358 1363 1359

v 15.497501800000016 4.389996966666671 2.199997800000002
v 15.497501800000016 4.389996966666671 2.7700013000000028
v 15.497501800000016 5.809999616666673 2.7700013000000028
v 15.497501800000016 5.809999616666673 2.199997800000002
v 15.542502433333349 4.389996966666671 2.199997800000002
v 15.542502433333349 5.809999616666673 2.199997800000002
v 15.542502433333349 5.809999616666673 2.7700013000000028
v 15.542502433333349 4.389996966666671 2.7700013000000028

usemtl darkslategray
f 1365 1366 1367
f 1365 1367 1368
f 1369 1370 1371
f 1369 1371 1372
f 1365 1369 1372
f 1365 1372 1366
f 1368 1367 1371
f 1368 1371 1370
f 1365 1368 1370
f 1365 1370 1369
f 1366 1372 1371
f 1366 1371 1367

v 15.479501766666667 4.319998283333334 2.129999666666667
v 15.479501766666667 4.319998283333334 2.2000012833333336
v 15.479501766666667 5.8799994 2.2000012833333336
v 15.479501766666667 5.8799994 2.129999666666667
v 15.554499033333334 4.319998283333334 2.129999666666667
v 15.554499033333334 5.8799994 2.129999666666667
v 15.554499033333334 5.8799994 2.2000012833333336
v 15.554499033333334 4.319998283333334 2.2000012833333336

usemtl black
f 1373 1374 1375
f 1373 1375 1376
f 1377 1378 1379
f 1377 1379 1380
f 1373 1377 1380
f 1373 1380 1374
f 1376 1375 1379
f 1376 1379 1378
f 1373 1376 1378
f 1373 1378 1377
f 1374 1380 1379
f 1374 1379 1375

v 15.479501766666667 4.319998283333334 2.7699998333333333
v 15.479501766666667 4.319998283333334 2.8400014500000004
v 15.479501766666667 5.8799994 2.8400014500000004
v 15.479501766666667 5.8799994 2.7699998333333333
v 15.554499033333334 4.319998283333334 2.7699998333333333
v 15.554499033333334 5.8799994 2.7699998333333333
v 15.554499033333334 5.8799994 2.8400014500000004
v 15.554499033333334 4.319998283333334 2.8400014500000004

f 1381 1382 1383
f 1381 1383 1384
f 1385 1386 1387
f 1385 1387 1388
f 1381 1385 1388
f 1381 1388 1382
f 1384 1383 1387
f 1384 1387 1386
f 1381 1384 1386
f 1381 1386 1385
f 1382 1388 1387
f 1382 1387 1383

v 15.479499749999999 4.319999016666666 2.200000183333333
v 15.479499749999999 4.319999016666666 2.7700005666666665
v 15.479499749999999 4.389999899999999 2.7700005666666665
v 15.479499749999999 4.389999899999999 2.200000183333333
v 15.554500866666665 4.319999016666666 2.200000183333333
v 15.554500866666665 4.389999899999999 2.200000183333333
v 15.554500866666665 4.389999899999999 2.7700005666666665
v 15.554500866666665 4.319999016666666 2.7700005666666665

f 1389 1390 1391
f 1389 1391 1392
f 1393 1394 1395
f 1393 1395 1396
f 1389 1393 1396
f 1389 1396 1390
f 1392 1391 1395
f 1392 1395 1394
f 1389 1392 1394
f 1389 1394 1393
f 1390 1396 1395
f 1390 1395 1391

v 15.479499749999999 5.809999433333333 2.200000183333333
v 15.479499749999999 5.809999433333333 2.7700005666666665
v 15.479499749999999 5.880000316666666 2.7700005666666665
v 15.479499749999999 5.880000316666666 2.200000183333333
v 15.554500866666665 5.809999433333333 2.200000183333333
v 15.554500866666665 5.880000316666666 2.200000183333333
v 15.554500866666665 5.880000316666666 2.7700005666666665
v 15.554500866666665 5.809999433333333 2.7700005666666665

f 1397 1398 1399
f 1397 1399 1400
f 1401 1402 1403
f 1401 1403 1404
f 1397 1401 1404
f 1397 1404 1398
f 1400 1399 1403
f 1400 1403 1402
f 1397 1400 1402
f 1397 1402 1401
f 1398 1404 1403
f 1398 1403 1399

v 15.473998933333304 5.0775008833333235 2.199999333333329
v 15.473998933333304 5.0775008833333235 2.7699989499999944
v 15.473998933333304 5.122499816666656 2.7699989499999944
v 15.473998933333304 5.122499816666656 2.199999333333329
v 15.554000383333303 5.0775008833333235 2.199999333333329
v 15.554000383333303 5.122499816666656 2.199999333333329
v 15.554000383333303 5.122499816666656 2.7699989499999944
v 15.554000383333303 5.0775008833333235 2.7699989499999944

f 1405 1406 1407
f 1405 1407 1408
f 1409 1410 1411
f 1409 1411 1412
f 1405 1409 1412
f 1405 1412 1406
f 1408 1407 1411
f 1408 1411 1410
f 1405 1408 1410
f 1405 1410 1409
f 1406 1412 1411
f 1406 1411 1407

v 15.497501800000009 6.690001450000004 2.1999978000000016
v 15.497501800000009 6.690001450000004 2.770001300000002
v 15.497501800000009 8.109997316666671 2.770001300000002
v 15.497501800000009 8.109997316666671 2.1999978000000016
v 15.542502433333343 6.690001450000004 2.1999978000000016
v 15.542502433333343 8.109997316666671 2.1999978000000016
v 15.542502433333343 8.109997316666671 2.770001300000002
v 15.542502433333343 6.690001450000004 2.770001300000002

usemtl darkslategray
f 1413 1414 1415
f 1413 1415 1416
f 1417 1418 1419
f 1417 1419 1420
f 1413 1417 1420
f 1413 1420 1414
f 1416 1415 1419
f 1416 1419 1418
f 1413 1416 1418
f 1413 1418 1417
f 1414 1420 1419
f 1414 1419 1415

v 15.47950176666666 6.619997816666664 2.129999666666666
v 15.47950176666666 6.619997816666664 2.2000012833333327
v 15.47950176666666 8.17999893333333 2.2000012833333327
v 15.47950176666666 8.17999893333333 2.129999666666666
v 15.554499033333327 6.619997816666664 2.129999666666666
v 15.554499033333327 8.17999893333333 2.129999666666666
v 15.554499033333327 8.17999893333333 2.2000012833333327
v 15.554499033333327 6.619997816666664 2.2000012833333327

usemtl black
f 1421 1422 1423
f 1421 1423 1424
f 1425 1426 1427
f 1425 1427 1428
f 1421 1425 1428
f 1421 1428 1422
f 1424 1423 1427
f 1424 1427 1426
f 1421 1424 1426
f 1421 1426 1425
f 1422 1428 1427
f 1422 1427 1423

v 15.47950176666666 6.619997816666664 2.7699998333333324
v 15.47950176666666 6.619997816666664 2.840001449999999
v 15.47950176666666 8.17999893333333 2.840001449999999
v 15.47950176666666 8.17999893333333 2.7699998333333324
v 15.554499033333327 6.619997816666664 2.7699998333333324
v 15.554499033333327 8.17999893333333 2.7699998333333324
v 15.554499033333327 8.17999893333333 2.840001449999999
v 15.554499033333327 6.619997816666664 2.840001449999999

f 1429 1430 1431
f 1429 1431 1432
f 1433 1434 1435
f 1433 1435 1436
f 1429 1433 1436
f 1429 1436 1430
f 1432 1431 1435
f 1432 1435 1434
f 1429 1432 1434
f 1429 1434 1433
f 1430 1436 1435
f 1430 1435 1431

v 15.479499749999999 6.619999099999999 2.200000183333333
v 15.479499749999999 6.619999099999999 2.7700005666666665
v 15.479499749999999 6.689999983333332 2.7700005666666665
v 15.479499749999999 6.689999983333332 2.200000183333333
v 15.554500866666665 6.619999099999999 2.200000183333333
v 15.554500866666665 6.689999983333332 2.200000183333333
v 15.554500866666665 6.689999983333332 2.7700005666666665
v 15.554500866666665 6.619999099999999 2.7700005666666665

f 1437 1438 1439
f 1437 1439 1440
f 1441 1442 1443
f 1441 1443 1444
f 1437 1441 1444
f 1437 1444 1438
f 1440 1439 1443
f 1440 1443 1442
f 1437 1440 1442
f 1437 1442 1441
f 1438 1444 1443
f 1438 1443 1439

v 15.479499749999999 8.109999516666665 2.200000183333333
v 15.479499749999999 8.109999516666665 2.7700005666666665
v 15.479499749999999 8.180000399999999 2.7700005666666665
v 15.479499749999999 8.180000399999999 2.200000183333333
v 15.554500866666665 8.109999516666665 2.200000183333333
v 15.554500866666665 8.180000399999999 2.200000183333333
v 15.554500866666665 8.180000399999999 2.7700005666666665
v 15.554500866666665 8.109999516666665 2.7700005666666665

f 1445 1446 1447
f 1445 1447 1448
f 1449 1450 1451
f 1449 1451 1452
f 1445 1449 1452
f 1445 1452 1446
f 1448 1447 1451
f 1448 1451 1450
f 1445 1448 1450
f 1445 1450 1449
f 1446 1452 1451
f 1446 1451 1447

v 15.473998933333304 7.377499133333319 2.199999333333329
v 15.473998933333304 7.377499133333319 2.7699989499999944
v 15.473998933333304 7.422500383333319 2.7699989499999944
v 15.473998933333304 7.422500383333319 2.199999333333329
v 15.554000383333303 7.377499133333319 2.199999333333329
v 15.554000383333303 7.422500383333319 2.199999333333329
v 15.554000383333303 7.422500383333319 2.7699989499999944
v 15.554000383333303 7.377499133333319 2.7699989499999944

f 1453 1454 1455
f 1453 1455 1456
f 1457 1458 1459
f 1457 1459 1460
f 1453 1457 1460
f 1453 1460 1454
f 1456 1455 1459
f 1456 1459 1458
f 1453 1456 1458
f 1453 1458 1457
f 1454 1460 1459
f 1454 1459 1455

v 15.497501250000012 1.0949977500000008 5.080003500000004
v 15.497501250000012 1.0949977500000008 6.600000000000005
v 15.497501250000012 2.0049975000000013 6.600000000000005
v 15.497501250000012 2.0049975000000013 5.080003500000004
v 15.54249675000001 1.0949977500000008 5.080003500000004
v 15.54249675000001 2.0049975000000013 5.080003500000004
v 15.54249675000001 2.0049975000000013 6.600000000000005
v 15.54249675000001 1.0949977500000008 6.600000000000005

usemtl darkslategray
f 1461 1462 1463
f 1461 1463 1464
f 1465 1466 1467
f 1465 1467 1468
f 1461 1465 1468
f 1461 1468 1462
f 1464 1463 1467
f 1464 1467 1466
f 1461 1464 1466
f 1461 1466 1465
f 1462 1468 1467
f 1462 1467 1463

v 15.479500216666665 1.0249993 5.0100016499999995
v 15.479500216666665 1.0249993 5.080000766666666
v 15.479500216666665 2.0750019833333333 5.080000766666666
v 15.479500216666665 2.0750019833333333 5.0100016499999995
v 15.554498416666666 1.0249993 5.0100016499999995
v 15.554498416666666 2.0750019833333333 5.0100016499999995
v 15.554498416666666 2.0750019833333333 5.080000766666666
v 15.554498416666666 1.0249993 5.080000766666666

usemtl black
f 1469 1470 1471
f 1469 1471 1472
f 1473 1474 1475
f 1473 1475 1476
f 1469 1473 1476
f 1469 1476 1470
f 1472 1471 1475
f 1472 1475 1474
f 1469 1472 1474
f 1469 1474 1473
f 1470 1476 1475
f 1470 1475 1471

v 15.479500216666665 1.0249993 6.600000933333333
v 15.479500216666665 1.0249993 6.67000005
v 15.479500216666665 2.0750019833333333 6.67000005
v 15.479500216666665 2.0750019833333333 6.600000933333333
v 15.554498416666666 1.0249993 6.600000933333333
v 15.554498416666666 2.0750019833333333 6.600000933333333
v 15.554498416666666 2.0750019833333333 6.67000005
v 15.554498416666666 1.0249993 6.67000005

f 1477 1478 1479
f 1477 1479 1480
f 1481 1482 1483
f 1481 1483 1484
f 1477 1481 1484
f 1477 1484 1478
f 1480 1479 1483
f 1480 1483 1482
f 1477 1480 1482
f 1477 1482 1481
f 1478 1484 1483
f 1478 1483 1479

v 15.479499449999988 1.0250017499999993 5.0799982499999965
v 15.479499449999988 1.0250017499999993 6.599998949999995
v 15.479499449999988 1.0949983499999991 6.599998949999995
v 15.479499449999988 1.0949983499999991 5.0799982499999965
v 15.554502149999989 1.0250017499999993 5.0799982499999965
v 15.554502149999989 1.0949983499999991 5.0799982499999965
v 15.554502149999989 1.0949983499999991 6.599998949999995
v 15.554502149999989 1.0250017499999993 6.599998949999995

f 1485 1486 1487
f 1485 1487 1488
f 1489 1490 1491
f 1489 1491 1492
f 1485 1489 1492
f 1485 1492 1486
f 1488 1487 1491
f 1488 1491 1490
f 1485 1488 1490
f 1485 1490 1489
f 1486 1492 1491
f 1486 1491 1487

v 15.479499449999992 2.004998549999999 5.079998249999997
v 15.479499449999992 2.004998549999999 6.599998949999996
v 15.479499449999992 2.075000699999999 6.599998949999996
v 15.479499449999992 2.075000699999999 5.079998249999997
v 15.55450214999999 2.004998549999999 5.079998249999997
v 15.55450214999999 2.075000699999999 5.079998249999997
v 15.55450214999999 2.075000699999999 6.599998949999996
v 15.55450214999999 2.004998549999999 6.599998949999996

f 1493 1494 1495
f 1493 1495 1496
f 1497 1498 1499
f 1497 1499 1500
f 1493 1497 1500
f 1493 1500 1494
f 1496 1495 1499
f 1496 1499 1498
f 1493 1496 1498
f 1493 1498 1497
f 1494 1500 1499
f 1494 1499 1495

v 15.473998649999974 1.0949989499999981 5.81750039999999
v 15.473998649999974 1.0949989499999981 5.86249874999999
v 15.473998649999974 2.0049985499999967 5.86249874999999
v 15.473998649999974 2.0049985499999967 5.81750039999999
v 15.554000699999973 1.0949989499999981 5.81750039999999
v 15.554000699999973 2.0049985499999967 5.81750039999999
v 15.554000699999973 2.0049985499999967 5.86249874999999
v 15.554000699999973 1.0949989499999981 5.86249874999999

f 1501 1502 1503
f 1501 1503 1504
f 1505 1506 1507
f 1505 1507 1508
f 1501 1505 1508
f 1501 1508 1502
f 1504 1503 1507
f 1504 1507 1506
f 1501 1504 1506
f 1501 1506 1505
f 1502 1508 1507
f 1502 1507 1503

v 15.497501250000012 10.375002000000007 5.080003500000004
v 15.497501250000012 10.375002000000007 6.600000000000005
v 15.497501250000012 11.285001750000008 6.600000000000005
v 15.497501250000012 11.285001750000008 5.080003500000004
v 15.54249675000001 10.375002000000007 5.080003500000004
v 15.54249675000001 11.285001750000008 5.080003500000004
v 15.54249675000001 11.285001750000008 6.600000000000005
v 15.54249675000001 10.375002000000007 6.600000000000005

usemtl darkslategray
f 1509 1510 1511
f 1509 1511 1512
f 1513 1514 1515
f 1513 1515 1516
f 1509 1513 1516
f 1509 1516 1510
f 1512 1511 1515
f 1512 1515 1514
f 1509 1512 1514
f 1509 1514 1513
f 1510 1516 1515
f 1510 1515 1511

v 15.479500216666672 10.304998850000004 5.010001650000001
v 15.479500216666672 10.304998850000004 5.080000766666668
v 15.479500216666672 11.355001533333338 5.080000766666668
v 15.479500216666672 11.355001533333338 5.010001650000001
v 15.554498416666672 10.304998850000004 5.010001650000001
v 15.554498416666672 11.355001533333338 5.010001650000001
v 15.554498416666672 11.355001533333338 5.080000766666668
v 15.554498416666672 10.304998850000004 5.080000766666668

usemtl black
f 1517 1518 1519
f 1517 1519 1520
f 1521 1522 1523
f 1521 1523 1524
f 1517 1521 1524
f 1517 1524 1518
f 1520 1519 1523
f 1520 1523 1522
f 1517 1520 1522
f 1517 1522 1521
f 1518 1524 1523
f 1518 1523 1519

v 15.479500216666672 10.304998850000004 6.600000933333336
v 15.479500216666672 10.304998850000004 6.670000050000002
v 15.479500216666672 11.355001533333338 6.670000050000002
v 15.479500216666672 11.355001533333338 6.600000933333336
v 15.554498416666672 10.304998850000004 6.600000933333336
v 15.554498416666672 11.355001533333338 6.600000933333336
v 15.554498416666672 11.355001533333338 6.670000050000002
v 15.554498416666672 10.304998850000004 6.670000050000002

f 1525 1526 1527
f 1525 1527 1528
f 1529 1530 1531
f 1529 1531 1532
f 1525 1529 1532
f 1525 1532 1526
f 1528 1527 1531
f 1528 1531 1530
f 1525 1528 1530
f 1525 1530 1529
f 1526 1532 1531
f 1526 1531 1527

v 15.479499449999992 10.305001349999994 5.079998249999997
v 15.479499449999992 10.305001349999994 6.599998949999996
v 15.479499449999992 10.374997949999994 6.599998949999996
v 15.479499449999992 10.374997949999994 5.079998249999997
v 15.55450214999999 10.305001349999994 5.079998249999997
v 15.55450214999999 10.374997949999994 5.079998249999997
v 15.55450214999999 10.374997949999994 6.599998949999996
v 15.55450214999999 10.305001349999994 6.599998949999996

f 1533 1534 1535
f 1533 1535 1536
f 1537 1538 1539
f 1537 1539 1540
f 1533 1537 1540
f 1533 1540 1534
f 1536 1535 1539
f 1536 1539 1538
f 1533 1536 1538
f 1533 1538 1537
f 1534 1540 1539
f 1534 1539 1535

v 15.479499449999992 11.284998149999993 5.079998249999997
v 15.479499449999992 11.284998149999993 6.599998949999996
v 15.479499449999992 11.355000299999993 6.599998949999996
v 15.479499449999992 11.355000299999993 5.079998249999997
v 15.55450214999999 11.284998149999993 5.079998249999997
v 15.55450214999999 11.355000299999993 5.079998249999997
v 15.55450214999999 11.355000299999993 6.599998949999996
v 15.55450214999999 11.284998149999993 6.599998949999996

f 1541 1542 1543
f 1541 1543 1544
f 1545 1546 1547
f 1545 1547 1548
f 1541 1545 1548
f 1541 1548 1542
f 1544 1543 1547
f 1544 1547 1546
f 1541 1544 1546
f 1541 1546 1545
f 1542 1548 1547
f 1542 1547 1543

v 15.473998649999976 10.374998699999983 5.81750039999999
v 15.473998649999976 10.374998699999983 5.8624987499999905
v 15.473998649999976 11.284998299999982 5.8624987499999905
v 15.473998649999976 11.284998299999982 5.81750039999999
v 15.554000699999975 10.374998699999983 5.81750039999999
v 15.554000699999975 11.284998299999982 5.81750039999999
v 15.554000699999975 11.284998299999982 5.8624987499999905
v 15.554000699999975 10.374998699999983 5.8624987499999905

f 1549 1550 1551
f 1549 1551 1552
f 1553 1554 1555
f 1553 1555 1556
f 1549 1553 1556
f 1549 1556 1550
f 1552 1551 1555
f 1552 1555 1554
f 1549 1552 1554
f 1549 1554 1553
f 1550 1556 1555
f 1550 1555 1551

v 0.45426958 -0.10100276 4.26000202
v 0.45426958 -0.10100276 7.0099969
v 0.45426958 -0.0750002 7.0099969
v 0.45426958 -0.0750002 4.26000202
v 0.48027214 -0.10100276 4.26000202
v 0.48027214 -0.0750002 4.26000202
v 0.48027214 -0.0750002 7.0099969
v 0.48027214 -0.10100276 7.0099969

f 1557 1558 1559
f 1557 1559 1560
f 1561 1562 1563
f 1561 1563 1564
f 1557 1561 1564
f 1557 1564 1558
f 1560 1559 1563
f 1560 1563 1562
f 1557 1560 1562
f 1557 1562 1561
f 1558 1564 1563
f 1558 1563 1559

v 0.92154978 -0.10100276 4.26000202
v 0.92154978 -0.10100276 7.0099969
v 0.92154978 -0.0750002 7.0099969
v 0.92154978 -0.0750002 4.26000202
v 0.947543 -0.10100276 4.26000202
v 0.947543 -0.0750002 4.26000202
v 0.947543 -0.0750002 7.0099969
v 0.947543 -0.10100276 7.0099969

f 1565 1566 1567
f 1565 1567 1568
f 1569 1570 1571
f 1569 1571 1572
f 1565 1569 1572
f 1565 1572 1566
f 1568 1567 1571
f 1568 1571 1570
f 1565 1568 1570
f 1565 1570 1569
f 1566 1572 1571
f 1566 1571 1567

v 1.38882064 -0.10100276 4.26000202
v 1.38882064 -0.10100276 7.0099969
v 1.38882064 -0.0750002 7.0099969
v 1.38882064 -0.0750002 4.26000202
v 1.41481386 -0.10100276 4.26000202
v 1.41481386 -0.0750002 4.26000202
v 1.41481386 -0.0750002 7.0099969
v 1.41481386 -0.10100276 7.0099969

f 1573 1574 1575
f 1573 1575 1576
f 1577 1578 1579
f 1577 1579 1580
f 1573 1577 1580
f 1573 1580 1574
f 1576 1575 1579
f 1576 1579 1578
f 1573 1576 1578
f 1573 1578 1577
f 1574 1580 1579
f 1574 1579 1575

v 1.8560915 -0.10100276 4.26000202
v 1.8560915 -0.10100276 7.0099969
v 1.8560915 -0.0750002 7.0099969
v 1.8560915 -0.0750002 4.26000202
v 1.88209406 -0.10100276 4.26000202
v 1.88209406 -0.0750002 4.26000202
v 1.88209406 -0.0750002 7.0099969
v 1.88209406 -0.10100276 7.0099969

f 1581 1582 1583
f 1581 1583 1584
f 1585 1586 1587
f 1585 1587 1588
f 1581 1585 1588
f 1581 1588 1582
f 1584 1583 1587
f 1584 1587 1586
f 1581 1584 1586
f 1581 1586 1585
f 1582 1588 1587
f 1582 1587 1583

v 2.32336236 -0.10100276 4.26000202
v 2.32336236 -0.10100276 7.0099969
v 2.32336236 -0.0750002 7.0099969
v 2.32336236 -0.0750002 4.26000202
v 2.34936492 -0.10100276 4.26000202
v 2.34936492 -0.0750002 4.26000202
v 2.34936492 -0.0750002 7.0099969
v 2.34936492 -0.10100276 7.0099969

f 1589 1590 1591
f 1589 1591 1592
f 1593 1594 1595
f 1593 1595 1596
f 1589 1593 1596
f 1589 1596 1590
f 1592 1591 1595
f 1592 1595 1594
f 1589 1592 1594
f 1589 1594 1593
f 1590 1596 1595
f 1590 1595 1591

v 2.79063322 -0.10100276 4.26000202
v 2.79063322 -0.10100276 7.0099969
v 2.79063322 -0.0750002 7.0099969
v 2.79063322 -0.0750002 4.26000202
v 2.81663578 -0.10100276 4.26000202
v 2.81663578 -0.0750002 4.26000202
v 2.81663578 -0.0750002 7.0099969
v 2.81663578 -0.10100276 7.0099969

f 1597 1598 1599
f 1597 1599 1600
f 1601 1602 1603
f 1601 1603 1604
f 1597 1601 1604
f 1597 1604 1598
f 1600 1599 1603
f 1600 1603 1602
f 1597 1600 1602
f 1597 1602 1601
f 1598 1604 1603
f 1598 1603 1599

v 3.25791342 -0.10100276 4.26000202
v 3.25791342 -0.10100276 7.0099969
v 3.25791342 -0.0750002 7.0099969
v 3.25791342 -0.0750002 4.26000202
v 3.28390664 -0.10100276 4.26000202
v 3.28390664 -0.0750002 4.26000202
v 3.28390664 -0.0750002 7.0099969
v 3.28390664 -0.10100276 7.0099969

f 1605 1606 1607
f 1605 1607 1608
f 1609 1610 1611
f 1609 1611 1612
f 1605 1609 1612
f 1605 1612 1606
f 1608 1607 1611
f 1608 1611 1610
f 1605 1608 1610
f 1605 1610 1609
f 1606 1612 1611
f 1606 1611 1607

v 3.72518428 -0.10100276 4.26000202
v 3.72518428 -0.10100276 7.0099969
v 3.72518428 -0.0750002 7.0099969
v 3.72518428 -0.0750002 4.26000202
v 3.7511775000000003 -0.10100276 4.26000202
v 3.7511775000000003 -0.0750002 4.26000202
v 3.7511775000000003 -0.0750002 7.0099969
v 3.7511775000000003 -0.10100276 7.0099969

f 1613 1614 1615
f 1613 1615 1616
f 1617 1618 1619
f 1617 1619 1620
f 1613 1617 1620
f 1613 1620 1614
f 1616 1615 1619
f 1616 1619 1618
f 1613 1616 1618
f 1613 1618 1617
f 1614 1620 1619
f 1614 1619 1615

v 4.19245514 -0.10100276 4.26000202
v 4.19245514 -0.10100276 7.0099969
v 4.19245514 -0.0750002 7.0099969
v 4.19245514 -0.0750002 4.26000202
v 4.2184577 -0.10100276 4.26000202
v 4.2184577 -0.0750002 4.26000202
v 4.2184577 -0.0750002 7.0099969
v 4.2184577 -0.10100276 7.0099969

f 1621 1622 1623
f 1621 1623 1624
f 1625 1626 1627
f 1625 1627 1628
f 1621 1625 1628
f 1621 1628 1622
f 1624 1623 1627
f 1624 1627 1626
f 1621 1624 1626
f 1621 1626 1625
f 1622 1628 1627
f 1622 1627 1623

v 4.659726 -0.10100276 4.26000202
v 4.659726 -0.10100276 7.0099969
v 4.659726 -0.0750002 7.0099969
v 4.659726 -0.0750002 4.26000202
v 4.68572856 -0.10100276 4.26000202
v 4.68572856 -0.0750002 4.26000202
v 4.68572856 -0.0750002 7.0099969
v 4.68572856 -0.10100276 7.0099969

f 1629 1630 1631
f 1629 1631 1632
f 1633 1634 1635
f 1633 1635 1636
f 1629 1633 1636
f 1629 1636 1630
f 1632 1631 1635
f 1632 1635 1634
f 1629 1632 1634
f 1629 1634 1633
f 1630 1636 1635
f 1630 1635 1631

v 5.12699686 -0.10100276 4.26000202
v 5.12699686 -0.10100276 7.0099969
v 5.12699686 -0.0750002 7.0099969
v 5.12699686 -0.0750002 4.26000202
v 5.15299942 -0.10100276 4.26000202
v 5.15299942 -0.0750002 4.26000202
v 5.15299942 -0.0750002 7.0099969
v 5.15299942 -0.10100276 7.0099969

f 1637 1638 1639
f 1637 1639 1640
f 1641 1642 1643
f 1641 1643 1644
f 1637 1641 1644
f 1637 1644 1638
f 1640 1639 1643
f 1640 1643 1642
f 1637 1640 1642
f 1637 1642 1641
f 1638 1644 1643
f 1638 1643 1639

v 5.5942770600000005 -0.10100276 4.26000202
v 5.5942770600000005 -0.10100276 7.0099969
v 5.5942770600000005 -0.0750002 7.0099969
v 5.5942770600000005 -0.0750002 4.26000202
v 5.620270280000001 -0.10100276 4.26000202
v 5.620270280000001 -0.0750002 4.26000202
v 5.620270280000001 -0.0750002 7.0099969
v 5.620270280000001 -0.10100276 7.0099969

f 1645 1646 1647
f 1645 1647 1648
f 1649 1650 1651
f 1649 1651 1652
f 1645 1649 1652
f 1645 1652 1646
f 1648 1647 1651
f 1648 1651 1650
f 1645 1648 1650
f 1645 1650 1649
f 1646 1652 1651
f 1646 1651 1647

v 6.061547920000001 -0.10100276 4.26000202
v 6.061547920000001 -0.10100276 7.0099969
v 6.061547920000001 -0.0750002 7.0099969
v 6.061547920000001 -0.0750002 4.26000202
v 6.08754114 -0.10100276 4.26000202
v 6.08754114 -0.0750002 4.26000202
v 6.08754114 -0.0750002 7.0099969
v 6.08754114 -0.10100276 7.0099969

f 1653 1654 1655
f 1653 1655 1656
f 1657 1658 1659
f 1657 1659 1660
f 1653 1657 1660
f 1653 1660 1654
f 1656 1655 1659
f 1656 1659 1658
f 1653 1656 1658
f 1653 1658 1657
f 1654 1660 1659
f 1654 1659 1655

v 6.52881878 -0.10100276 4.26000202
v 6.52881878 -0.10100276 7.0099969
v 6.52881878 -0.0750002 7.0099969
v 6.52881878 -0.0750002 4.26000202
v 6.55482134 -0.10100276 4.26000202
v 6.55482134 -0.0750002 4.26000202
v 6.55482134 -0.0750002 7.0099969
v 6.55482134 -0.10100276 7.0099969

f 1661 1662 1663
f 1661 1663 1664
f 1665 1666 1667
f 1665 1667 1668
f 1661 1665 1668
f 1661 1668 1662
f 1664 1663 1667
f 1664 1667 1666
f 1661 1664 1666
f 1661 1666 1665
f 1662 1668 1667
f 1662 1667 1663

v 6.99608964 -0.10100276 4.26000202
v 6.99608964 -0.10100276 7.0099969
v 6.99608964 -0.0750002 7.0099969
v 6.99608964 -0.0750002 4.26000202
v 7.0220922 -0.10100276 4.26000202
v 7.0220922 -0.0750002 4.26000202
v 7.0220922 -0.0750002 7.0099969
v 7.0220922 -0.10100276 7.0099969

f 1669 1670 1671
f 1669 1671 1672
f 1673 1674 1675
f 1673 1675 1676
f 1669 1673 1676
f 1669 1676 1670
f 1672 1671 1675
f 1672 1675 1674
f 1669 1672 1674
f 1669 1674 1673
f 1670 1676 1675
f 1670 1675 1671

v 7.4633605 -0.10100276 4.26000202
v 7.4633605 -0.10100276 7.0099969
v 7.4633605 -0.0750002 7.0099969
v 7.4633605 -0.0750002 4.26000202
v 7.4893630600000005 -0.10100276 4.26000202
v 7.4893630600000005 -0.0750002 4.26000202
v 7.4893630600000005 -0.0750002 7.0099969
v 7.4893630600000005 -0.10100276 7.0099969

f 1677 1678 1679
f 1677 1679 1680
f 1681 1682 1683
f 1681 1683 1684
f 1677 1681 1684
f 1677 1684 1678
f 1680 1679 1683
f 1680 1683 1682
f 1677 1680 1682
f 1677 1682 1681
f 1678 1684 1683
f 1678 1683 1679

v 7.9306407000000005 -0.10100276 4.26000202
v 7.9306407000000005 -0.10100276 7.0099969
v 7.9306407000000005 -0.0750002 7.0099969
v 7.9306407000000005 -0.0750002 4.26000202
v 7.956633920000001 -0.10100276 4.26000202
v 7.956633920000001 -0.0750002 4.26000202
v 7.956633920000001 -0.0750002 7.0099969
v 7.956633920000001 -0.10100276 7.0099969

f 1685 1686 1687
f 1685 1687 1688
f 1689 1690 1691
f 1689 1691 1692
f 1685 1689 1692
f 1685 1692 1686
f 1688 1687 1691
f 1688 1691 1690
f 1685 1688 1690
f 1685 1690 1689
f 1686 1692 1691
f 1686 1691 1687

v 8.39791156 -0.10100276 4.26000202
v 8.39791156 -0.10100276 7.0099969
v 8.39791156 -0.0750002 7.0099969
v 8.39791156 -0.0750002 4.26000202
v 8.42390478 -0.10100276 4.26000202
v 8.42390478 -0.0750002 4.26000202
v 8.42390478 -0.0750002 7.0099969
v 8.42390478 -0.10100276 7.0099969

f 1693 1694 1695
f 1693 1695 1696
f 1697 1698 1699
f 1697 1699 1700
f 1693 1697 1700
f 1693 1700 1694
f 1696 1695 1699
f 1696 1699 1698
f 1693 1696 1698
f 1693 1698 1697
f 1694 1700 1699
f 1694 1699 1695

v 8.86518242 -0.10100276 4.26000202
v 8.86518242 -0.10100276 7.0099969
v 8.86518242 -0.0750002 7.0099969
v 8.86518242 -0.0750002 4.26000202
v 8.89118498 -0.10100276 4.26000202
v 8.89118498 -0.0750002 4.26000202
v 8.89118498 -0.0750002 7.0099969
v 8.89118498 -0.10100276 7.0099969

f 1701 1702 1703
f 1701 1703 1704
f 1705 1706 1707
f 1705 1707 1708
f 1701 1705 1708
f 1701 1708 1702
f 1704 1703 1707
f 1704 1707 1706
f 1701 1704 1706
f 1701 1706 1705
f 1702 1708 1707
f 1702 1707 1703

v 9.332453280000001 -0.10100276 4.26000202
v 9.332453280000001 -0.10100276 7.0099969
v 9.332453280000001 -0.0750002 7.0099969
v 9.332453280000001 -0.0750002 4.26000202
v 9.35845584 -0.10100276 4.26000202
v 9.35845584 -0.0750002 4.26000202
v 9.35845584 -0.0750002 7.0099969
v 9.35845584 -0.10100276 7.0099969

f 1709 1710 1711
f 1709 1711 1712
f 1713 1714 1715
f 1713 1715 1716
f 1709 1713 1716
f 1709 1716 1710
f 1712 1711 1715
f 1712 1715 1714
f 1709 1712 1714
f 1709 1714 1713
f 1710 1716 1715
f 1710 1715 1711

v 9.79972414 -0.10100276 4.26000202
v 9.79972414 -0.10100276 7.0099969
v 9.79972414 -0.0750002 7.0099969
v 9.79972414 -0.0750002 4.26000202
v 9.8257267 -0.10100276 4.26000202
v 9.8257267 -0.0750002 4.26000202
v 9.8257267 -0.0750002 7.0099969
v 9.8257267 -0.10100276 7.0099969

f 1717 1718 1719
f 1717 1719 1720
f 1721 1722 1723
f 1721 1723 1724
f 1717 1721 1724
f 1717 1724 1718
f 1720 1719 1723
f 1720 1723 1722
f 1717 1720 1722
f 1717 1722 1721
f 1718 1724 1723
f 1718 1723 1719

v 10.26700434 -0.10100276 4.26000202
v 10.26700434 -0.10100276 7.0099969
v 10.26700434 -0.0750002 7.0099969
v 10.26700434 -0.0750002 4.26000202
v 10.29299756 -0.10100276 4.26000202
v 10.29299756 -0.0750002 4.26000202
v 10.29299756 -0.0750002 7.0099969
v 10.29299756 -0.10100276 7.0099969

f 1725 1726 1727
f 1725 1727 1728
f 1729 1730 1731
f 1729 1731 1732
f 1725 1729 1732
f 1725 1732 1726
f 1728 1727 1731
f 1728 1731 1730
f 1725 1728 1730
f 1725 1730 1729
f 1726 1732 1731
f 1726 1731 1727

v 10.7342752 -0.10100276 4.26000202
v 10.7342752 -0.10100276 7.0099969
v 10.7342752 -0.0750002 7.0099969
v 10.7342752 -0.0750002 4.26000202
v 10.760268420000001 -0.10100276 4.26000202
v 10.760268420000001 -0.0750002 4.26000202
v 10.760268420000001 -0.0750002 7.0099969
v 10.760268420000001 -0.10100276 7.0099969

f 1733 1734 1735
f 1733 1735 1736
f 1737 1738 1739
f 1737 1739 1740
f 1733 1737 1740
f 1733 1740 1734
f 1736 1735 1739
f 1736 1739 1738
f 1733 1736 1738
f 1733 1738 1737
f 1734 1740 1739
f 1734 1739 1735

v 11.20154606 -0.10100276 4.26000202
v 11.20154606 -0.10100276 7.0099969
v 11.20154606 -0.0750002 7.0099969
v 11.20154606 -0.0750002 4.26000202
v 11.22754862 -0.10100276 4.26000202
v 11.22754862 -0.0750002 4.26000202
v 11.22754862 -0.0750002 7.0099969
v 11.22754862 -0.10100276 7.0099969

f 1741 1742 1743
f 1741 1743 1744
f 1745 1746 1747
f 1745 1747 1748
f 1741 1745 1748
f 1741 1748 1742
f 1744 1743 1747
f 1744 1747 1746
f 1741 1744 1746
f 1741 1746 1745
f 1742 1748 1747
f 1742 1747 1743

v 11.668816920000001 -0.10100276 4.26000202
v 11.668816920000001 -0.10100276 7.0099969
v 11.668816920000001 -0.0750002 7.0099969
v 11.668816920000001 -0.0750002 4.26000202
v 11.69481948 -0.10100276 4.26000202
v 11.69481948 -0.0750002 4.26000202
v 11.69481948 -0.0750002 7.0099969
v 11.69481948 -0.10100276 7.0099969

f 1749 1750 1751
f 1749 1751 1752
f 1753 1754 1755
f 1753 1755 1756
f 1749 1753 1756
f 1749 1756 1750
f 1752 1751 1755
f 1752 1755 1754
f 1749 1752 1754
f 1749 1754 1753
f 1750 1756 1755
f 1750 1755 1751

v 12.13608778 -0.10100276 4.26000202
v 12.13608778 -0.10100276 7.0099969
v 12.13608778 -0.0750002 7.0099969
v 12.13608778 -0.0750002 4.26000202
v 12.16209034 -0.10100276 4.26000202
v 12.16209034 -0.0750002 4.26000202
v 12.16209034 -0.0750002 7.0099969
v 12.16209034 -0.10100276 7.0099969

f 1757 1758 1759
f 1757 1759 1760
f 1761 1762 1763
f 1761 1763 1764
f 1757 1761 1764
f 1757 1764 1758
f 1760 1759 1763
f 1760 1763 1762
f 1757 1760 1762
f 1757 1762 1761
f 1758 1764 1763
f 1758 1763 1759

v 12.60336798 -0.10100276 4.26000202
v 12.60336798 -0.10100276 7.0099969
v 12.60336798 -0.0750002 7.0099969
v 12.60336798 -0.0750002 4.26000202
v 12.6293612 -0.10100276 4.26000202
v 12.6293612 -0.0750002 4.26000202
v 12.6293612 -0.0750002 7.0099969
v 12.6293612 -0.10100276 7.0099969

f 1765 1766 1767
f 1765 1767 1768
f 1769 1770 1771
f 1769 1771 1772
f 1765 1769 1772
f 1765 1772 1766
f 1768 1767 1771
f 1768 1771 1770
f 1765 1768 1770
f 1765 1770 1769
f 1766 1772 1771
f 1766 1771 1767

v 13.07063884 -0.10100276 4.26000202
v 13.07063884 -0.10100276 7.0099969
v 13.07063884 -0.0750002 7.0099969
v 13.07063884 -0.0750002 4.26000202
v 13.096632060000001 -0.10100276 4.26000202
v 13.096632060000001 -0.0750002 4.26000202
v 13.096632060000001 -0.0750002 7.0099969
v 13.096632060000001 -0.10100276 7.0099969

f 1773 1774 1775
f 1773 1775 1776
f 1777 1778 1779
f 1777 1779 1780
f 1773 1777 1780
f 1773 1780 1774
f 1776 1775 1779
f 1776 1779 1778
f 1773 1776 1778
f 1773 1778 1777
f 1774 1780 1779
f 1774 1779 1775

v 13.5379097 -0.10100276 4.26000202
v 13.5379097 -0.10100276 7.0099969
v 13.5379097 -0.0750002 7.0099969
v 13.5379097 -0.0750002 4.26000202
v 13.56391226 -0.10100276 4.26000202
v 13.56391226 -0.0750002 4.26000202
v 13.56391226 -0.0750002 7.0099969
v 13.56391226 -0.10100276 7.0099969

f 1781 1782 1783
f 1781 1783 1784
f 1785 1786 1787
f 1785 1787 1788
f 1781 1785 1788
f 1781 1788 1782
f 1784 1783 1787
f 1784 1787 1786
f 1781 1784 1786
f 1781 1786 1785
f 1782 1788 1787
f 1782 1787 1783

v 14.005180560000001 -0.10100276 4.26000202
v 14.005180560000001 -0.10100276 7.0099969
v 14.005180560000001 -0.0750002 7.0099969
v 14.005180560000001 -0.0750002 4.26000202
v 14.03118312 -0.10100276 4.26000202
v 14.03118312 -0.0750002 4.26000202
v 14.03118312 -0.0750002 7.0099969
v 14.03118312 -0.10100276 7.0099969

f 1789 1790 1791
f 1789 1791 1792
f 1793 1794 1795
f 1793 1795 1796
f 1789 1793 1796
f 1789 1796 1790
f 1792 1791 1795
f 1792 1795 1794
f 1789 1792 1794
f 1789 1794 1793
f 1790 1796 1795
f 1790 1795 1791

v 14.47245142 -0.10100276 4.26000202
v 14.47245142 -0.10100276 7.0099969
v 14.47245142 -0.0750002 7.0099969
v 14.47245142 -0.0750002 4.26000202
v 14.49845398 -0.10100276 4.26000202
v 14.49845398 -0.0750002 4.26000202
v 14.49845398 -0.0750002 7.0099969
v 14.49845398 -0.10100276 7.0099969

f 1797 1798 1799
f 1797 1799 1800
f 1801 1802 1803
f 1801 1803 1804
f 1797 1801 1804
f 1797 1804 1798
f 1800 1799 1803
f 1800 1803 1802
f 1797 1800 1802
f 1797 1802 1801
f 1798 1804 1803
f 1798 1803 1799

v 14.93973162 -0.10100276 4.26000202
v 14.93973162 -0.10100276 7.0099969
v 14.93973162 -0.0750002 7.0099969
v 14.93973162 -0.0750002 4.26000202
v 14.96572484 -0.10100276 4.26000202
v 14.96572484 -0.0750002 4.26000202
v 14.96572484 -0.0750002 7.0099969
v 14.96572484 -0.10100276 7.0099969

f 1805 1806 1807
f 1805 1807 1808
f 1809 1810 1811
f 1809 1811 1812
f 1805 1809 1812
f 1805 1812 1806
f 1808 1807 1811
f 1808 1811 1810
f 1805 1808 1810
f 1805 1810 1809
f 1806 1812 1811
f 1806 1811 1807

v 0.4542692 12.4549964 0
v 0.4542692 12.4549964 4.25999728
v 0.4542692 12.48099776 4.25999728
v 0.4542692 12.48099776 0
v 0.48027056 12.4549964 0
v 0.48027056 12.48099776 0
v 0.48027056 12.48099776 4.25999728
v 0.48027056 12.4549964 4.25999728

f 1813 1814 1815
f 1813 1815 1816
f 1817 1818 1819
f 1817 1819 1820
f 1813 1817 1820
f 1813 1820 1814
f 1816 1815 1819
f 1816 1819 1818
f 1813 1816 1818
f 1813 1818 1817
f 1814 1820 1819
f 1814 1819 1815

v 0.9215462666666667 12.4549964 0
v 0.9215462666666667 12.4549964 4.25999728
v 0.9215462666666667 12.48099776 4.25999728
v 0.9215462666666667 12.48099776 0
v 0.9475476266666667 12.4549964 0
v 0.9475476266666667 12.48099776 0
v 0.9475476266666667 12.48099776 4.25999728
v 0.9475476266666667 12.4549964 4.25999728

f 1821 1822 1823
f 1821 1823 1824
f 1825 1826 1827
f 1825 1827 1828
f 1821 1825 1828
f 1821 1828 1822
f 1824 1823 1827
f 1824 1827 1826
f 1821 1824 1826
f 1821 1826 1825
f 1822 1828 1827
f 1822 1827 1823

v 1.3888233333333333 12.4549964 0
v 1.3888233333333333 12.4549964 4.25999728
v 1.3888233333333333 12.48099776 4.25999728
v 1.3888233333333333 12.48099776 0
v 1.4148246933333333 12.4549964 0
v 1.4148246933333333 12.48099776 0
v 1.4148246933333333 12.48099776 4.25999728
v 1.4148246933333333 12.4549964 4.25999728

f 1829 1830 1831
f 1829 1831 1832
f 1833 1834 1835
f 1833 1835 1836
f 1829 1833 1836
f 1829 1836 1830
f 1832 1831 1835
f 1832 1835 1834
f 1829 1832 1834
f 1829 1834 1833
f 1830 1836 1835
f 1830 1835 1831

v 1.8560860266666668 12.4549964 0
v 1.8560860266666668 12.4549964 4.25999728
v 1.8560860266666668 12.48099776 4.25999728
v 1.8560860266666668 12.48099776 0
v 1.8820873866666668 12.4549964 0
v 1.8820873866666668 12.48099776 0
v 1.8820873866666668 12.48099776 4.25999728
v 1.8820873866666668 12.4549964 4.25999728

f 1837 1838 1839
f 1837 1839 1840
f 1841 1842 1843
f 1841 1843 1844
f 1837 1841 1844
f 1837 1844 1838
f 1840 1839 1843
f 1840 1843 1842
f 1837 1840 1842
f 1837 1842 1841
f 1838 1844 1843
f 1838 1843 1839

v 2.3233630933333336 12.4549964 0
v 2.3233630933333336 12.4549964 4.25999728
v 2.3233630933333336 12.48099776 4.25999728
v 2.3233630933333336 12.48099776 0
v 2.3493644533333335 12.4549964 0
v 2.3493644533333335 12.48099776 0
v 2.3493644533333335 12.48099776 4.25999728
v 2.3493644533333335 12.4549964 4.25999728

f 1845 1846 1847
f 1845 1847 1848
f 1849 1850 1851
f 1849 1851 1852
f 1845 1849 1852
f 1845 1852 1846
f 1848 1847 1851
f 1848 1851 1850
f 1845 1848 1850
f 1845 1850 1849
f 1846 1852 1851
f 1846 1851 1847

v 2.79064016 12.4549964 0
v 2.79064016 12.4549964 4.25999728
v 2.79064016 12.48099776 4.25999728
v 2.79064016 12.48099776 0
v 2.81664152 12.4549964 0
v 2.81664152 12.48099776 0
v 2.81664152 12.48099776 4.25999728
v 2.81664152 12.4549964 4.25999728

f 1853 1854 1855
f 1853 1855 1856
f 1857 1858 1859
f 1857 1859 1860
f 1853 1857 1860
f 1853 1860 1854
f 1856 1855 1859
f 1856 1859 1858
f 1853 1856 1858
f 1853 1858 1857
f 1854 1860 1859
f 1854 1859 1855

v 3.2579028533333334 12.4549964 0
v 3.2579028533333334 12.4549964 4.25999728
v 3.2579028533333334 12.48099776 4.25999728
v 3.2579028533333334 12.48099776 0
v 3.2839042133333334 12.4549964 0
v 3.2839042133333334 12.48099776 0
v 3.2839042133333334 12.48099776 4.25999728
v 3.2839042133333334 12.4549964 4.25999728

f 1861 1862 1863
f 1861 1863 1864
f 1865 1866 1867
f 1865 1867 1868
f 1861 1865 1868
f 1861 1868 1862
f 1864 1863 1867
f 1864 1867 1866
f 1861 1864 1866
f 1861 1866 1865
f 1862 1868 1867
f 1862 1867 1863

v 3.72517992 12.4549964 0
v 3.72517992 12.4549964 4.25999728
v 3.72517992 12.48099776 4.25999728
v 3.72517992 12.48099776 0
v 3.75118128 12.4549964 0
v 3.75118128 12.48099776 0
v 3.75118128 12.48099776 4.25999728
v 3.75118128 12.4549964 4.25999728

f 1869 1870 1871
f 1869 1871 1872
f 1873 1874 1875
f 1873 1875 1876
f 1869 1873 1876
f 1869 1876 1870
f 1872 1871 1875
f 1872 1875 1874
f 1869 1872 1874
f 1869 1874 1873
f 1870 1876 1875
f 1870 1875 1871

v 4.1924569866666666 12.4549964 0
v 4.1924569866666666 12.4549964 4.25999728
v 4.1924569866666666 12.48099776 4.25999728
v 4.1924569866666666 12.48099776 0
v 4.218458346666667 12.4549964 0
v 4.218458346666667 12.48099776 0
v 4.218458346666667 12.48099776 4.25999728
v 4.218458346666667 12.4549964 4.25999728

f 1877 1878 1879
f 1877 1879 1880
f 1881 1882 1883
f 1881 1883 1884
f 1877 1881 1884
f 1877 1884 1878
f 1880 1879 1883
f 1880 1883 1882
f 1877 1880 1882
f 1877 1882 1881
f 1878 1884 1883
f 1878 1883 1879

v 4.659734053333334 12.4549964 0
v 4.659734053333334 12.4549964 4.25999728
v 4.659734053333334 12.48099776 4.25999728
v 4.659734053333334 12.48099776 0
v 4.68572104 12.4549964 0
v 4.68572104 12.48099776 0
v 4.68572104 12.48099776 4.25999728
v 4.68572104 12.4549964 4.25999728

f 1885 1886 1887
f 1885 1887 1888
f 1889 1890 1891
f 1889 1891 1892
f 1885 1889 1892
f 1885 1892 1886
f 1888 1887 1891
f 1888 1891 1890
f 1885 1888 1890
f 1885 1890 1889
f 1886 1892 1891
f 1886 1891 1887

v 5.126996746666666 12.4549964 0
v 5.126996746666666 12.4549964 4.25999728
v 5.126996746666666 12.48099776 4.25999728
v 5.126996746666666 12.48099776 0
v 5.152998106666667 12.4549964 0
v 5.152998106666667 12.48099776 0
v 5.152998106666667 12.48099776 4.25999728
v 5.152998106666667 12.4549964 4.25999728

f 1893 1894 1895
f 1893 1895 1896
f 1897 1898 1899
f 1897 1899 1900
f 1893 1897 1900
f 1893 1900 1894
f 1896 1895 1899
f 1896 1899 1898
f 1893 1896 1898
f 1893 1898 1897
f 1894 1900 1899
f 1894 1899 1895

v 5.594273813333333 12.4549964 0
v 5.594273813333333 12.4549964 4.25999728
v 5.594273813333333 12.48099776 4.25999728
v 5.594273813333333 12.48099776 0
v 5.620275173333334 12.4549964 0
v 5.620275173333334 12.48099776 0
v 5.620275173333334 12.48099776 4.25999728
v 5.620275173333334 12.4549964 4.25999728

f 1901 1902 1903
f 1901 1903 1904
f 1905 1906 1907
f 1905 1907 1908
f 1901 1905 1908
f 1901 1908 1902
f 1904 1903 1907
f 1904 1907 1906
f 1901 1904 1906
f 1901 1906 1905
f 1902 1908 1907
f 1902 1907 1903

v 6.06155088 12.4549964 0
v 6.06155088 12.4549964 4.25999728
v 6.06155088 12.48099776 4.25999728
v 6.06155088 12.48099776 0
v 6.08755224 12.4549964 0
v 6.08755224 12.48099776 0
v 6.08755224 12.48099776 4.25999728
v 6.08755224 12.4549964 4.25999728

f 1909 1910 1911
f 1909 1911 1912
f 1913 1914 1915
f 1913 1915 1916
f 1909 1913 1916
f 1909 1916 1910
f 1912 1911 1915
f 1912 1915 1914
f 1909 1912 1914
f 1909 1914 1913
f 1910 1916 1915
f 1910 1915 1911

v 6.528813573333333 12.4549964 0
v 6.528813573333333 12.4549964 4.25999728
v 6.528813573333333 12.48099776 4.25999728
v 6.528813573333333 12.48099776 0
v 6.554814933333334 12.4549964 0
v 6.554814933333334 12.48099776 0
v 6.554814933333334 12.48099776 4.25999728
v 6.554814933333334 12.4549964 4.25999728

f 1917 1918 1919
f 1917 1919 1920
f 1921 1922 1923
f 1921 1923 1924
f 1917 1921 1924
f 1917 1924 1918
f 1920 1919 1923
f 1920 1923 1922
f 1917 1920 1922
f 1917 1922 1921
f 1918 1924 1923
f 1918 1923 1919

v 6.99609064 12.4549964 0
v 6.99609064 12.4549964 4.25999728
v 6.99609064 12.48099776 4.25999728
v 6.99609064 12.48099776 0
v 7.022092 12.4549964 0
v 7.022092 12.48099776 0
v 7.022092 12.48099776 4.25999728
v 7.022092 12.4549964 4.25999728

f 1925 1926 1927
f 1925 1927 1928
f 1929 1930 1931
f 1929 1931 1932
f 1925 1929 1932
f 1925 1932 1926
f 1928 1927 1931
f 1928 1931 1930
f 1925 1928 1930
f 1925 1930 1929
f 1926 1932 1931
f 1926 1931 1927

v 7.463367706666666 12.4549964 0
v 7.463367706666666 12.4549964 4.25999728
v 7.463367706666666 12.48099776 4.25999728
v 7.463367706666666 12.48099776 0
v 7.489369066666667 12.4549964 0
v 7.489369066666667 12.48099776 0
v 7.489369066666667 12.48099776 4.25999728
v 7.489369066666667 12.4549964 4.25999728

f 1933 1934 1935
f 1933 1935 1936
f 1937 1938 1939
f 1937 1939 1940
f 1933 1937 1940
f 1933 1940 1934
f 1936 1935 1939
f 1936 1939 1938
f 1933 1936 1938
f 1933 1938 1937
f 1934 1940 1939
f 1934 1939 1935

v 7.9306304 12.4549964 0
v 7.9306304 12.4549964 4.25999728
v 7.9306304 12.48099776 4.25999728
v 7.9306304 12.48099776 0
v 7.9566317600000005 12.4549964 0
v 7.9566317600000005 12.48099776 0
v 7.9566317600000005 12.48099776 4.25999728
v 7.9566317600000005 12.4549964 4.25999728

f 1941 1942 1943
f 1941 1943 1944
f 1945 1946 1947
f 1945 1947 1948
f 1941 1945 1948
f 1941 1948 1942
f 1944 1943 1947
f 1944 1947 1946
f 1941 1944 1946
f 1941 1946 1945
f 1942 1948 1947
f 1942 1947 1943

v 8.397907466666666 12.4549964 0
v 8.397907466666666 12.4549964 4.25999728
v 8.397907466666666 12.48099776 4.25999728
v 8.397907466666666 12.48099776 0
v 8.423908826666667 12.4549964 0
v 8.423908826666667 12.48099776 0
v 8.423908826666667 12.48099776 4.25999728
v 8.423908826666667 12.4549964 4.25999728

f 1949 1950 1951
f 1949 1951 1952
f 1953 1954 1955
f 1953 1955 1956
f 1949 1953 1956
f 1949 1956 1950
f 1952 1951 1955
f 1952 1955 1954
f 1949 1952 1954
f 1949 1954 1953
f 1950 1956 1955
f 1950 1955 1951

v 8.865184533333334 12.4549964 0
v 8.865184533333334 12.4549964 4.25999728
v 8.865184533333334 12.48099776 4.25999728
v 8.865184533333334 12.48099776 0
v 8.891185893333333 12.4549964 0
v 8.891185893333333 12.48099776 0
v 8.891185893333333 12.48099776 4.25999728
v 8.891185893333333 12.4549964 4.25999728

f 1957 1958 1959
f 1957 1959 1960
f 1961 1962 1963
f 1961 1963 1964
f 1957 1961 1964
f 1957 1964 1958
f 1960 1959 1963
f 1960 1963 1962
f 1957 1960 1962
f 1957 1962 1961
f 1958 1964 1963
f 1958 1963 1959

v 9.3324616 12.4549964 0
v 9.3324616 12.4549964 4.25999728
v 9.3324616 12.48099776 4.25999728
v 9.3324616 12.48099776 0
v 9.358448586666666 12.4549964 0
v 9.358448586666666 12.48099776 0
v 9.358448586666666 12.48099776 4.25999728
v 9.358448586666666 12.4549964 4.25999728

f 1965 1966 1967
f 1965 1967 1968
f 1969 1970 1971
f 1969 1971 1972
f 1965 1969 1972
f 1965 1972 1966
f 1968 1967 1971
f 1968 1971 1970
f 1965 1968 1970
f 1965 1970 1969
f 1966 1972 1971
f 1966 1971 1967

v 9.799724293333334 12.4549964 0
v 9.799724293333334 12.4549964 4.25999728
v 9.799724293333334 12.48099776 4.25999728
v 9.799724293333334 12.48099776 0
v 9.825725653333333 12.4549964 0
v 9.825725653333333 12.48099776 0
v 9.825725653333333 12.48099776 4.25999728
v 9.825725653333333 12.4549964 4.25999728

f 1973 1974 1975
f 1973 1975 1976
f 1977 1978 1979
f 1977 1979 1980
f 1973 1977 1980
f 1973 1980 1974
f 1976 1975 1979
f 1976 1979 1978
f 1973 1976 1978
f 1973 1978 1977
f 1974 1980 1979
f 1974 1979 1975

v 10.26700136 12.4549964 0
v 10.26700136 12.4549964 4.25999728
v 10.26700136 12.48099776 4.25999728
v 10.26700136 12.48099776 0
v 10.29300272 12.4549964 0
v 10.29300272 12.48099776 0
v 10.29300272 12.48099776 4.25999728
v 10.29300272 12.4549964 4.25999728

f 1981 1982 1983
f 1981 1983 1984
f 1985 1986 1987
f 1985 1987 1988
f 1981 1985 1988
f 1981 1988 1982
f 1984 1983 1987
f 1984 1987 1986
f 1981 1984 1986
f 1981 1986 1985
f 1982 1988 1987
f 1982 1987 1983

v 10.734278426666666 12.4549964 0
v 10.734278426666666 12.4549964 4.25999728
v 10.734278426666666 12.48099776 4.25999728
v 10.734278426666666 12.48099776 0
v 10.760279786666667 12.4549964 0
v 10.760279786666667 12.48099776 0
v 10.760279786666667 12.48099776 4.25999728
v 10.760279786666667 12.4549964 4.25999728

f 1989 1990 1991
f 1989 1991 1992
f 1993 1994 1995
f 1993 1995 1996
f 1989 1993 1996
f 1989 1996 1990
f 1992 1991 1995
f 1992 1995 1994
f 1989 1992 1994
f 1989 1994 1993
f 1990 1996 1995
f 1990 1995 1991

v 11.20154112 12.4549964 0
v 11.20154112 12.4549964 4.25999728
v 11.20154112 12.48099776 4.25999728
v 11.20154112 12.48099776 0
v 11.22754248 12.4549964 0
v 11.22754248 12.48099776 0
v 11.22754248 12.48099776 4.25999728
v 11.22754248 12.4549964 4.25999728

f 1997 1998 1999
f 1997 1999 2000
f 2001 2002 2003
f 2001 2003 2004
f 1997 2001 2004
f 1997 2004 1998
f 2000 1999 2003
f 2000 2003 2002
f 1997 2000 2002
f 1997 2002 2001
f 1998 2004 2003
f 1998 2003 1999

v 11.668818186666666 12.4549964 0
v 11.668818186666666 12.4549964 4.25999728
v 11.668818186666666 12.48099776 4.25999728
v 11.668818186666666 12.48099776 0
v 11.694819546666666 12.4549964 0
v 11.694819546666666 12.48099776 0
v 11.694819546666666 12.48099776 4.25999728
v 11.694819546666666 12.4549964 4.25999728

f 2005 2006 2007
f 2005 2007 2008
f 2009 2010 2011
f 2009 2011 2012
f 2005 2009 2012
f 2005 2012 2006
f 2008 2007 2011
f 2008 2011 2010
f 2005 2008 2010
f 2005 2010 2009
f 2006 2012 2011
f 2006 2011 2007

v 12.136095253333334 12.4549964 0
v 12.136095253333334 12.4549964 4.25999728
v 12.136095253333334 12.48099776 4.25999728
v 12.136095253333334 12.48099776 0
v 12.162096613333334 12.4549964 0
v 12.162096613333334 12.48099776 0
v 12.162096613333334 12.48099776 4.25999728
v 12.162096613333334 12.4549964 4.25999728

f 2013 2014 2015
f 2013 2015 2016
f 2017 2018 2019
f 2017 2019 2020
f 2013 2017 2020
f 2013 2020 2014
f 2016 2015 2019
f 2016 2019 2018
f 2013 2016 2018
f 2013 2018 2017
f 2014 2020 2019
f 2014 2019 2015

v 12.603357946666668 12.4549964 0
v 12.603357946666668 12.4549964 4.25999728
v 12.603357946666668 12.48099776 4.25999728
v 12.603357946666668 12.48099776 0
v 12.629359306666666 12.4549964 0
v 12.629359306666666 12.48099776 0
v 12.629359306666666 12.48099776 4.25999728
v 12.629359306666666 12.4549964 4.25999728

f 2021 2022 2023
f 2021 2023 2024
f 2025 2026 2027
f 2025 2027 2028
f 2021 2025 2028
f 2021 2028 2022
f 2024 2023 2027
f 2024 2027 2026
f 2021 2024 2026
f 2021 2026 2025
f 2022 2028 2027
f 2022 2027 2023

v 13.070635013333334 12.4549964 0
v 13.070635013333334 12.4549964 4.25999728
v 13.070635013333334 12.48099776 4.25999728
v 13.070635013333334 12.48099776 0
v 13.096636373333334 12.4549964 0
v 13.096636373333334 12.48099776 0
v 13.096636373333334 12.48099776 4.25999728
v 13.096636373333334 12.4549964 4.25999728

f 2029 2030 2031
f 2029 2031 2032
f 2033 2034 2035
f 2033 2035 2036
f 2029 2033 2036
f 2029 2036 2030
f 2032 2031 2035
f 2032 2035 2034
f 2029 2032 2034
f 2029 2034 2033
f 2030 2036 2035
f 2030 2035 2031

v 13.53791208 12.4549964 0
v 13.53791208 12.4549964 4.25999728
v 13.53791208 12.48099776 4.25999728
v 13.53791208 12.48099776 0
v 13.56391344 12.4549964 0
v 13.56391344 12.48099776 0
v 13.56391344 12.48099776 4.25999728
v 13.56391344 12.4549964 4.25999728

f 2037 2038 2039
f 2037 2039 2040
f 2041 2042 2043
f 2041 2043 2044
f 2037 2041 2044
f 2037 2044 2038
f 2040 2039 2043
f 2040 2043 2042
f 2037 2040 2042
f 2037 2042 2041
f 2038 2044 2043
f 2038 2043 2039

v 14.005174773333334 12.4549964 0
v 14.005174773333334 12.4549964 4.25999728
v 14.005174773333334 12.48099776 4.25999728
v 14.005174773333334 12.48099776 0
v 14.031176133333334 12.4549964 0
v 14.031176133333334 12.48099776 0
v 14.031176133333334 12.48099776 4.25999728
v 14.031176133333334 12.4549964 4.25999728

f 2045 2046 2047
f 2045 2047 2048
f 2049 2050 2051
f 2049 2051 2052
f 2045 2049 2052
f 2045 2052 2046
f 2048 2047 2051
f 2048 2051 2050
f 2045 2048 2050
f 2045 2050 2049
f 2046 2052 2051
f 2046 2051 2047

v 14.47245184 12.4549964 0
v 14.47245184 12.4549964 4.25999728
v 14.47245184 12.48099776 4.25999728
v 14.47245184 12.48099776 0
v 14.4984532 12.4549964 0
v 14.4984532 12.48099776 0
v 14.4984532 12.48099776 4.25999728
v 14.4984532 12.4549964 4.25999728

f 2053 2054 2055
f 2053 2055 2056
f 2057 2058 2059
f 2057 2059 2060
f 2053 2057 2060
f 2053 2060 2054
f 2056 2055 2059
f 2056 2059 2058
f 2053 2056 2058
f 2053 2058 2057
f 2054 2060 2059
f 2054 2059 2055

v 14.939728906666668 12.4549964 0
v 14.939728906666668 12.4549964 4.25999728
v 14.939728906666668 12.48099776 4.25999728
v 14.939728906666668 12.48099776 0
v 14.965730266666666 12.4549964 0
v 14.965730266666666 12.48099776 0
v 14.965730266666666 12.48099776 4.25999728
v 14.965730266666666 12.4549964 4.25999728

f 2061 2062 2063
f 2061 2063 2064
f 2065 2066 2067
f 2065 2067 2068
f 2061 2065 2068
f 2061 2068 2062
f 2064 2063 2067
f 2064 2067 2066
f 2061 2064 2066
f 2061 2066 2065
f 2062 2068 2067
f 2062 2067 2063

v 0.45426958 12.45500208 4.26000202
v 0.45426958 12.45500208 7.0099969
v 0.45426958 12.48100464 7.0099969
v 0.45426958 12.48100464 4.26000202
v 0.48027214 12.45500208 4.26000202
v 0.48027214 12.48100464 4.26000202
v 0.48027214 12.48100464 7.0099969
v 0.48027214 12.45500208 7.0099969

f 2069 2070 2071
f 2069 2071 2072
f 2073 2074 2075
f 2073 2075 2076
f 2069 2073 2076
f 2069 2076 2070
f 2072 2071 2075
f 2072 2075 2074
f 2069 2072 2074
f 2069 2074 2073
f 2070 2076 2075
f 2070 2075 2071

v 0.92154978 12.45500208 4.26000202
v 0.92154978 12.45500208 7.0099969
v 0.92154978 12.48100464 7.0099969
v 0.92154978 12.48100464 4.26000202
v 0.947543 12.45500208 4.26000202
v 0.947543 12.48100464 4.26000202
v 0.947543 12.48100464 7.0099969
v 0.947543 12.45500208 7.0099969

f 2077 2078 2079
f 2077 2079 2080
f 2081 2082 2083
f 2081 2083 2084
f 2077 2081 2084
f 2077 2084 2078
f 2080 2079 2083
f 2080 2083 2082
f 2077 2080 2082
f 2077 2082 2081
f 2078 2084 2083
f 2078 2083 2079

v 1.38882064 12.45500208 4.26000202
v 1.38882064 12.45500208 7.0099969
v 1.38882064 12.48100464 7.0099969
v 1.38882064 12.48100464 4.26000202
v 1.41481386 12.45500208 4.26000202
v 1.41481386 12.48100464 4.26000202
v 1.41481386 12.48100464 7.0099969
v 1.41481386 12.45500208 7.0099969

f 2085 2086 2087
f 2085 2087 2088
f 2089 2090 2091
f 2089 2091 2092
f 2085 2089 2092
f 2085 2092 2086
f 2088 2087 2091
f 2088 2091 2090
f 2085 2088 2090
f 2085 2090 2089
f 2086 2092 2091
f 2086 2091 2087

v 1.8560915 12.45500208 4.26000202
v 1.8560915 12.45500208 7.0099969
v 1.8560915 12.48100464 7.0099969
v 1.8560915 12.48100464 4.26000202
v 1.88209406 12.45500208 4.26000202
v 1.88209406 12.48100464 4.26000202
v 1.88209406 12.48100464 7.0099969
v 1.88209406 12.45500208 7.0099969

f 2093 2094 2095
f 2093 2095 2096
f 2097 2098 2099
f 2097 2099 2100
f 2093 2097 2100
f 2093 2100 2094
f 2096 2095 2099
f 2096 2099 2098
f 2093 2096 2098
f 2093 2098 2097
f 2094 2100 2099
f 2094 2099 2095

v 2.32336236 12.45500208 4.26000202
v 2.32336236 12.45500208 7.0099969
v 2.32336236 12.48100464 7.0099969
v 2.32336236 12.48100464 4.26000202
v 2.34936492 12.45500208 4.26000202
v 2.34936492 12.48100464 4.26000202
v 2.34936492 12.48100464 7.0099969
v 2.34936492 12.45500208 7.0099969

f 2101 2102 2103
f 2101 2103 2104
f 2105 2106 2107
f 2105 2107 2108
f 2101 2105 2108
f 2101 2108 2102
f 2104 2103 2107
f 2104 2107 2106
f 2101 2104 2106
f 2101 2106 2105
f 2102 2108 2107
f 2102 2107 2103

v 2.79063322 12.45500208 4.26000202
v 2.79063322 12.45500208 7.0099969
v 2.79063322 12.48100464 7.0099969
v 2.79063322 12.48100464 4.26000202
v 2.81663578 12.45500208 4.26000202
v 2.81663578 12.48100464 4.26000202
v 2.81663578 12.48100464 7.0099969
v 2.81663578 12.45500208 7.0099969

f 2109 2110 2111
f 2109 2111 2112
f 2113 2114 2115
f 2113 2115 2116
f 2109 2113 2116
f 2109 2116 2110
f 2112 2111 2115
f 2112 2115 2114
f 2109 2112 2114
f 2109 2114 2113
f 2110 2116 2115
f 2110 2115 2111

v 3.25791342 12.45500208 4.26000202
v 3.25791342 12.45500208 7.0099969
v 3.25791342 12.48100464 7.0099969
v 3.25791342 12.48100464 4.26000202
v 3.28390664 12.45500208 4.26000202
v 3.28390664 12.48100464 4.26000202
v 3.28390664 12.48100464 7.0099969
v 3.28390664 12.45500208 7.0099969

f 2117 2118 2119
f 2117 2119 2120
f 2121 2122 2123
f 2121 2123 2124
f 2117 2121 2124
f 2117 2124 2118
f 2120 2119 2123
f 2120 2123 2122
f 2117 2120 2122
f 2117 2122 2121
f 2118 2124 2123
f 2118 2123 2119

v 3.72518428 12.45500208 4.26000202
v 3.72518428 12.45500208 7.0099969
v 3.72518428 12.48100464 7.0099969
v 3.72518428 12.48100464 4.26000202
v 3.7511775000000003 12.45500208 4.26000202
v 3.7511775000000003 12.48100464 4.26000202
v 3.7511775000000003 12.48100464 7.0099969
v 3.7511775000000003 12.45500208 7.0099969

f 2125 2126 2127
f 2125 2127 2128
f 2129 2130 2131
f 2129 2131 2132
f 2125 2129 2132
f 2125 2132 2126
f 2128 2127 2131
f 2128 2131 2130
f 2125 2128 2130
f 2125 2130 2129
f 2126 2132 2131
f 2126 2131 2127

v 4.19245514 12.45500208 4.26000202
v 4.19245514 12.45500208 7.0099969
v 4.19245514 12.48100464 7.0099969
v 4.19245514 12.48100464 4.26000202
v 4.2184577 12.45500208 4.26000202
v 4.2184577 12.48100464 4.26000202
v 4.2184577 12.48100464 7.0099969
v 4.2184577 12.45500208 7.0099969

f 2133 2134 2135
f 2133 2135 2136
f 2137 2138 2139
f 2137 2139 2140
f 2133 2137 2140
f 2133 2140 2134
f 2136 2135 2139
f 2136 2139 2138
f 2133 2136 2138
f 2133 2138 2137
f 2134 2140 2139
f 2134 2139 2135

v 4.659726 12.45500208 4.26000202
v 4.659726 12.45500208 7.0099969
v 4.659726 12.48100464 7.0099969
v 4.659726 12.48100464 4.26000202
v 4.68572856 12.45500208 4.26000202
v 4.68572856 12.48100464 4.26000202
v 4.68572856 12.48100464 7.0099969
v 4.68572856 12.45500208 7.0099969

f 2141 2142 2143
f 2141 2143 2144
f 2145 2146 2147
f 2145 2147 2148
f 2141 2145 2148
f 2141 2148 2142
f 2144 2143 2147
f 2144 2147 2146
f 2141 2144 2146
f 2141 2146 2145
f 2142 2148 2147
f 2142 2147 2143

v 5.12699686 12.45500208 4.26000202
v 5.12699686 12.45500208 7.0099969
v 5.12699686 12.48100464 7.0099969
v 5.12699686 12.48100464 4.26000202
v 5.15299942 12.45500208 4.26000202
v 5.15299942 12.48100464 4.26000202
v 5.15299942 12.48100464 7.0099969
v 5.15299942 12.45500208 7.0099969

f 2149 2150 2151
f 2149 2151 2152
f 2153 2154 2155
f 2153 2155 2156
f 2149 2153 2156
f 2149 2156 2150
f 2152 2151 2155
f 2152 2155 2154
f 2149 2152 2154
f 2149 2154 2153
f 2150 2156 2155
f 2150 2155 2151

v 5.5942770600000005 12.45500208 4.26000202
v 5.5942770600000005 12.45500208 7.0099969
v 5.5942770600000005 12.48100464 7.0099969
v 5.5942770600000005 12.48100464 4.26000202
v 5.620270280000001 12.45500208 4.26000202
v 5.620270280000001 12.48100464 4.26000202
v 5.620270280000001 12.48100464 7.0099969
v 5.620270280000001 12.45500208 7.0099969

f 2157 2158 2159
f 2157 2159 2160
f 2161 2162 2163
f 2161 2163 2164
f 2157 2161 2164
f 2157 2164 2158
f 2160 2159 2163
f 2160 2163 2162
f 2157 2160 2162
f 2157 2162 2161
f 2158 2164 2163
f 2158 2163 2159

v 6.061547920000001 12.45500208 4.26000202
v 6.061547920000001 12.45500208 7.0099969
v 6.061547920000001 12.48100464 7.0099969
v 6.061547920000001 12.48100464 4.26000202
v 6.08754114 12.45500208 4.26000202
v 6.08754114 12.48100464 4.26000202
v 6.08754114 12.48100464 7.0099969
v 6.08754114 12.45500208 7.0099969

f 2165 2166 2167
f 2165 2167 2168
f 2169 2170 2171
f 2169 2171 2172
f 2165 2169 2172
f 2165 2172 2166
f 2168 2167 2171
f 2168 2171 2170
f 2165 2168 2170
f 2165 2170 2169
f 2166 2172 2171
f 2166 2171 2167

v 6.52881878 12.45500208 4.26000202
v 6.52881878 12.45500208 7.0099969
v 6.52881878 12.48100464 7.0099969
v 6.52881878 12.48100464 4.26000202
v 6.55482134 12.45500208 4.26000202
v 6.55482134 12.48100464 4.26000202
v 6.55482134 12.48100464 7.0099969
v 6.55482134 12.45500208 7.0099969

f 2173 2174 2175
f 2173 2175 2176
f 2177 2178 2179
f 2177 2179 2180
f 2173 2177 2180
f 2173 2180 2174
f 2176 2175 2179
f 2176 2179 2178
f 2173 2176 2178
f 2173 2178 2177
f 2174 2180 2179
f 2174 2179 2175

v 6.99608964 12.45500208 4.26000202
v 6.99608964 12.45500208 7.0099969
v 6.99608964 12.48100464 7.0099969
v 6.99608964 12.48100464 4.26000202
v 7.0220922 12.45500208 4.26000202
v 7.0220922 12.48100464 4.26000202
v 7.0220922 12.48100464 7.0099969
v 7.0220922 12.45500208 7.0099969

f 2181 2182 2183
f 2181 2183 2184
f 2185 2186 2187
f 2185 2187 2188
f 2181 2185 2188
f 2181 2188 2182
f 2184 2183 2187
f 2184 2187 2186
f 2181 2184 2186
f 2181 2186 2185
f 2182 2188 2187
f 2182 2187 2183

v 7.4633605 12.45500208 4.26000202
v 7.4633605 12.45500208 7.0099969
v 7.4633605 12.48100464 7.0099969
v 7.4633605 12.48100464 4.26000202
v 7.4893630600000005 12.45500208 4.26000202
v 7.4893630600000005 12.48100464 4.26000202
v 7.4893630600000005 12.48100464 7.0099969
v 7.4893630600000005 12.45500208 7.0099969

f 2189 2190 2191
f 2189 2191 2192
f 2193 2194 2195
f 2193 2195 2196
f 2189 2193 2196
f 2189 2196 2190
f 2192 2191 2195
f 2192 2195 2194
f 2189 2192 2194
f 2189 2194 2193
f 2190 2196 2195
f 2190 2195 2191

v 7.9306407000000005 12.45500208 4.26000202
v 7.9306407000000005 12.45500208 7.0099969
v 7.9306407000000005 12.48100464 7.0099969
v 7.9306407000000005 12.48100464 4.26000202
v 7.956633920000001 12.45500208 4.26000202
v 7.956633920000001 12.48100464 4.26000202
v 7.956633920000001 12.48100464 7.0099969
v 7.956633920000001 12.45500208 7.0099969

f 2197 2198 2199
f 2197 2199 2200
f 2201 2202 2203
f 2201 2203 2204
f 2197 2201 2204
f 2197 2204 2198
f 2200 2199 2203
f 2200 2203 2202
f 2197 2200 2202
f 2197 2202 2201
f 2198 2204 2203
f 2198 2203 2199

v 8.39791156 12.45500208 4.26000202
v 8.39791156 12.45500208 7.0099969
v 8.39791156 12.48100464 7.0099969
v 8.39791156 12.48100464 4.26000202
v 8.42390478 12.45500208 4.26000202
v 8.42390478 12.48100464 4.26000202
v 8.42390478 12.48100464 7.0099969
v 8.42390478 12.45500208 7.0099969

f 2205 2206 2207
f 2205 2207 2208
f 2209 2210 2211
f 2209 2211 2212
f 2205 2209 2212
f 2205 2212 2206
f 2208 2207 2211
f 2208 2211 2210
f 2205 2208 2210
f 2205 2210 2209
f 2206 2212 2211
f 2206 2211 2207

v 8.86518242 12.45500208 4.26000202
v 8.86518242 12.45500208 7.0099969
v 8.86518242 12.48100464 7.0099969
v 8.86518242 12.48100464 4.26000202
v 8.89118498 12.45500208 4.26000202
v 8.89118498 12.48100464 4.26000202
v 8.89118498 12.48100464 7.0099969
v 8.89118498 12.45500208 7.0099969

f 2213 2214 2215
f 2213 2215 2216
f 2217 2218 2219
f 2217 2219 2220
f 2213 2217 2220
f 2213 2220 2214
f 2216 2215 2219
f 2216 2219 2218
f 2213 2216 2218
f 2213 2218 2217
f 2214 2220 2219
f 2214 2219 2215

v 9.332453280000001 12.45500208 4.26000202
v 9.332453280000001 12.45500208 7.0099969
v 9.332453280000001 12.48100464 7.0099969
v 9.332453280000001 12.48100464 4.26000202
v 9.35845584 12.45500208 4.26000202
v 9.35845584 12.48100464 4.26000202
v 9.35845584 12.48100464 7.0099969
v 9.35845584 12.45500208 7.0099969

f 2221 2222 2223
f 2221 2223 2224
f 2225 2226 2227
f 2225 2227 2228
f 2221 2225 2228
f 2221 2228 2222
f 2224 2223 2227
f 2224 2227 2226
f 2221 2224 2226
f 2221 2226 2225
f 2222 2228 2227
f 2222 2227 2223

v 9.79972414 12.45500208 4.26000202
v 9.79972414 12.45500208 7.0099969
v 9.79972414 12.48100464 7.0099969
v 9.79972414 12.48100464 4.26000202
v 9.8257267 12.45500208 4.26000202
v 9.8257267 12.48100464 4.26000202
v 9.8257267 12.48100464 7.0099969
v 9.8257267 12.45500208 7.0099969

f 2229 2230 2231
f 2229 2231 2232
f 2233 2234 2235
f 2233 2235 2236
f 2229 2233 2236
f 2229 2236 2230
f 2232 2231 2235
f 2232 2235 2234
f 2229 2232 2234
f 2229 2234 2233
f 2230 2236 2235
f 2230 2235 2231

v 10.26700434 12.45500208 4.26000202
v 10.26700434 12.45500208 7.0099969
v 10.26700434 12.48100464 7.0099969
v 10.26700434 12.48100464 4.26000202
v 10.29299756 12.45500208 4.26000202
v 10.29299756 12.48100464 4.26000202
v 10.29299756 12.48100464 7.0099969
v 10.29299756 12.45500208 7.0099969

f 2237 2238 2239
f 2237 2239 2240
f 2241 2242 2243
f 2241 2243 2244
f 2237 2241 2244
f 2237 2244 2238
f 2240 2239 2243
f 2240 2243 2242
f 2237 2240 2242
f 2237 2242 2241
f 2238 2244 2243
f 2238 2243 2239

v 10.7342752 12.45500208 4.26000202
v 10.7342752 12.45500208 7.0099969
v 10.7342752 12.48100464 7.0099969
v 10.7342752 12.48100464 4.26000202
v 10.760268420000001 12.45500208 4.26000202
v 10.760268420000001 12.48100464 4.26000202
v 10.760268420000001 12.48100464 7.0099969
v 10.760268420000001 12.45500208 7.0099969

f 2245 2246 2247
f 2245 2247 2248
f 2249 2250 2251
f 2249 2251 2252
f 2245 2249 2252
f 2245 2252 2246
f 2248 2247 2251
f 2248 2251 2250
f 2245 2248 2250
f 2245 2250 2249
f 2246 2252 2251
f 2246 2251 2247

v 11.20154606 12.45500208 4.26000202
v 11.20154606 12.45500208 7.0099969
v 11.20154606 12.48100464 7.0099969
v 11.20154606 12.48100464 4.26000202
v 11.22754862 12.45500208 4.26000202
v 11.22754862 12.48100464 4.26000202
v 11.22754862 12.48100464 7.0099969
v 11.22754862 12.45500208 7.0099969

f 2253 2254 2255
f 2253 2255 2256
f 2257 2258 2259
f 2257 2259 2260
f 2253 2257 2260
f 2253 2260 2254
f 2256 2255 2259
f 2256 2259 2258
f 2253 2256 2258
f 2253 2258 2257
f 2254 2260 2259
f 2254 2259 2255

v 11.668816920000001 12.45500208 4.26000202
v 11.668816920000001 12.45500208 7.0099969
v 11.668816920000001 12.48100464 7.0099969
v 11.668816920000001 12.48100464 4.26000202
v 11.69481948 12.45500208 4.26000202
v 11.69481948 12.48100464 4.26000202
v 11.69481948 12.48100464 7.0099969
v 11.69481948 12.45500208 7.0099969

f 2261 2262 2263
f 2261 2263 2264
f 2265 2266 2267
f 2265 2267 2268
f 2261 2265 2268
f 2261 2268 2262
f 2264 2263 2267
f 2264 2267 2266
f 2261 2264 2266
f 2261 2266 2265
f 2262 2268 2267
f 2262 2267 2263

v 12.13608778 12.45500208 4.26000202
v 12.13608778 12.45500208 7.0099969
v 12.13608778 12.48100464 7.0099969
v 12.13608778 12.48100464 4.26000202
v 12.16209034 12.45500208 4.26000202
v 12.16209034 12.48100464 4.26000202
v 12.16209034 12.48100464 7.0099969
v 12.16209034 12.45500208 7.0099969

f 2269 2270 2271
f 2269 2271 2272
f 2273 2274 2275
f 2273 2275 2276
f 2269 2273 2276
f 2269 2276 2270
f 2272 2271 2275
f 2272 2275 2274
f 2269 2272 2274
f 2269 2274 2273
f 2270 2276 2275
f 2270 2275 2271

v 12.60336798 12.45500208 4.26000202
v 12.60336798 12.45500208 7.0099969
v 12.60336798 12.48100464 7.0099969
v 12.60336798 12.48100464 4.26000202
v 12.6293612 12.45500208 4.26000202
v 12.6293612 12.48100464 4.26000202
v 12.6293612 12.48100464 7.0099969
v 12.6293612 12.45500208 7.0099969

f 2277 2278 2279
f 2277 2279 2280
f 2281 2282 2283
f 2281 2283 2284
f 2277 2281 2284
f 2277 2284 2278
f 2280 2279 2283
f 2280 2283 2282
f 2277 2280 2282
f 2277 2282 2281
f 2278 2284 2283
f 2278 2283 2279

v 13.07063884 12.45500208 4.26000202
v 13.07063884 12.45500208 7.0099969
v 13.07063884 12.48100464 7.0099969
v 13.07063884 12.48100464 4.26000202
v 13.096632060000001 12.45500208 4.26000202
v 13.096632060000001 12.48100464 4.26000202
v 13.096632060000001 12.48100464 7.0099969
v 13.096632060000001 12.45500208 7.0099969

f 2285 2286 2287
f 2285 2287 2288
f 2289 2290 2291
f 2289 2291 2292
f 2285 2289 2292
f 2285 2292 2286
f 2288 2287 2291
f 2288 2291 2290
f 2285 2288 2290
f 2285 2290 2289
f 2286 2292 2291
f 2286 2291 2287

v 13.5379097 12.45500208 4.26000202
v 13.5379097 12.45500208 7.0099969
v 13.5379097 12.48100464 7.0099969
v 13.5379097 12.48100464 4.26000202
v 13.56391226 12.45500208 4.26000202
v 13.56391226 12.48100464 4.26000202
v 13.56391226 12.48100464 7.0099969
v 13.56391226 12.45500208 7.0099969

f 2293 2294 2295
f 2293 2295 2296
f 2297 2298 2299
f 2297 2299 2300
f 2293 2297 2300
f 2293 2300 2294
f 2296 2295 2299
f 2296 2299 2298
f 2293 2296 2298
f 2293 2298 2297
f 2294 2300 2299
f 2294 2299 2295

v 14.005180560000001 12.45500208 4.26000202
v 14.005180560000001 12.45500208 7.0099969
v 14.005180560000001 12.48100464 7.0099969
v 14.005180560000001 12.48100464 4.26000202
v 14.03118312 12.45500208 4.26000202
v 14.03118312 12.48100464 4.26000202
v 14.03118312 12.48100464 7.0099969
v 14.03118312 12.45500208 7.0099969

f 2301 2302 2303
f 2301 2303 2304
f 2305 2306 2307
f 2305 2307 2308
f 2301 2305 2308
f 2301 2308 2302
f 2304 2303 2307
f 2304 2307 2306
f 2301 2304 2306
f 2301 2306 2305
f 2302 2308 2307
f 2302 2307 2303

v 14.47245142 12.45500208 4.26000202
v 14.47245142 12.45500208 7.0099969
v 14.47245142 12.48100464 7.0099969
v 14.47245142 12.48100464 4.26000202
v 14.49845398 12.45500208 4.26000202
v 14.49845398 12.48100464 4.26000202
v 14.49845398 12.48100464 7.0099969
v 14.49845398 12.45500208 7.0099969

f 2309 2310 2311
f 2309 2311 2312
f 2313 2314 2315
f 2313 2315 2316
f 2309 2313 2316
f 2309 2316 2310
f 2312 2311 2315
f 2312 2315 2314
f 2309 2312 2314
f 2309 2314 2313
f 2310 2316 2315
f 2310 2315 2311

v 14.93973162 12.45500208 4.26000202
v 14.93973162 12.45500208 7.0099969
v 14.93973162 12.48100464 7.0099969
v 14.93973162 12.48100464 4.26000202
v 14.96572484 12.45500208 4.26000202
v 14.96572484 12.48100464 4.26000202
v 14.96572484 12.48100464 7.0099969
v 14.96572484 12.45500208 7.0099969

f 2317 2318 2319
f 2317 2319 2320
f 2321 2322 2323
f 2321 2323 2324
f 2317 2321 2324
f 2317 2324 2318
f 2320 2319 2323
f 2320 2323 2322
f 2317 2320 2322
f 2317 2322 2321
f 2318 2324 2323
f 2318 2323 2319

v -0.10100141333333333 0.46315192 0
v -0.10100141333333333 0.46315192 4.25999728
v -0.10100141333333333 0.48915328 4.25999728
v -0.10100141333333333 0.48915328 0
v -0.07500005333333333 0.46315192 0
v -0.07500005333333333 0.48915328 0
v -0.07500005333333333 0.48915328 4.25999728
v -0.07500005333333333 0.46315192 4.25999728

f 2325 2326 2327
f 2325 2327 2328
f 2329 2330 2331
f 2329 2331 2332
f 2325 2329 2332
f 2325 2332 2326
f 2328 2327 2331
f 2328 2331 2330
f 2325 2328 2330
f 2325 2330 2329
f 2326 2332 2331
f 2326 2331 2327

v -0.10100141333333333 0.9393117066666666 0
v -0.10100141333333333 0.9393117066666666 4.25999728
v -0.10100141333333333 0.9653130666666667 4.25999728
v -0.10100141333333333 0.9653130666666667 0
v -0.07500005333333333 0.9393117066666666 0
v -0.07500005333333333 0.9653130666666667 0
v -0.07500005333333333 0.9653130666666667 4.25999728
v -0.07500005333333333 0.9393117066666666 4.25999728

f 2333 2334 2335
f 2333 2335 2336
f 2337 2338 2339
f 2337 2339 2340
f 2333 2337 2340
f 2333 2340 2334
f 2336 2335 2339
f 2336 2339 2338
f 2333 2336 2338
f 2333 2338 2337
f 2334 2340 2339
f 2334 2339 2335

v -0.10100141333333333 1.4154571200000001 0
v -0.10100141333333333 1.4154571200000001 4.25999728
v -0.10100141333333333 1.44145848 4.25999728
v -0.10100141333333333 1.44145848 0
v -0.07500005333333333 1.4154571200000001 0
v -0.07500005333333333 1.44145848 0
v -0.07500005333333333 1.44145848 4.25999728
v -0.07500005333333333 1.4154571200000001 4.25999728

f 2341 2342 2343
f 2341 2343 2344
f 2345 2346 2347
f 2345 2347 2348
f 2341 2345 2348
f 2341 2348 2342
f 2344 2343 2347
f 2344 2347 2346
f 2341 2344 2346
f 2341 2346 2345
f 2342 2348 2347
f 2342 2347 2343

v -0.10100141333333333 1.8916169066666666 0
v -0.10100141333333333 1.8916169066666666 4.25999728
v -0.10100141333333333 1.9176182666666668 4.25999728
v -0.10100141333333333 1.9176182666666668 0
v -0.07500005333333333 1.8916169066666666 0
v -0.07500005333333333 1.9176182666666668 0
v -0.07500005333333333 1.9176182666666668 4.25999728
v -0.07500005333333333 1.8916169066666666 4.25999728

f 2349 2350 2351
f 2349 2351 2352
f 2353 2354 2355
f 2353 2355 2356
f 2349 2353 2356
f 2349 2356 2350
f 2352 2351 2355
f 2352 2355 2354
f 2349 2352 2354
f 2349 2354 2353
f 2350 2356 2355
f 2350 2355 2351

v -0.10100141333333333 2.36776232 0
v -0.10100141333333333 2.36776232 4.25999728
v -0.10100141333333333 2.39376368 4.25999728
v -0.10100141333333333 2.39376368 0
v -0.07500005333333333 2.36776232 0
v -0.07500005333333333 2.39376368 0
v -0.07500005333333333 2.39376368 4.25999728
v -0.07500005333333333 2.36776232 4.25999728

f 2357 2358 2359
f 2357 2359 2360
f 2361 2362 2363
f 2361 2363 2364
f 2357 2361 2364
f 2357 2364 2358
f 2360 2359 2363
f 2360 2363 2362
f 2357 2360 2362
f 2357 2362 2361
f 2358 2364 2363
f 2358 2363 2359

v -0.10100141333333333 2.8439221066666667 0
v -0.10100141333333333 2.8439221066666667 4.25999728
v -0.10100141333333333 2.8699234666666666 4.25999728
v -0.10100141333333333 2.8699234666666666 0
v -0.07500005333333333 2.8439221066666667 0
v -0.07500005333333333 2.8699234666666666 0
v -0.07500005333333333 2.8699234666666666 4.25999728
v -0.07500005333333333 2.8439221066666667 4.25999728

f 2365 2366 2367
f 2365 2367 2368
f 2369 2370 2371
f 2369 2371 2372
f 2365 2369 2372
f 2365 2372 2366
f 2368 2367 2371
f 2368 2371 2370
f 2365 2368 2370
f 2365 2370 2369
f 2366 2372 2371
f 2366 2371 2367

v -0.10100141333333333 3.3200818933333336 0
v -0.10100141333333333 3.3200818933333336 4.25999728
v -0.10100141333333333 3.3460832533333336 4.25999728
v -0.10100141333333333 3.3460832533333336 0
v -0.07500005333333333 3.3200818933333336 0
v -0.07500005333333333 3.3460832533333336 0
v -0.07500005333333333 3.3460832533333336 4.25999728
v -0.07500005333333333 3.3200818933333336 4.25999728

f 2373 2374 2375
f 2373 2375 2376
f 2377 2378 2379
f 2377 2379 2380
f 2373 2377 2380
f 2373 2380 2374
f 2376 2375 2379
f 2376 2379 2378
f 2373 2376 2378
f 2373 2378 2377
f 2374 2380 2379
f 2374 2379 2375

v -0.10100141333333333 3.7962273066666667 0
v -0.10100141333333333 3.7962273066666667 4.25999728
v -0.10100141333333333 3.8222286666666667 4.25999728
v -0.10100141333333333 3.8222286666666667 0
v -0.07500005333333333 3.7962273066666667 0
v -0.07500005333333333 3.8222286666666667 0
v -0.07500005333333333 3.8222286666666667 4.25999728
v -0.07500005333333333 3.7962273066666667 4.25999728

f 2381 2382 2383
f 2381 2383 2384
f 2385 2386 2387
f 2385 2387 2388
f 2381 2385 2388
f 2381 2388 2382
f 2384 2383 2387
f 2384 2387 2386
f 2381 2384 2386
f 2381 2386 2385
f 2382 2388 2387
f 2382 2387 2383

v -0.10100141333333333 4.272387093333333 0
v -0.10100141333333333 4.272387093333333 4.25999728
v -0.10100141333333333 4.298388453333334 4.25999728
v -0.10100141333333333 4.298388453333334 0
v -0.07500005333333333 4.272387093333333 0
v -0.07500005333333333 4.298388453333334 0
v -0.07500005333333333 4.298388453333334 4.25999728
v -0.07500005333333333 4.272387093333333 4.25999728

f 2389 2390 2391
f 2389 2391 2392
f 2393 2394 2395
f 2393 2395 2396
f 2389 2393 2396
f 2389 2396 2390
f 2392 2391 2395
f 2392 2395 2394
f 2389 2392 2394
f 2389 2394 2393
f 2390 2396 2395
f 2390 2395 2391

v -0.10100141333333333 4.748532506666667 0
v -0.10100141333333333 4.748532506666667 4.25999728
v -0.10100141333333333 4.774533866666666 4.25999728
v -0.10100141333333333 4.774533866666666 0
v -0.07500005333333333 4.748532506666667 0
v -0.07500005333333333 4.774533866666666 0
v -0.07500005333333333 4.774533866666666 4.25999728
v -0.07500005333333333 4.748532506666667 4.25999728

f 2397 2398 2399
f 2397 2399 2400
f 2401 2402 2403
f 2401 2403 2404
f 2397 2401 2404
f 2397 2404 2398
f 2400 2399 2403
f 2400 2403 2402
f 2397 2400 2402
f 2397 2402 2401
f 2398 2404 2403
f 2398 2403 2399

v -0.10100141333333333 5.224692293333334 0
v -0.10100141333333333 5.224692293333334 4.25999728
v -0.10100141333333333 5.250693653333333 4.25999728
v -0.10100141333333333 5.250693653333333 0
v -0.07500005333333333 5.224692293333334 0
v -0.07500005333333333 5.250693653333333 0
v -0.07500005333333333 5.250693653333333 4.25999728
v -0.07500005333333333 5.224692293333334 4.25999728

f 2405 2406 2407
f 2405 2407 2408
f 2409 2410 2411
f 2409 2411 2412
f 2405 2409 2412
f 2405 2412 2406
f 2408 2407 2411
f 2408 2411 2410
f 2405 2408 2410
f 2405 2410 2409
f 2406 2412 2411
f 2406 2411 2407

v -0.10100141333333333 5.70085208 0
v -0.10100141333333333 5.70085208 4.25999728
v -0.10100141333333333 5.726839066666667 4.25999728
v -0.10100141333333333 5.726839066666667 0
v -0.07500005333333333 5.70085208 0
v -0.07500005333333333 5.726839066666667 0
v -0.07500005333333333 5.726839066666667 4.25999728
v -0.07500005333333333 5.70085208 4.25999728

f 2413 2414 2415
f 2413 2415 2416
f 2417 2418 2419
f 2417 2419 2420
f 2413 2417 2420
f 2413 2420 2414
f 2416 2415 2419
f 2416 2419 2418
f 2413 2416 2418
f 2413 2418 2417
f 2414 2420 2419
f 2414 2419 2415

v -0.10100141333333333 6.176997493333333 0
v -0.10100141333333333 6.176997493333333 4.25999728
v -0.10100141333333333 6.202998853333334 4.25999728
v -0.10100141333333333 6.202998853333334 0
v -0.07500005333333333 6.176997493333333 0
v -0.07500005333333333 6.202998853333334 0
v -0.07500005333333333 6.202998853333334 4.25999728
v -0.07500005333333333 6.176997493333333 4.25999728

f 2421 2422 2423
f 2421 2423 2424
f 2425 2426 2427
f 2425 2427 2428
f 2421 2425 2428
f 2421 2428 2422
f 2424 2423 2427
f 2424 2427 2426
f 2421 2424 2426
f 2421 2426 2425
f 2422 2428 2427
f 2422 2427 2423

v -0.10100141333333333 6.65315728 0
v -0.10100141333333333 6.65315728 4.25999728
v -0.10100141333333333 6.67915864 4.25999728
v -0.10100141333333333 6.67915864 0
v -0.07500005333333333 6.65315728 0
v -0.07500005333333333 6.67915864 0
v -0.07500005333333333 6.67915864 4.25999728
v -0.07500005333333333 6.65315728 4.25999728

f 2429 2430 2431
f 2429 2431 2432
f 2433 2434 2435
f 2433 2435 2436
f 2429 2433 2436
f 2429 2436 2430
f 2432 2431 2435
f 2432 2435 2434
f 2429 2432 2434
f 2429 2434 2433
f 2430 2436 2435
f 2430 2435 2431

v -0.10100141333333333 7.129302693333333 0
v -0.10100141333333333 7.129302693333333 4.25999728
v -0.10100141333333333 7.155304053333333 4.25999728
v -0.10100141333333333 7.155304053333333 0
v -0.07500005333333333 7.129302693333333 0
v -0.07500005333333333 7.155304053333333 0
v -0.07500005333333333 7.155304053333333 4.25999728
v -0.07500005333333333 7.129302693333333 4.25999728

f 2437 2438 2439
f 2437 2439 2440
f 2441 2442 2443
f 2441 2443 2444
f 2437 2441 2444
f 2437 2444 2438
f 2440 2439 2443
f 2440 2443 2442
f 2437 2440 2442
f 2437 2442 2441
f 2438 2444 2443
f 2438 2443 2439

v -0.10100141333333333 7.60546248 0
v -0.10100141333333333 7.60546248 4.25999728
v -0.10100141333333333 7.63146384 4.25999728
v -0.10100141333333333 7.63146384 0
v -0.07500005333333333 7.60546248 0
v -0.07500005333333333 7.63146384 0
v -0.07500005333333333 7.63146384 4.25999728
v -0.07500005333333333 7.60546248 4.25999728

f 2445 2446 2447
f 2445 2447 2448
f 2449 2450 2451
f 2449 2451 2452
f 2445 2449 2452
f 2445 2452 2446
f 2448 2447 2451
f 2448 2451 2450
f 2445 2448 2450
f 2445 2450 2449
f 2446 2452 2451
f 2446 2451 2447

v -0.10100141333333333 8.081622266666667 0
v -0.10100141333333333 8.081622266666667 4.25999728
v -0.10100141333333333 8.107609253333333 4.25999728
v -0.10100141333333333 8.107609253333333 0
v -0.07500005333333333 8.081622266666667 0
v -0.07500005333333333 8.107609253333333 0
v -0.07500005333333333 8.107609253333333 4.25999728
v -0.07500005333333333 8.081622266666667 4.25999728

f 2453 2454 2455
f 2453 2455 2456
f 2457 2458 2459
f 2457 2459 2460
f 2453 2457 2460
f 2453 2460 2454
f 2456 2455 2459
f 2456 2459 2458
f 2453 2456 2458
f 2453 2458 2457
f 2454 2460 2459
f 2454 2459 2455

v -0.10100141333333333 8.55776768 0
v -0.10100141333333333 8.55776768 4.25999728
v -0.10100141333333333 8.58376904 4.25999728
v -0.10100141333333333 8.58376904 0
v -0.07500005333333333 8.55776768 0
v -0.07500005333333333 8.58376904 0
v -0.07500005333333333 8.58376904 4.25999728
v -0.07500005333333333 8.55776768 4.25999728

f 2461 2462 2463
f 2461 2463 2464
f 2465 2466 2467
f 2465 2467 2468
f 2461 2465 2468
f 2461 2468 2462
f 2464 2463 2467
f 2464 2467 2466
f 2461 2464 2466
f 2461 2466 2465
f 2462 2468 2467
f 2462 2467 2463

v -0.10100141333333333 9.033927466666666 0
v -0.10100141333333333 9.033927466666666 4.25999728
v -0.10100141333333333 9.059928826666667 4.25999728
v -0.10100141333333333 9.059928826666667 0
v -0.07500005333333333 9.033927466666666 0
v -0.07500005333333333 9.059928826666667 0
v -0.07500005333333333 9.059928826666667 4.25999728
v -0.07500005333333333 9.033927466666666 4.25999728

f 2469 2470 2471
f 2469 2471 2472
f 2473 2474 2475
f 2473 2475 2476
f 2469 2473 2476
f 2469 2476 2470
f 2472 2471 2475
f 2472 2475 2474
f 2469 2472 2474
f 2469 2474 2473
f 2470 2476 2475
f 2470 2475 2471

v -0.10100141333333333 9.510072880000001 0
v -0.10100141333333333 9.510072880000001 4.25999728
v -0.10100141333333333 9.53607424 4.25999728
v -0.10100141333333333 9.53607424 0
v -0.07500005333333333 9.510072880000001 0
v -0.07500005333333333 9.53607424 0
v -0.07500005333333333 9.53607424 4.25999728
v -0.07500005333333333 9.510072880000001 4.25999728

f 2477 2478 2479
f 2477 2479 2480
f 2481 2482 2483
f 2481 2483 2484
f 2477 2481 2484
f 2477 2484 2478
f 2480 2479 2483
f 2480 2483 2482
f 2477 2480 2482
f 2477 2482 2481
f 2478 2484 2483
f 2478 2483 2479

v -0.10100141333333333 9.986232666666666 0
v -0.10100141333333333 9.986232666666666 4.25999728
v -0.10100141333333333 10.012234026666667 4.25999728
v -0.10100141333333333 10.012234026666667 0
v -0.07500005333333333 9.986232666666666 0
v -0.07500005333333333 10.012234026666667 0
v -0.07500005333333333 10.012234026666667 4.25999728
v -0.07500005333333333 9.986232666666666 4.25999728

f 2485 2486 2487
f 2485 2487 2488
f 2489 2490 2491
f 2489 2491 2492
f 2485 2489 2492
f 2485 2492 2486
f 2488 2487 2491
f 2488 2491 2490
f 2485 2488 2490
f 2485 2490 2489
f 2486 2492 2491
f 2486 2491 2487

v -0.10100141333333333 10.46237808 0
v -0.10100141333333333 10.46237808 4.25999728
v -0.10100141333333333 10.488379440000001 4.25999728
v -0.10100141333333333 10.488379440000001 0
v -0.07500005333333333 10.46237808 0
v -0.07500005333333333 10.488379440000001 0
v -0.07500005333333333 10.488379440000001 4.25999728
v -0.07500005333333333 10.46237808 4.25999728

f 2493 2494 2495
f 2493 2495 2496
f 2497 2498 2499
f 2497 2499 2500
f 2493 2497 2500
f 2493 2500 2494
f 2496 2495 2499
f 2496 2499 2498
f 2493 2496 2498
f 2493 2498 2497
f 2494 2500 2499
f 2494 2499 2495

v -0.10100141333333333 10.938537866666667 0
v -0.10100141333333333 10.938537866666667 4.25999728
v -0.10100141333333333 10.964539226666666 4.25999728
v -0.10100141333333333 10.964539226666666 0
v -0.07500005333333333 10.938537866666667 0
v -0.07500005333333333 10.964539226666666 0
v -0.07500005333333333 10.964539226666666 4.25999728
v -0.07500005333333333 10.938537866666667 4.25999728

f 2501 2502 2503
f 2501 2503 2504
f 2505 2506 2507
f 2505 2507 2508
f 2501 2505 2508
f 2501 2508 2502
f 2504 2503 2507
f 2504 2507 2506
f 2501 2504 2506
f 2501 2506 2505
f 2502 2508 2507
f 2502 2507 2503

v -0.10100141333333333 11.414697653333333 0
v -0.10100141333333333 11.414697653333333 4.25999728
v -0.10100141333333333 11.440699013333333 4.25999728
v -0.10100141333333333 11.440699013333333 0
v -0.07500005333333333 11.414697653333333 0
v -0.07500005333333333 11.440699013333333 0
v -0.07500005333333333 11.440699013333333 4.25999728
v -0.07500005333333333 11.414697653333333 4.25999728

f 2509 2510 2511
f 2509 2511 2512
f 2513 2514 2515
f 2513 2515 2516
f 2509 2513 2516
f 2509 2516 2510
f 2512 2511 2515
f 2512 2515 2514
f 2509 2512 2514
f 2509 2514 2513
f 2510 2516 2515
f 2510 2515 2511

v -0.10100141333333333 11.890843066666667 0
v -0.10100141333333333 11.890843066666667 4.25999728
v -0.10100141333333333 11.916844426666668 4.25999728
v -0.10100141333333333 11.916844426666668 0
v -0.07500005333333333 11.890843066666667 0
v -0.07500005333333333 11.916844426666668 0
v -0.07500005333333333 11.916844426666668 4.25999728
v -0.07500005333333333 11.890843066666667 4.25999728

f 2517 2518 2519
f 2517 2519 2520
f 2521 2522 2523
f 2521 2523 2524
f 2517 2521 2524
f 2517 2524 2518
f 2520 2519 2523
f 2520 2523 2522
f 2517 2520 2522
f 2517 2522 2521
f 2518 2524 2523
f 2518 2523 2519

v -0.10100276 0.46315192 4.26000202
v -0.10100276 0.46315192 7.0099969
v -0.10100276 0.48915448 7.0099969
v -0.10100276 0.48915448 4.26000202
v -0.0750002 0.46315192 4.26000202
v -0.0750002 0.48915448 4.26000202
v -0.0750002 0.48915448 7.0099969
v -0.0750002 0.46315192 7.0099969

f 2525 2526 2527
f 2525 2527 2528
f 2529 2530 2531
f 2529 2531 2532
f 2525 2529 2532
f 2525 2532 2526
f 2528 2527 2531
f 2528 2531 2530
f 2525 2528 2530
f 2525 2530 2529
f 2526 2532 2531
f 2526 2531 2527

v -0.10100276 0.93930512 4.26000202
v -0.10100276 0.93930512 7.0099969
v -0.10100276 0.96530768 7.0099969
v -0.10100276 0.96530768 4.26000202
v -0.0750002 0.93930512 4.26000202
v -0.0750002 0.96530768 4.26000202
v -0.0750002 0.96530768 7.0099969
v -0.0750002 0.93930512 7.0099969

f 2533 2534 2535
f 2533 2535 2536
f 2537 2538 2539
f 2537 2539 2540
f 2533 2537 2540
f 2533 2540 2534
f 2536 2535 2539
f 2536 2539 2538
f 2533 2536 2538
f 2533 2538 2537
f 2534 2540 2539
f 2534 2539 2535

v -0.10100276 1.4154583200000002 4.26000202
v -0.10100276 1.4154583200000002 7.0099969
v -0.10100276 1.4414608800000002 7.0099969
v -0.10100276 1.4414608800000002 4.26000202
v -0.0750002 1.4154583200000002 4.26000202
v -0.0750002 1.4414608800000002 4.26000202
v -0.0750002 1.4414608800000002 7.0099969
v -0.0750002 1.4154583200000002 7.0099969

f 2541 2542 2543
f 2541 2543 2544
f 2545 2546 2547
f 2545 2547 2548
f 2541 2545 2548
f 2541 2548 2542
f 2544 2543 2547
f 2544 2547 2546
f 2541 2544 2546
f 2541 2546 2545
f 2542 2548 2547
f 2542 2547 2543

v -0.10100276 1.89161152 4.26000202
v -0.10100276 1.89161152 7.0099969
v -0.10100276 1.91761408 7.0099969
v -0.10100276 1.91761408 4.26000202
v -0.0750002 1.89161152 4.26000202
v -0.0750002 1.91761408 4.26000202
v -0.0750002 1.91761408 7.0099969
v -0.0750002 1.89161152 7.0099969

f 2549 2550 2551
f 2549 2551 2552
f 2553 2554 2555
f 2553 2555 2556
f 2549 2553 2556
f 2549 2556 2550
f 2552 2551 2555
f 2552 2555 2554
f 2549 2552 2554
f 2549 2554 2553
f 2550 2556 2555
f 2550 2555 2551

v -0.10100276 2.3677647200000003 4.26000202
v -0.10100276 2.3677647200000003 7.0099969
v -0.10100276 2.39376728 7.0099969
v -0.10100276 2.39376728 4.26000202
v -0.0750002 2.3677647200000003 4.26000202
v -0.0750002 2.39376728 4.26000202
v -0.0750002 2.39376728 7.0099969
v -0.0750002 2.3677647200000003 7.0099969

f 2557 2558 2559
f 2557 2559 2560
f 2561 2562 2563
f 2561 2563 2564
f 2557 2561 2564
f 2557 2564 2558
f 2560 2559 2563
f 2560 2563 2562
f 2557 2560 2562
f 2557 2562 2561
f 2558 2564 2563
f 2558 2563 2559

v -0.10100276 2.84392726 4.26000202
v -0.10100276 2.84392726 7.0099969
v -0.10100276 2.86992048 7.0099969
v -0.10100276 2.86992048 4.26000202
v -0.0750002 2.84392726 4.26000202
v -0.0750002 2.86992048 4.26000202
v -0.0750002 2.86992048 7.0099969
v -0.0750002 2.84392726 7.0099969

f 2565 2566 2567
f 2565 2567 2568
f 2569 2570 2571
f 2569 2571 2572
f 2565 2569 2572
f 2565 2572 2566
f 2568 2567 2571
f 2568 2571 2570
f 2565 2568 2570
f 2565 2570 2569
f 2566 2572 2571
f 2566 2571 2567

v -0.10100276 3.3200804600000002 4.26000202
v -0.10100276 3.3200804600000002 7.0099969
v -0.10100276 3.34607368 7.0099969
v -0.10100276 3.34607368 4.26000202
v -0.0750002 3.3200804600000002 4.26000202
v -0.0750002 3.34607368 4.26000202
v -0.0750002 3.34607368 7.0099969
v -0.0750002 3.3200804600000002 7.0099969

f 2573 2574 2575
f 2573 2575 2576
f 2577 2578 2579
f 2577 2579 2580
f 2573 2577 2580
f 2573 2580 2574
f 2576 2575 2579
f 2576 2579 2578
f 2573 2576 2578
f 2573 2578 2577
f 2574 2580 2579
f 2574 2579 2575

v -0.10100276 3.79623366 4.26000202
v -0.10100276 3.79623366 7.0099969
v -0.10100276 3.82222688 7.0099969
v -0.10100276 3.82222688 4.26000202
v -0.0750002 3.79623366 4.26000202
v -0.0750002 3.82222688 4.26000202
v -0.0750002 3.82222688 7.0099969
v -0.0750002 3.79623366 7.0099969

f 2581 2582 2583
f 2581 2583 2584
f 2585 2586 2587
f 2585 2587 2588
f 2581 2585 2588
f 2581 2588 2582
f 2584 2583 2587
f 2584 2587 2586
f 2581 2584 2586
f 2581 2586 2585
f 2582 2588 2587
f 2582 2587 2583

v -0.10100276 4.27238686 4.26000202
v -0.10100276 4.27238686 7.0099969
v -0.10100276 4.29838008 7.0099969
v -0.10100276 4.29838008 4.26000202
v -0.0750002 4.27238686 4.26000202
v -0.0750002 4.29838008 4.26000202
v -0.0750002 4.29838008 7.0099969
v -0.0750002 4.27238686 7.0099969

f 2589 2590 2591
f 2589 2591 2592
f 2593 2594 2595
f 2593 2595 2596
f 2589 2593 2596
f 2589 2596 2590
f 2592 2591 2595
f 2592 2595 2594
f 2589 2592 2594
f 2589 2594 2593
f 2590 2596 2595
f 2590 2595 2591

v -0.10100276 4.74854006 4.26000202
v -0.10100276 4.74854006 7.0099969
v -0.10100276 4.77454262 7.0099969
v -0.10100276 4.77454262 4.26000202
v -0.0750002 4.74854006 4.26000202
v -0.0750002 4.77454262 4.26000202
v -0.0750002 4.77454262 7.0099969
v -0.0750002 4.74854006 7.0099969

f 2597 2598 2599
f 2597 2599 2600
f 2601 2602 2603
f 2601 2603 2604
f 2597 2601 2604
f 2597 2604 2598
f 2600 2599 2603
f 2600 2603 2602
f 2597 2600 2602
f 2597 2602 2601
f 2598 2604 2603
f 2598 2603 2599

v -0.10100276 5.2246932600000004 4.26000202
v -0.10100276 5.2246932600000004 7.0099969
v -0.10100276 5.25069582 7.0099969
v -0.10100276 5.25069582 4.26000202
v -0.0750002 5.2246932600000004 4.26000202
v -0.0750002 5.25069582 4.26000202
v -0.0750002 5.25069582 7.0099969
v -0.0750002 5.2246932600000004 7.0099969

f 2605 2606 2607
f 2605 2607 2608
f 2609 2610 2611
f 2609 2611 2612
f 2605 2609 2612
f 2605 2612 2606
f 2608 2607 2611
f 2608 2611 2610
f 2605 2608 2610
f 2605 2610 2609
f 2606 2612 2611
f 2606 2611 2607

v -0.10100276 5.70084646 4.26000202
v -0.10100276 5.70084646 7.0099969
v -0.10100276 5.72684902 7.0099969
v -0.10100276 5.72684902 4.26000202
v -0.0750002 5.70084646 4.26000202
v -0.0750002 5.72684902 4.26000202
v -0.0750002 5.72684902 7.0099969
v -0.0750002 5.70084646 7.0099969

f 2613 2614 2615
f 2613 2615 2616
f 2617 2618 2619
f 2617 2619 2620
f 2613 2617 2620
f 2613 2620 2614
f 2616 2615 2619
f 2616 2619 2618
f 2613 2616 2618
f 2613 2618 2617
f 2614 2620 2619
f 2614 2619 2615

v -0.10100276 6.17699966 4.26000202
v -0.10100276 6.17699966 7.0099969
v -0.10100276 6.20300222 7.0099969
v -0.10100276 6.20300222 4.26000202
v -0.0750002 6.17699966 4.26000202
v -0.0750002 6.20300222 4.26000202
v -0.0750002 6.20300222 7.0099969
v -0.0750002 6.17699966 7.0099969

f 2621 2622 2623
f 2621 2623 2624
f 2625 2626 2627
f 2625 2627 2628
f 2621 2625 2628
f 2621 2628 2622
f 2624 2623 2627
f 2624 2627 2626
f 2621 2624 2626
f 2621 2626 2625
f 2622 2628 2627
f 2622 2627 2623

v -0.10100276 6.6531528600000005 4.26000202
v -0.10100276 6.6531528600000005 7.0099969
v -0.10100276 6.67915542 7.0099969
v -0.10100276 6.67915542 4.26000202
v -0.0750002 6.6531528600000005 4.26000202
v -0.0750002 6.67915542 4.26000202
v -0.0750002 6.67915542 7.0099969
v -0.0750002 6.6531528600000005 7.0099969

f 2629 2630 2631
f 2629 2631 2632
f 2633 2634 2635
f 2633 2635 2636
f 2629 2633 2636
f 2629 2636 2630
f 2632 2631 2635
f 2632 2635 2634
f 2629 2632 2634
f 2629 2634 2633
f 2630 2636 2635
f 2630 2635 2631

v -0.10100276 7.12930606 4.26000202
v -0.10100276 7.12930606 7.0099969
v -0.10100276 7.1553086200000005 7.0099969
v -0.10100276 7.1553086200000005 4.26000202
v -0.0750002 7.12930606 4.26000202
v -0.0750002 7.1553086200000005 4.26000202
v -0.0750002 7.1553086200000005 7.0099969
v -0.0750002 7.12930606 7.0099969

f 2637 2638 2639
f 2637 2639 2640
f 2641 2642 2643
f 2641 2643 2644
f 2637 2641 2644
f 2637 2644 2638
f 2640 2639 2643
f 2640 2643 2642
f 2637 2640 2642
f 2637 2642 2641
f 2638 2644 2643
f 2638 2643 2639

v -0.10100276 7.60545926 4.26000202
v -0.10100276 7.60545926 7.0099969
v -0.10100276 7.63146182 7.0099969
v -0.10100276 7.63146182 4.26000202
v -0.0750002 7.60545926 4.26000202
v -0.0750002 7.63146182 4.26000202
v -0.0750002 7.63146182 7.0099969
v -0.0750002 7.60545926 7.0099969

f 2645 2646 2647
f 2645 2647 2648
f 2649 2650 2651
f 2649 2651 2652
f 2645 2649 2652
f 2645 2652 2646
f 2648 2647 2651
f 2648 2651 2650
f 2645 2648 2650
f 2645 2650 2649
f 2646 2652 2651
f 2646 2651 2647

v -0.10100276 8.08161246 4.26000202
v -0.10100276 8.08161246 7.0099969
v -0.10100276 8.10761502 7.0099969
v -0.10100276 8.10761502 4.26000202
v -0.0750002 8.08161246 4.26000202
v -0.0750002 8.10761502 4.26000202
v -0.0750002 8.10761502 7.0099969
v -0.0750002 8.08161246 7.0099969

f 2653 2654 2655
f 2653 2655 2656
f 2657 2658 2659
f 2657 2659 2660
f 2653 2657 2660
f 2653 2660 2654
f 2656 2655 2659
f 2656 2659 2658
f 2653 2656 2658
f 2653 2658 2657
f 2654 2660 2659
f 2654 2659 2655

v -0.10100276 8.557765660000001 4.26000202
v -0.10100276 8.557765660000001 7.0099969
v -0.10100276 8.58376822 7.0099969
v -0.10100276 8.58376822 4.26000202
v -0.0750002 8.557765660000001 4.26000202
v -0.0750002 8.58376822 4.26000202
v -0.0750002 8.58376822 7.0099969
v -0.0750002 8.557765660000001 7.0099969

f 2661 2662 2663
f 2661 2663 2664
f 2665 2666 2667
f 2665 2667 2668
f 2661 2665 2668
f 2661 2668 2662
f 2664 2663 2667
f 2664 2667 2666
f 2661 2664 2666
f 2661 2666 2665
f 2662 2668 2667
f 2662 2667 2663

v -0.10100276 9.03391886 4.26000202
v -0.10100276 9.03391886 7.0099969
v -0.10100276 9.05992142 7.0099969
v -0.10100276 9.05992142 4.26000202
v -0.0750002 9.03391886 4.26000202
v -0.0750002 9.05992142 4.26000202
v -0.0750002 9.05992142 7.0099969
v -0.0750002 9.03391886 7.0099969

f 2669 2670 2671
f 2669 2671 2672
f 2673 2674 2675
f 2673 2675 2676
f 2669 2673 2676
f 2669 2676 2670
f 2672 2671 2675
f 2672 2675 2674
f 2669 2672 2674
f 2669 2674 2673
f 2670 2676 2675
f 2670 2675 2671

v -0.10100276 9.5100814 4.26000202
v -0.10100276 9.5100814 7.0099969
v -0.10100276 9.53607462 7.0099969
v -0.10100276 9.53607462 4.26000202
v -0.0750002 9.5100814 4.26000202
v -0.0750002 9.53607462 4.26000202
v -0.0750002 9.53607462 7.0099969
v -0.0750002 9.5100814 7.0099969

f 2677 2678 2679
f 2677 2679 2680
f 2681 2682 2683
f 2681 2683 2684
f 2677 2681 2684
f 2677 2684 2678
f 2680 2679 2683
f 2680 2683 2682
f 2677 2680 2682
f 2677 2682 2681
f 2678 2684 2683
f 2678 2683 2679

v -0.10100276 9.9862346 4.26000202
v -0.10100276 9.9862346 7.0099969
v -0.10100276 10.01222782 7.0099969
v -0.10100276 10.01222782 4.26000202
v -0.0750002 9.9862346 4.26000202
v -0.0750002 10.01222782 4.26000202
v -0.0750002 10.01222782 7.0099969
v -0.0750002 9.9862346 7.0099969

f 2685 2686 2687
f 2685 2687 2688
f 2689 2690 2691
f 2689 2691 2692
f 2685 2689 2692
f 2685 2692 2686
f 2688 2687 2691
f 2688 2691 2690
f 2685 2688 2690
f 2685 2690 2689
f 2686 2692 2691
f 2686 2691 2687

v -0.10100276 10.4623878 4.26000202
v -0.10100276 10.4623878 7.0099969
v -0.10100276 10.48838102 7.0099969
v -0.10100276 10.48838102 4.26000202
v -0.0750002 10.4623878 4.26000202
v -0.0750002 10.48838102 4.26000202
v -0.0750002 10.48838102 7.0099969
v -0.0750002 10.4623878 7.0099969

f 2693 2694 2695
f 2693 2695 2696
f 2697 2698 2699
f 2697 2699 2700
f 2693 2697 2700
f 2693 2700 2694
f 2696 2695 2699
f 2696 2699 2698
f 2693 2696 2698
f 2693 2698 2697
f 2694 2700 2699
f 2694 2699 2695

v -0.10100276 10.938541 4.26000202
v -0.10100276 10.938541 7.0099969
v -0.10100276 10.96453422 7.0099969
v -0.10100276 10.96453422 4.26000202
v -0.0750002 10.938541 4.26000202
v -0.0750002 10.96453422 4.26000202
v -0.0750002 10.96453422 7.0099969
v -0.0750002 10.938541 7.0099969

f 2701 2702 2703
f 2701 2703 2704
f 2705 2706 2707
f 2705 2707 2708
f 2701 2705 2708
f 2701 2708 2702
f 2704 2703 2707
f 2704 2707 2706
f 2701 2704 2706
f 2701 2706 2705
f 2702 2708 2707
f 2702 2707 2703

v -0.10100276 11.4146942 4.26000202
v -0.10100276 11.4146942 7.0099969
v -0.10100276 11.44069676 7.0099969
v -0.10100276 11.44069676 4.26000202
v -0.0750002 11.4146942 4.26000202
v -0.0750002 11.44069676 4.26000202
v -0.0750002 11.44069676 7.0099969
v -0.0750002 11.4146942 7.0099969

f 2709 2710 2711
f 2709 2711 2712
f 2713 2714 2715
f 2713 2715 2716
f 2709 2713 2716
f 2709 2716 2710
f 2712 2711 2715
f 2712 2715 2714
f 2709 2712 2714
f 2709 2714 2713
f 2710 2716 2715
f 2710 2715 2711

v -0.10100276 11.8908474 4.26000202
v -0.10100276 11.8908474 7.0099969
v -0.10100276 11.91684996 7.0099969
v -0.10100276 11.91684996 4.26000202
v -0.0750002 11.8908474 4.26000202
v -0.0750002 11.91684996 4.26000202
v -0.0750002 11.91684996 7.0099969
v -0.0750002 11.8908474 7.0099969

f 2717 2718 2719
f 2717 2719 2720
f 2721 2722 2723
f 2721 2723 2724
f 2717 2721 2724
f 2717 2724 2718
f 2720 2719 2723
f 2720 2723 2722
f 2717 2720 2722
f 2717 2722 2721
f 2718 2724 2723
f 2718 2723 2719

v 15.494993139999998 0.4631495 0
v 15.494993139999998 0.4631495 7.01000014
v 15.494993139999998 0.48916119999999996 7.01000014
v 15.494993139999998 0.48916119999999996 0
v 15.521004839999998 0.4631495 0
v 15.521004839999998 0.48916119999999996 0
v 15.521004839999998 0.48916119999999996 7.01000014
v 15.521004839999998 0.4631495 7.01000014

f 2725 2726 2727
f 2725 2727 2728
f 2729 2730 2731
f 2729 2731 2732
f 2725 2729 2732
f 2725 2732 2726
f 2728 2727 2731
f 2728 2731 2730
f 2725 2728 2730
f 2725 2730 2729
f 2726 2732 2731
f 2726 2731 2727

v 15.494993139999998 0.9393166199999999 0
v 15.494993139999998 0.9393166199999999 7.01000014
v 15.494993139999998 0.96530478 7.01000014
v 15.494993139999998 0.96530478 0
v 15.521004839999998 0.9393166199999999 0
v 15.521004839999998 0.96530478 0
v 15.521004839999998 0.96530478 7.01000014
v 15.521004839999998 0.9393166199999999 7.01000014

f 2733 2734 2735
f 2733 2735 2736
f 2737 2738 2739
f 2737 2739 2740
f 2733 2737 2740
f 2733 2740 2734
f 2736 2735 2739
f 2736 2739 2738
f 2733 2736 2738
f 2733 2738 2737
f 2734 2740 2739
f 2734 2739 2735

v 15.494993139999998 1.4154601999999998 0
v 15.494993139999998 1.4154601999999998 7.01000014
v 15.494993139999998 1.4414718999999998 7.01000014
v 15.494993139999998 1.4414718999999998 0
v 15.521004839999998 1.4154601999999998 0
v 15.521004839999998 1.4414718999999998 0
v 15.521004839999998 1.4414718999999998 7.01000014
v 15.521004839999998 1.4154601999999998 7.01000014

f 2741 2742 2743
f 2741 2743 2744
f 2745 2746 2747
f 2745 2747 2748
f 2741 2745 2748
f 2741 2748 2742
f 2744 2743 2747
f 2744 2747 2746
f 2741 2744 2746
f 2741 2746 2745
f 2742 2748 2747
f 2742 2747 2743

v 15.494993139999998 1.8916037799999998 0
v 15.494993139999998 1.8916037799999998 7.01000014
v 15.494993139999998 1.9176154799999998 7.01000014
v 15.494993139999998 1.9176154799999998 0
v 15.521004839999998 1.8916037799999998 0
v 15.521004839999998 1.9176154799999998 0
v 15.521004839999998 1.9176154799999998 7.01000014
v 15.521004839999998 1.8916037799999998 7.01000014

f 2749 2750 2751
f 2749 2751 2752
f 2753 2754 2755
f 2753 2755 2756
f 2749 2753 2756
f 2749 2756 2750
f 2752 2751 2755
f 2752 2755 2754
f 2749 2752 2754
f 2749 2754 2753
f 2750 2756 2755
f 2750 2755 2751

v 15.494993139999998 2.3677709 0
v 15.494993139999998 2.3677709 7.01000014
v 15.494993139999998 2.39375906 7.01000014
v 15.494993139999998 2.39375906 0
v 15.521004839999998 2.3677709 0
v 15.521004839999998 2.39375906 0
v 15.521004839999998 2.39375906 7.01000014
v 15.521004839999998 2.3677709 7.01000014

f 2757 2758 2759
f 2757 2759 2760
f 2761 2762 2763
f 2761 2763 2764
f 2757 2761 2764
f 2757 2764 2758
f 2760 2759 2763
f 2760 2763 2762
f 2757 2760 2762
f 2757 2762 2761
f 2758 2764 2763
f 2758 2763 2759

v 15.494993139999998 2.8439144799999996 0
v 15.494993139999998 2.8439144799999996 7.01000014
v 15.494993139999998 2.8699261799999998 7.01000014
v 15.494993139999998 2.8699261799999998 0
v 15.521004839999998 2.8439144799999996 0
v 15.521004839999998 2.8699261799999998 0
v 15.521004839999998 2.8699261799999998 7.01000014
v 15.521004839999998 2.8439144799999996 7.01000014

f 2765 2766 2767
f 2765 2767 2768
f 2769 2770 2771
f 2769 2771 2772
f 2765 2769 2772
f 2765 2772 2766
f 2768 2767 2771
f 2768 2771 2770
f 2765 2768 2770
f 2765 2770 2769
f 2766 2772 2771
f 2766 2771 2767

v 15.494993139999998 3.3200816 0
v 15.494993139999998 3.3200816 7.01000014
v 15.494993139999998 3.34606976 7.01000014
v 15.494993139999998 3.34606976 0
v 15.521004839999998 3.3200816 0
v 15.521004839999998 3.34606976 0
v 15.521004839999998 3.34606976 7.01000014
v 15.521004839999998 3.3200816 7.01000014

f 2773 2774 2775
f 2773 2775 2776
f 2777 2778 2779
f 2777 2779 2780
f 2773 2777 2780
f 2773 2780 2774
f 2776 2775 2779
f 2776 2779 2778
f 2773 2776 2778
f 2773 2778 2777
f 2774 2780 2779
f 2774 2779 2775

v 15.494993139999998 3.7962251799999995 0
v 15.494993139999998 3.7962251799999995 7.01000014
v 15.494993139999998 3.8222368799999997 7.01000014
v 15.494993139999998 3.8222368799999997 0
v 15.521004839999998 3.7962251799999995 0
v 15.521004839999998 3.8222368799999997 0
v 15.521004839999998 3.8222368799999997 7.01000014
v 15.521004839999998 3.7962251799999995 7.01000014

f 2781 2782 2783
f 2781 2783 2784
f 2785 2786 2787
f 2785 2787 2788
f 2781 2785 2788
f 2781 2788 2782
f 2784 2783 2787
f 2784 2787 2786
f 2781 2784 2786
f 2781 2786 2785
f 2782 2788 2787
f 2782 2787 2783

v 15.494993139999998 4.2723923 0
v 15.494993139999998 4.2723923 7.01000014
v 15.494993139999998 4.29838046 7.01000014
v 15.494993139999998 4.29838046 0
v 15.521004839999998 4.2723923 0
v 15.521004839999998 4.29838046 0
v 15.521004839999998 4.29838046 7.01000014
v 15.521004839999998 4.2723923 7.01000014

f 2789 2790 2791
f 2789 2791 2792
f 2793 2794 2795
f 2793 2795 2796
f 2789 2793 2796
f 2789 2796 2790
f 2792 2791 2795
f 2792 2795 2794
f 2789 2792 2794
f 2789 2794 2793
f 2790 2796 2795
f 2790 2795 2791

v 15.494993139999998 4.7485358799999995 0
v 15.494993139999998 4.7485358799999995 7.01000014
v 15.494993139999998 4.774547579999999 7.01000014
v 15.494993139999998 4.774547579999999 0
v 15.521004839999998 4.7485358799999995 0
v 15.521004839999998 4.774547579999999 0
v 15.521004839999998 4.774547579999999 7.01000014
v 15.521004839999998 4.7485358799999995 7.01000014

f 2797 2798 2799
f 2797 2799 2800
f 2801 2802 2803
f 2801 2803 2804
f 2797 2801 2804
f 2797 2804 2798
f 2800 2799 2803
f 2800 2803 2802
f 2797 2800 2802
f 2797 2802 2801
f 2798 2804 2803
f 2798 2803 2799

v 15.494993139999998 5.224703 0
v 15.494993139999998 5.224703 7.01000014
v 15.494993139999998 5.25069116 7.01000014
v 15.494993139999998 5.25069116 0
v 15.521004839999998 5.224703 0
v 15.521004839999998 5.25069116 0
v 15.521004839999998 5.25069116 7.01000014
v 15.521004839999998 5.224703 7.01000014

f 2805 2806 2807
f 2805 2807 2808
f 2809 2810 2811
f 2809 2811 2812
f 2805 2809 2812
f 2805 2812 2806
f 2808 2807 2811
f 2808 2811 2810
f 2805 2808 2810
f 2805 2810 2809
f 2806 2812 2811
f 2806 2811 2807

v 15.494993139999998 5.700846579999999 0
v 15.494993139999998 5.700846579999999 7.01000014
v 15.494993139999998 5.726834739999999 7.01000014
v 15.494993139999998 5.726834739999999 0
v 15.521004839999998 5.700846579999999 0
v 15.521004839999998 5.726834739999999 0
v 15.521004839999998 5.726834739999999 7.01000014
v 15.521004839999998 5.700846579999999 7.01000014

f 2813 2814 2815
f 2813 2815 2816
f 2817 2818 2819
f 2817 2819 2820
f 2813 2817 2820
f 2813 2820 2814
f 2816 2815 2819
f 2816 2819 2818
f 2813 2816 2818
f 2813 2818 2817
f 2814 2820 2819
f 2814 2819 2815

v 15.494993139999998 6.17699016 0
v 15.494993139999998 6.17699016 7.01000014
v 15.494993139999998 6.20300186 7.01000014
v 15.494993139999998 6.20300186 0
v 15.521004839999998 6.17699016 0
v 15.521004839999998 6.20300186 0
v 15.521004839999998 6.20300186 7.01000014
v 15.521004839999998 6.17699016 7.01000014

f 2821 2822 2823
f 2821 2823 2824
f 2825 2826 2827
f 2825 2827 2828
f 2821 2825 2828
f 2821 2828 2822
f 2824 2823 2827
f 2824 2827 2826
f 2821 2824 2826
f 2821 2826 2825
f 2822 2828 2827
f 2822 2827 2823

v 15.494993139999998 6.653157279999999 0
v 15.494993139999998 6.653157279999999 7.01000014
v 15.494993139999998 6.679145439999999 7.01000014
v 15.494993139999998 6.679145439999999 0
v 15.521004839999998 6.653157279999999 0
v 15.521004839999998 6.679145439999999 0
v 15.521004839999998 6.679145439999999 7.01000014
v 15.521004839999998 6.653157279999999 7.01000014

f 2829 2830 2831
f 2829 2831 2832
f 2833 2834 2835
f 2833 2835 2836
f 2829 2833 2836
f 2829 2836 2830
f 2832 2831 2835
f 2832 2835 2834
f 2829 2832 2834
f 2829 2834 2833
f 2830 2836 2835
f 2830 2835 2831

v 15.494993139999998 7.12930086 0
v 15.494993139999998 7.12930086 7.01000014
v 15.494993139999998 7.15531256 7.01000014
v 15.494993139999998 7.15531256 0
v 15.521004839999998 7.12930086 0
v 15.521004839999998 7.15531256 0
v 15.521004839999998 7.15531256 7.01000014
v 15.521004839999998 7.12930086 7.01000014

f 2837 2838 2839
f 2837 2839 2840
f 2841 2842 2843
f 2841 2843 2844
f 2837 2841 2844
f 2837 2844 2838
f 2840 2839 2843
f 2840 2843 2842
f 2837 2840 2842
f 2837 2842 2841
f 2838 2844 2843
f 2838 2843 2839

v 15.494993139999998 7.605467979999999 0
v 15.494993139999998 7.605467979999999 7.01000014
v 15.494993139999998 7.631456139999999 7.01000014
v 15.494993139999998 7.631456139999999 0
v 15.521004839999998 7.605467979999999 0
v 15.521004839999998 7.631456139999999 0
v 15.521004839999998 7.631456139999999 7.01000014
v 15.521004839999998 7.605467979999999 7.01000014

f 2845 2846 2847
f 2845 2847 2848
f 2849 2850 2851
f 2849 2851 2852
f 2845 2849 2852
f 2845 2852 2846
f 2848 2847 2851
f 2848 2851 2850
f 2845 2848 2850
f 2845 2850 2849
f 2846 2852 2851
f 2846 2851 2847

v 15.494993139999998 8.081611559999999 0
v 15.494993139999998 8.081611559999999 7.01000014
v 15.494993139999998 8.107623259999999 7.01000014
v 15.494993139999998 8.107623259999999 0
v 15.521004839999998 8.081611559999999 0
v 15.521004839999998 8.107623259999999 0
v 15.521004839999998 8.107623259999999 7.01000014
v 15.521004839999998 8.081611559999999 7.01000014

f 2853 2854 2855
f 2853 2855 2856
f 2857 2858 2859
f 2857 2859 2860
f 2853 2857 2860
f 2853 2860 2854
f 2856 2855 2859
f 2856 2859 2858
f 2853 2856 2858
f 2853 2858 2857
f 2854 2860 2859
f 2854 2859 2855

v 15.494993139999998 8.55777868 0
v 15.494993139999998 8.55777868 7.01000014
v 15.494993139999998 8.58376684 7.01000014
v 15.494993139999998 8.58376684 0
v 15.521004839999998 8.55777868 0
v 15.521004839999998 8.58376684 0
v 15.521004839999998 8.58376684 7.01000014
v 15.521004839999998 8.55777868 7.01000014

f 2861 2862 2863
f 2861 2863 2864
f 2865 2866 2867
f 2865 2867 2868
f 2861 2865 2868
f 2861 2868 2862
f 2864 2863 2867
f 2864 2867 2866
f 2861 2864 2866
f 2861 2866 2865
f 2862 2868 2867
f 2862 2867 2863

v 15.494993139999998 9.033922259999999 0
v 15.494993139999998 9.033922259999999 7.01000014
v 15.494993139999998 9.059933959999999 7.01000014
v 15.494993139999998 9.059933959999999 0
v 15.521004839999998 9.033922259999999 0
v 15.521004839999998 9.059933959999999 0
v 15.521004839999998 9.059933959999999 7.01000014
v 15.521004839999998 9.033922259999999 7.01000014

f 2869 2870 2871
f 2869 2871 2872
f 2873 2874 2875
f 2873 2875 2876
f 2869 2873 2876
f 2869 2876 2870
f 2872 2871 2875
f 2872 2875 2874
f 2869 2872 2874
f 2869 2874 2873
f 2870 2876 2875
f 2870 2875 2871

v 15.494993139999998 9.51006584 0
v 15.494993139999998 9.51006584 7.01000014
v 15.494993139999998 9.536077539999999 7.01000014
v 15.494993139999998 9.536077539999999 0
v 15.521004839999998 9.51006584 0
v 15.521004839999998 9.536077539999999 0
v 15.521004839999998 9.536077539999999 7.01000014
v 15.521004839999998 9.51006584 7.01000014

f 2877 2878 2879
f 2877 2879 2880
f 2881 2882 2883
f 2881 2883 2884
f 2877 2881 2884
f 2877 2884 2878
f 2880 2879 2883
f 2880 2883 2882
f 2877 2880 2882
f 2877 2882 2881
f 2878 2884 2883
f 2878 2883 2879

v 15.494993139999998 9.986232959999999 0
v 15.494993139999998 9.986232959999999 7.01000014
v 15.494993139999998 10.01222112 7.01000014
v 15.494993139999998 10.01222112 0
v 15.521004839999998 9.986232959999999 0
v 15.521004839999998 10.01222112 0
v 15.521004839999998 10.01222112 7.01000014
v 15.521004839999998 9.986232959999999 7.01000014

f 2885 2886 2887
f 2885 2887 2888
f 2889 2890 2891
f 2889 2891 2892
f 2885 2889 2892
f 2885 2892 2886
f 2888 2887 2891
f 2888 2891 2890
f 2885 2888 2890
f 2885 2890 2889
f 2886 2892 2891
f 2886 2891 2887

v 15.494993139999998 10.46237654 0
v 15.494993139999998 10.46237654 7.01000014
v 15.494993139999998 10.488388239999999 7.01000014
v 15.494993139999998 10.488388239999999 0
v 15.521004839999998 10.46237654 0
v 15.521004839999998 10.488388239999999 0
v 15.521004839999998 10.488388239999999 7.01000014
v 15.521004839999998 10.46237654 7.01000014

f 2893 2894 2895
f 2893 2895 2896
f 2897 2898 2899
f 2897 2899 2900
f 2893 2897 2900
f 2893 2900 2894
f 2896 2895 2899
f 2896 2899 2898
f 2893 2896 2898
f 2893 2898 2897
f 2894 2900 2899
f 2894 2899 2895

v 15.494993139999998 10.938543659999999 0
v 15.494993139999998 10.938543659999999 7.01000014
v 15.494993139999998 10.96453182 7.01000014
v 15.494993139999998 10.96453182 0
v 15.521004839999998 10.938543659999999 0
v 15.521004839999998 10.96453182 0
v 15.521004839999998 10.96453182 7.01000014
v 15.521004839999998 10.938543659999999 7.01000014

f 2901 2902 2903
f 2901 2903 2904
f 2905 2906 2907
f 2905 2907 2908
f 2901 2905 2908
f 2901 2908 2902
f 2904 2903 2907
f 2904 2907 2906
f 2901 2904 2906
f 2901 2906 2905
f 2902 2908 2907
f 2902 2907 2903

v 15.494993139999998 11.41468724 0
v 15.494993139999998 11.41468724 7.01000014
v 15.494993139999998 11.440698939999999 7.01000014
v 15.494993139999998 11.440698939999999 0
v 15.521004839999998 11.41468724 0
v 15.521004839999998 11.440698939999999 0
v 15.521004839999998 11.440698939999999 7.01000014
v 15.521004839999998 11.41468724 7.01000014

f 2909 2910 2911
f 2909 2911 2912
f 2913 2914 2915
f 2913 2915 2916
f 2909 2913 2916
f 2909 2916 2910
f 2912 2911 2915
f 2912 2915 2914
f 2909 2912 2914
f 2909 2914 2913
f 2910 2916 2915
f 2910 2915 2911

v 15.494993139999998 11.890854359999999 0
v 15.494993139999998 11.890854359999999 7.01000014
v 15.494993139999998 11.91684252 7.01000014
v 15.494993139999998 11.91684252 0
v 15.521004839999998 11.890854359999999 0
v 15.521004839999998 11.91684252 0
v 15.521004839999998 11.91684252 7.01000014
v 15.521004839999998 11.890854359999999 7.01000014

f 2917 2918 2919
f 2917 2919 2920
f 2921 2922 2923
f 2921 2923 2924
f 2917 2921 2924
f 2917 2924 2918
f 2920 2919 2923
f 2920 2923 2922
f 2917 2920 2922
f 2917 2922 2921
f 2918 2924 2923
f 2918 2923 2919

v 4.019999999999996 -0.18999999999999984 6.389999999999994
v 4.019999999999996 -0.18999999999999984 6.669999999999994
v 4.019999999999996 -0.1299999999999999 6.669999999999994
v 4.019999999999996 -0.1299999999999999 6.389999999999994
v 4.179999999999996 -0.18999999999999984 6.389999999999994
v 4.179999999999996 -0.1299999999999999 6.389999999999994
v 4.179999999999996 -0.1299999999999999 6.669999999999994
v 4.179999999999996 -0.18999999999999984 6.669999999999994

f 2925 2926 2927
f 2925 2927 2928
f 2929 2930 2931
f 2929 2931 2932
f 2925 2929 2932
f 2925 2932 2926
f 2928 2927 2931
f 2928 2931 2930
f 2925 2928 2930
f 2925 2930 2929
f 2926 2932 2931
f 2926 2931 2927

v 4.169999400000012 -0.2200002000000006 6.479999400000017
v 4.164671000000011 -0.24678780000000067 6.479999400000017
v 4.159748600000011 -0.24474940000000064 6.453211800000017
v 4.164671000000011 -0.2200002000000006 6.453211800000017
v 4.164671000000011 -0.2200002000000006 6.506788400000017
v 4.159748600000011 -0.24474940000000064 6.506788400000017
v 4.145730400000011 -0.23894220000000063 6.430502400000017
v 4.149497800000011 -0.2200002000000006 6.430502400000017
v 4.149497800000011 -0.2200002000000006 6.5294978000000174
v 4.145730400000011 -0.23894220000000063 6.5294978000000174
v 4.124748600000011 -0.23025100000000062 6.415327800000017
v 4.126788400000011 -0.2200002000000006 6.415327800000017
v 4.126788400000011 -0.2200002000000006 6.544671000000018
v 4.124748600000011 -0.23025100000000062 6.544671000000018
v 4.099999400000011 -0.2200002000000006 6.409999400000017
v 4.099999400000011 -0.2200002000000006 6.549999400000018
v 4.149497800000011 -0.2694972000000007 6.479999400000017
v 4.145730400000011 -0.26572980000000074 6.453211800000017
v 4.145730400000011 -0.26572980000000074 6.506788400000017
v 4.134999400000011 -0.2550002000000007 6.430502400000017
v 4.134999400000011 -0.2550002000000007 6.5294978000000174
v 4.118941400000011 -0.23894220000000063 6.415327800000017
v 4.118941400000011 -0.23894220000000063 6.544671000000018
v 4.126788400000011 -0.28467180000000075 6.479999400000017
v 4.124748600000011 -0.27974940000000076 6.453211800000017
v 4.124748600000011 -0.27974940000000076 6.506788400000017
v 4.118941400000011 -0.26572980000000074 6.430502400000017
v 4.118941400000011 -0.26572980000000074 6.5294978000000174
v 4.110251600000011 -0.24474940000000064 6.415327800000017
v 4.110251600000011 -0.24474940000000064 6.544671000000018
v 4.099999400000011 -0.29000020000000076 6.479999400000017
v 4.099999400000011 -0.28467180000000075 6.453211800000017
v 4.099999400000011 -0.28467180000000075 6.506788400000017
v 4.099999400000011 -0.2694972000000007 6.430502400000017
v 4.099999400000011 -0.2694972000000007 6.5294978000000174
v 4.099999400000011 -0.24678780000000067 6.415327800000017
v 4.099999400000011 -0.24678780000000067 6.544671000000018
v 4.073211800000011 -0.28467180000000075 6.479999400000017
v 4.075251600000011 -0.27974940000000076 6.453211800000017
v 4.075251600000011 -0.27974940000000076 6.506788400000017
v 4.081058800000011 -0.26572980000000074 6.430502400000017
v 4.081058800000011 -0.26572980000000074 6.5294978000000174
v 4.089748600000011 -0.24474940000000064 6.415327800000017
v 4.089748600000011 -0.24474940000000064 6.544671000000018
v 4.050502400000011 -0.2694972000000007 6.479999400000017
v 4.054269800000011 -0.26572980000000074 6.453211800000017
v 4.054269800000011 -0.26572980000000074 6.506788400000017
v 4.064999400000011 -0.2550002000000007 6.430502400000017
v 4.064999400000011 -0.2550002000000007 6.5294978000000174
v 4.081058800000011 -0.23894220000000063 6.415327800000017
v 4.081058800000011 -0.23894220000000063 6.544671000000018
v 4.035327800000011 -0.24678780000000067 6.479999400000017
v 4.040251600000011 -0.24474940000000064 6.453211800000017
v 4.040251600000011 -0.24474940000000064 6.506788400000017
v 4.054269800000011 -0.23894220000000063 6.430502400000017
v 4.054269800000011 -0.23894220000000063 6.5294978000000174
v 4.075251600000011 -0.23025100000000062 6.415327800000017
v 4.075251600000011 -0.23025100000000062 6.544671000000018
v 4.029999400000011 -0.2200002000000006 6.479999400000017
v 4.035327800000011 -0.2200002000000006 6.453211800000017
v 4.035327800000011 -0.2200002000000006 6.506788400000017
v 4.050502400000011 -0.2200002000000006 6.430502400000017
v 4.050502400000011 -0.2200002000000006 6.5294978000000174
v 4.073211800000011 -0.2200002000000006 6.415327800000017
v 4.073211800000011 -0.2200002000000006 6.544671000000018
v 4.035327800000011 -0.1932126000000005 6.479999400000017
v 4.040251600000011 -0.19525100000000054 6.453211800000017
v 4.040251600000011 -0.19525100000000054 6.506788400000017
v 4.054269800000011 -0.20105820000000055 6.430502400000017
v 4.054269800000011 -0.20105820000000055 6.5294978000000174
v 4.075251600000011 -0.20974940000000056 6.415327800000017
v 4.075251600000011 -0.20974940000000056 6.544671000000018
v 4.050502400000011 -0.17050320000000047 6.479999400000017
v 4.054269800000011 -0.17427060000000047 6.453211800000017
v 4.054269800000011 -0.17427060000000047 6.506788400000017
v 4.064999400000011 -0.1850002000000005 6.430502400000017
v 4.064999400000011 -0.1850002000000005 6.5294978000000174
v 4.081058800000011 -0.20105820000000055 6.415327800000017
v 4.081058800000011 -0.20105820000000055 6.544671000000018
v 4.073211800000011 -0.15532860000000043 6.479999400000017
v 4.075251600000011 -0.16025100000000042 6.453211800000017
v 4.075251600000011 -0.16025100000000042 6.506788400000017
v 4.081058800000011 -0.17427060000000047 6.430502400000017
v 4.081058800000011 -0.17427060000000047 6.5294978000000174
v 4.089748600000011 -0.19525100000000054 6.415327800000017
v 4.089748600000011 -0.19525100000000054 6.544671000000018
v 4.099999400000011 -0.1500002000000004 6.479999400000017
v 4.099999400000011 -0.15532860000000043 6.453211800000017
v 4.099999400000011 -0.15532860000000043 6.506788400000017
v 4.099999400000011 -0.17050320000000047 6.430502400000017
v 4.099999400000011 -0.17050320000000047 6.5294978000000174
v 4.099999400000011 -0.1932126000000005 6.415327800000017
v 4.099999400000011 -0.1932126000000005 6.544671000000018
v 4.126788400000011 -0.15532860000000043 6.479999400000017
v 4.124748600000011 -0.16025100000000042 6.453211800000017
v 4.124748600000011 -0.16025100000000042 6.506788400000017
v 4.118941400000011 -0.17427060000000047 6.430502400000017
v 4.118941400000011 -0.17427060000000047 6.5294978000000174
v 4.110251600000011 -0.19525100000000054 6.415327800000017
v 4.110251600000011 -0.19525100000000054 6.544671000000018
v 4.149497800000011 -0.17050320000000047 6.479999400000017
v 4.145730400000011 -0.17427060000000047 6.453211800000017
v 4.145730400000011 -0.17427060000000047 6.506788400000017
v 4.134999400000011 -0.1850002000000005 6.430502400000017
v 4.134999400000011 -0.1850002000000005 6.5294978000000174
v 4.118941400000011 -0.20105820000000055 6.415327800000017
v 4.118941400000011 -0.20105820000000055 6.544671000000018
v 4.164671000000011 -0.1932126000000005 6.479999400000017
v 4.159748600000011 -0.19525100000000054 6.453211800000017
v 4.159748600000011 -0.19525100000000054 6.506788400000017
v 4.145730400000011 -0.20105820000000055 6.430502400000017
v 4.145730400000011 -0.20105820000000055 6.5294978000000174
v 4.124748600000011 -0.20974940000000056 6.415327800000017
v 4.124748600000011 -0.20974940000000056 6.544671000000018

usemtl sandybrown
f 2933 2934 2935
f 2933 2935 2936
f 2937 2938 2934
f 2937 2934 2933
f 2936 2935 2939
f 2936 2939 2940
f 2941 2942 2938
f 2941 2938 2937
f 2940 2939 2943
f 2940 2943 2944
f 2945 2946 2942
f 2945 2942 2941
f 2944 2943 2947
f 2948 2946 2945
f 2934 2949 2950
f 2934 2950 2935
f 2938 2951 2949
f 2938 2949 2934
f 2935 2950 2952
f 2935 2952 2939
f 2942 2953 2951
f 2942 2951 2938
f 2939 2952 2954
f 2939 2954 2943
f 2946 2955 2953
f 2946 2953 2942
f 2943 2954 2947
f 2948 2955 2946
f 2949 2956 2957
f 2949 2957 2950
f 2951 2958 2956
f 2951 2956 2949
f 2950 2957 2959
f 2950 2959 2952
f 2953 2960 2958
f 2953 2958 2951
f 2952 2959 2961
f 2952 2961 2954
f 2955 2962 2960
f 2955 2960 2953
f 2954 2961 2947
f 2948 2962 2955
f 2956 2963 2964
f 2956 2964 2957
f 2958 2965 2963
f 2958 2963 2956
f 2957 2964 2966
f 2957 2966 2959
f 2960 2967 2965
f 2960 2965 2958
f 2959 2966 2968
f 2959 2968 2961
f 2962 2969 2967
f 2962 2967 2960
f 2961 2968 2947
f 2948 2969 2962
f 2963 2970 2971
f 2963 2971 2964
f 2965 2972 2970
f 2965 2970 2963
f 2964 2971 2973
f 2964 2973 2966
f 2967 2974 2972
f 2967 2972 2965
f 2966 2973 2975
f 2966 2975 2968
f 2969 2976 2974
f 2969 2974 2967
f 2968 2975 2947
f 2948 2976 2969
f 2970 2977 2978
f 2970 2978 2971
f 2972 2979 2977
f 2972 2977 2970
f 2971 2978 2980
f 2971 2980 2973
f 2974 2981 2979
f 2974 2979 2972
f 2973 2980 2982
f 2973 2982 2975
f 2976 2983 2981
f 2976 2981 2974
f 2975 2982 2947
f 2948 2983 2976
f 2977 2984 2985
f 2977 2985 2978
f 2979 2986 2984
f 2979 2984 2977
f 2978 2985 2987
f 2978 2987 2980
f 2981 2988 2986
f 2981 2986 2979
f 2980 2987 2989
f 2980 2989 2982
f 2983 2990 2988
f 2983 2988 2981
f 2982 2989 2947
f 2948 2990 2983
f 2984 2991 2992
f 2984 2992 2985
f 2986 2993 2991
f 2986 2991 2984
f 2985 2992 2994
f 2985 2994 2987
f 2988 2995 2993
f 2988 2993 2986
f 2987 2994 2996
f 2987 2996 2989
f 2990 2997 2995
f 2990 2995 2988
f 2989 2996 2947
f 2948 2997 2990
f 2991 2998 2999
f 2991 2999 2992
f 2993 3000 2998
f 2993 2998 2991
f 2992 2999 3001
f 2992 3001 2994
f 2995 3002 3000
f 2995 3000 2993
f 2994 3001 3003
f 2994 3003 2996
f 2997 3004 3002
f 2997 3002 2995
f 2996 3003 2947
f 2948 3004 2997
f 2998 3005 3006
f 2998 3006 2999
f 3000 3007 3005
f 3000 3005 2998
f 2999 3006 3008
f 2999 3008 3001
f 3002 3009 3007
f 3002 3007 3000
f 3001 3008 3010
f 3001 3010 3003
f 3004 3011 3009
f 3004 3009 3002
f 3003 3010 2947
f 2948 3011 3004
f 3005 3012 3013
f 3005 3013 3006
f 3007 3014 3012
f 3007 3012 3005
f 3006 3013 3015
f 3006 3015 3008
f 3009 3016 3014
f 3009 3014 3007
f 3008 3015 3017
f 3008 3017 3010
f 3011 3018 3016
f 3011 3016 3009
f 3010 3017 2947
f 2948 3018 3011
f 3012 3019 3020
f 3012 3020 3013
f 3014 3021 3019
f 3014 3019 3012
f 3013 3020 3022
f 3013 3022 3015
f 3016 3023 3021
f 3016 3021 3014
f 3015 3022 3024
f 3015 3024 3017
f 3018 3025 3023
f 3018 3023 3016
f 3017 3024 2947
f 2948 3025 3018
f 3019 3026 3027
f 3019 3027 3020
f 3021 3028 3026
f 3021 3026 3019
f 3020 3027 3029
f 3020 3029 3022
f 3023 3030 3028
f 3023 3028 3021
f 3022 3029 3031
f 3022 3031 3024
f 3025 3032 3030
f 3025 3030 3023
f 3024 3031 2947
f 2948 3032 3025
f 3026 3033 3034
f 3026 3034 3027
f 3028 3035 3033
f 3028 3033 3026
f 3027 3034 3036
f 3027 3036 3029
f 3030 3037 3035
f 3030 3035 3028
f 3029 3036 3038
f 3029 3038 3031
f 3032 3039 3037
f 3032 3037 3030
f 3031 3038 2947
f 2948 3039 3032
f 3033 3040 3041
f 3033 3041 3034
f 3035 3042 3040
f 3035 3040 3033
f 3034 3041 3043
f 3034 3043 3036
f 3037 3044 3042
f 3037 3042 3035
f 3036 3043 3045
f 3036 3045 3038
f 3039 3046 3044
f 3039 3044 3037
f 3038 3045 2947
f 2948 3046 3039
f 3040 2933 2936
f 3040 2936 3041
f 3042 2937 2933
f 3042 2933 3040
f 3041 2936 2940
f 3041 2940 3043
f 3044 2941 2937
f 3044 2937 3042
f 3043 2940 2944
f 3043 2944 3045
f 3046 2945 2941
f 3046 2941 3044
f 3045 2944 2947
f 2948 2945 3046

v 7.169999999999994 -0.18999999999999984 6.389999999999994
v 7.169999999999994 -0.18999999999999984 6.669999999999994
v 7.169999999999994 -0.1299999999999999 6.669999999999994
v 7.169999999999994 -0.1299999999999999 6.389999999999994
v 7.329999999999994 -0.18999999999999984 6.389999999999994
v 7.329999999999994 -0.1299999999999999 6.389999999999994
v 7.329999999999994 -0.1299999999999999 6.669999999999994
v 7.329999999999994 -0.18999999999999984 6.669999999999994

usemtl black
f 3047 3048 3049
f 3047 3049 3050
f 3051 3052 3053
f 3051 3053 3054
f 3047 3051 3054
f 3047 3054 3048
f 3050 3049 3053
f 3050 3053 3052
f 3047 3050 3052
f 3047 3052 3051
f 3048 3054 3053
f 3048 3053 3049

v 7.31999940000002 -0.2200002000000006 6.479999400000017
v 7.314671000000019 -0.24678780000000067 6.479999400000017
v 7.309748600000019 -0.24474940000000064 6.453211800000017
v 7.314671000000019 -0.2200002000000006 6.453211800000017
v 7.314671000000019 -0.2200002000000006 6.506788400000017
v 7.309748600000019 -0.24474940000000064 6.506788400000017
v 7.29573040000002 -0.23894220000000063 6.430502400000017
v 7.29949780000002 -0.2200002000000006 6.430502400000017
v 7.29949780000002 -0.2200002000000006 6.5294978000000174
v 7.29573040000002 -0.23894220000000063 6.5294978000000174
v 7.274748600000019 -0.23025100000000062 6.415327800000017
v 7.27678840000002 -0.2200002000000006 6.415327800000017
v 7.27678840000002 -0.2200002000000006 6.544671000000018
v 7.274748600000019 -0.23025100000000062 6.544671000000018
v 7.24999940000002 -0.2200002000000006 6.409999400000017
v 7.24999940000002 -0.2200002000000006 6.549999400000018
v 7.29949780000002 -0.2694972000000007 6.479999400000017
v 7.29573040000002 -0.26572980000000074 6.453211800000017
v 7.29573040000002 -0.26572980000000074 6.506788400000017
v 7.28499940000002 -0.2550002000000007 6.430502400000017
v 7.28499940000002 -0.2550002000000007 6.5294978000000174
v 7.26894140000002 -0.23894220000000063 6.415327800000017
v 7.26894140000002 -0.23894220000000063 6.544671000000018
v 7.27678840000002 -0.28467180000000075 6.479999400000017
v 7.274748600000019 -0.27974940000000076 6.453211800000017
v 7.274748600000019 -0.27974940000000076 6.506788400000017
v 7.26894140000002 -0.26572980000000074 6.430502400000017
v 7.26894140000002 -0.26572980000000074 6.5294978000000174
v 7.26025160000002 -0.24474940000000064 6.415327800000017
v 7.26025160000002 -0.24474940000000064 6.544671000000018
v 7.24999940000002 -0.29000020000000076 6.479999400000017
v 7.24999940000002 -0.28467180000000075 6.453211800000017
v 7.24999940000002 -0.28467180000000075 6.506788400000017
v 7.24999940000002 -0.2694972000000007 6.430502400000017
v 7.24999940000002 -0.2694972000000007 6.5294978000000174
v 7.24999940000002 -0.24678780000000067 6.415327800000017
v 7.24999940000002 -0.24678780000000067 6.544671000000018
v 7.223211800000019 -0.28467180000000075 6.479999400000017
v 7.2252516000000195 -0.27974940000000076 6.453211800000017
v 7.2252516000000195 -0.27974940000000076 6.506788400000017
v 7.231058800000019 -0.26572980000000074 6.430502400000017
v 7.231058800000019 -0.26572980000000074 6.5294978000000174
v 7.239748600000019 -0.24474940000000064 6.415327800000017
v 7.239748600000019 -0.24474940000000064 6.544671000000018
v 7.200502400000019 -0.2694972000000007 6.479999400000017
v 7.204269800000019 -0.26572980000000074 6.453211800000017
v 7.204269800000019 -0.26572980000000074 6.506788400000017
v 7.2149994000000195 -0.2550002000000007 6.430502400000017
v 7.2149994000000195 -0.2550002000000007 6.5294978000000174
v 7.231058800000019 -0.23894220000000063 6.415327800000017
v 7.231058800000019 -0.23894220000000063 6.544671000000018
v 7.185327800000019 -0.24678780000000067 6.479999400000017
v 7.190251600000019 -0.24474940000000064 6.453211800000017
v 7.190251600000019 -0.24474940000000064 6.506788400000017
v 7.204269800000019 -0.23894220000000063 6.430502400000017
v 7.204269800000019 -0.23894220000000063 6.5294978000000174
v 7.2252516000000195 -0.23025100000000062 6.415327800000017
v 7.2252516000000195 -0.23025100000000062 6.544671000000018
v 7.179999400000019 -0.2200002000000006 6.479999400000017
v 7.185327800000019 -0.2200002000000006 6.453211800000017
v 7.185327800000019 -0.2200002000000006 6.506788400000017
v 7.200502400000019 -0.2200002000000006 6.430502400000017
v 7.200502400000019 -0.2200002000000006 6.5294978000000174
v 7.223211800000019 -0.2200002000000006 6.415327800000017
v 7.223211800000019 -0.2200002000000006 6.544671000000018
v 7.185327800000019 -0.1932126000000005 6.479999400000017
v 7.190251600000019 -0.19525100000000054 6.453211800000017
v 7.190251600000019 -0.19525100000000054 6.506788400000017
v 7.204269800000019 -0.20105820000000055 6.430502400000017
v 7.204269800000019 -0.20105820000000055 6.5294978000000174
v 7.2252516000000195 -0.20974940000000056 6.415327800000017
v 7.2252516000000195 -0.20974940000000056 6.544671000000018
v 7.200502400000019 -0.17050320000000047 6.479999400000017
v 7.204269800000019 -0.17427060000000047 6.453211800000017
v 7.204269800000019 -0.17427060000000047 6.506788400000017
v 7.2149994000000195 -0.1850002000000005 6.430502400000017
v 7.2149994000000195 -0.1850002000000005 6.5294978000000174
v 7.231058800000019 -0.20105820000000055 6.415327800000017
v 7.231058800000019 -0.20105820000000055 6.544671000000018
v 7.223211800000019 -0.15532860000000043 6.479999400000017
v 7.2252516000000195 -0.16025100000000042 6.453211800000017
v 7.2252516000000195 -0.16025100000000042 6.506788400000017
v 7.231058800000019 -0.17427060000000047 6.430502400000017
v 7.231058800000019 -0.17427060000000047 6.5294978000000174
v 7.239748600000019 -0.19525100000000054 6.415327800000017
v 7.239748600000019 -0.19525100000000054 6.544671000000018
v 7.24999940000002 -0.1500002000000004 6.479999400000017
v 7.24999940000002 -0.15532860000000043 6.453211800000017
v 7.24999940000002 -0.15532860000000043 6.506788400000017
v 7.24999940000002 -0.17050320000000047 6.430502400000017
v 7.24999940000002 -0.17050320000000047 6.5294978000000174
v 7.24999940000002 -0.1932126000000005 6.415327800000017
v 7.24999940000002 -0.1932126000000005 6.544671000000018
v 7.27678840000002 -0.15532860000000043 6.479999400000017
v 7.274748600000019 -0.16025100000000042 6.453211800000017
v 7.274748600000019 -0.16025100000000042 6.506788400000017
v 7.26894140000002 -0.17427060000000047 6.430502400000017
v 7.26894140000002 -0.17427060000000047 6.5294978000000174
v 7.26025160000002 -0.19525100000000054 6.415327800000017
v 7.26025160000002 -0.19525100000000054 6.544671000000018
v 7.29949780000002 -0.17050320000000047 6.479999400000017
v 7.29573040000002 -0.17427060000000047 6.453211800000017
v 7.29573040000002 -0.17427060000000047 6.506788400000017
v 7.28499940000002 -0.1850002000000005 6.430502400000017
v 7.28499940000002 -0.1850002000000005 6.5294978000000174
v 7.26894140000002 -0.20105820000000055 6.415327800000017
v 7.26894140000002 -0.20105820000000055 6.544671000000018
v 7.314671000000019 -0.1932126000000005 6.479999400000017
v 7.309748600000019 -0.19525100000000054 6.453211800000017
v 7.309748600000019 -0.19525100000000054 6.506788400000017
v 7.29573040000002 -0.20105820000000055 6.430502400000017
v 7.29573040000002 -0.20105820000000055 6.5294978000000174
v 7.274748600000019 -0.20974940000000056 6.415327800000017
v 7.274748600000019 -0.20974940000000056 6.544671000000018

usemtl sandybrown
f 3055 3056 3057
f 3055 3057 3058
f 3059 3060 3056
f 3059 3056 3055
f 3058 3057 3061
f 3058 3061 3062
f 3063 3064 3060
f 3063 3060 3059
f 3062 3061 3065
f 3062 3065 3066
f 3067 3068 3064
f 3067 3064 3063
f 3066 3065 3069
f 3070 3068 3067
f 3056 3071 3072
f 3056 3072 3057
f 3060 3073 3071
f 3060 3071 3056
f 3057 3072 3074
f 3057 3074 3061
f 3064 3075 3073
f 3064 3073 3060
f 3061 3074 3076
f 3061 3076 3065
f 3068 3077 3075
f 3068 3075 3064
f 3065 3076 3069
f 3070 3077 3068
f 3071 3078 3079
f 3071 3079 3072
f 3073 3080 3078
f 3073 3078 3071
f 3072 3079 3081
f 3072 3081 3074
f 3075 3082 3080
f 3075 3080 3073
f 3074 3081 3083
f 3074 3083 3076
f 3077 3084 3082
f 3077 3082 3075
f 3076 3083 3069
f 3070 3084 3077
f 3078 3085 3086
f 3078 3086 3079
f 3080 3087 3085
f 3080 3085 3078
f 3079 3086 3088
f 3079 3088 3081
f 3082 3089 3087
f 3082 3087 3080
f 3081 3088 3090
f 3081 3090 3083
f 3084 3091 3089
f 3084 3089 3082
f 3083 3090 3069
f 3070 3091 3084
f 3085 3092 3093
f 3085 3093 3086
f 3087 3094 3092
f 3087 3092 3085
f 3086 3093 3095
f 3086 3095 3088
f 3089 3096 3094
f 3089 3094 3087
f 3088 3095 3097
f 3088 3097 3090
f 3091 3098 3096
f 3091 3096 3089
f 3090 3097 3069
f 3070 3098 3091
f 3092 3099 3100
f 3092 3100 3093
f 3094 3101 3099
f 3094 3099 3092
f 3093 3100 3102
f 3093 3102 3095
f 3096 3103 3101
f 3096 3101 3094
f 3095 3102 3104
f 3095 3104 3097
f 3098 3105 3103
f 3098 3103 3096
f 3097 3104 3069
f 3070 3105 3098
f 3099 3106 3107
f 3099 3107 3100
f 3101 3108 3106
f 3101 3106 3099
f 3100 3107 3109
f 3100 3109 3102
f 3103 3110 3108
f 3103 3108 3101
f 3102 3109 3111
f 3102 3111 3104
f 3105 3112 3110
f 3105 3110 3103
f 3104 3111 3069
f 3070 3112 3105
f 3106 3113 3114
f 3106 3114 3107
f 3108 3115 3113
f 3108 3113 3106
f 3107 3114 3116
f 3107 3116 3109
f 3110 3117 3115
f 3110 3115 3108
f 3109 3116 3118
f 3109 3118 3111
f 3112 3119 3117
f 3112 3117 3110
f 3111 3118 3069
f 3070 3119 3112
f 3113 3120 3121
f 3113 3121 3114
f 3115 3122 3120
f 3115 3120 3113
f 3114 3121 3123
f 3114 3123 3116
f 3117 3124 3122
f 3117 3122 3115
f 3116 3123 3125
f 3116 3125 3118
f 3119 3126 3124
f 3119 3124 3117
f 3118 3125 3069
f 3070 3126 3119
f 3120 3127 3128
f 3120 3128 3121
f 3122 3129 3127
f 3122 3127 3120
f 3121 3128 3130
f 3121 3130 3123
f 3124 3131 3129
f 3124 3129 3122
f 3123 3130 3132
f 3123 3132 3125
f 3126 3133 3131
f 3126 3131 3124
f 3125 3132 3069
f 3070 3133 3126
f 3127 3134 3135
f 3127 3135 3128
f 3129 3136 3134
f 3129 3134 3127
f 3128 3135 3137
f 3128 3137 3130
f 3131 3138 3136
f 3131 3136 3129
f 3130 3137 3139
f 3130 3139 3132
f 3133 3140 3138
f 3133 3138 3131
f 3132 3139 3069
f 3070 3140 3133
f 3134 3141 3142
f 3134 3142 3135
f 3136 3143 3141
f 3136 3141 3134
f 3135 3142 3144
f 3135 3144 3137
f 3138 3145 3143
f 3138 3143 3136
f 3137 3144 3146
f 3137 3146 3139
f 3140 3147 3145
f 3140 3145 3138
f 3139 3146 3069
f 3070 3147 3140
f 3141 3148 3149
f 3141 3149 3142
f 3143 3150 3148
f 3143 3148 3141
f 3142 3149 3151
f 3142 3151 3144
f 3145 3152 3150
f 3145 3150 3143
f 3144 3151 3153
f 3144 3153 3146
f 3147 3154 3152
f 3147 3152 3145
f 3146 3153 3069
f 3070 3154 3147
f 3148 3155 3156
f 3148 3156 3149
f 3150 3157 3155
f 3150 3155 3148
f 3149 3156 3158
f 3149 3158 3151
f 3152 3159 3157
f 3152 3157 3150
f 3151 3158 3160
f 3151 3160 3153
f 3154 3161 3159
f 3154 3159 3152
f 3153 3160 3069
f 3070 3161 3154
f 3155 3162 3163
f 3155 3163 3156
f 3157 3164 3162
f 3157 3162 3155
f 3156 3163 3165
f 3156 3165 3158
f 3159 3166 3164
f 3159 3164 3157
f 3158 3165 3167
f 3158 3167 3160
f 3161 3168 3166
f 3161 3166 3159
f 3160 3167 3069
f 3070 3168 3161
f 3162 3055 3058
f 3162 3058 3163
f 3164 3059 3055
f 3164 3055 3162
f 3163 3058 3062
f 3163 3062 3165
f 3166 3063 3059
f 3166 3059 3164
f 3165 3062 3066
f 3165 3066 3167
f 3168 3067 3063
f 3168 3063 3166
f 3167 3066 3069
f 3070 3067 3168

v 9.269999999999992 -0.18999999999999984 6.389999999999994
v 9.269999999999992 -0.18999999999999984 6.669999999999994
v 9.269999999999992 -0.1299999999999999 6.669999999999994
v 9.269999999999992 -0.1299999999999999 6.389999999999994
v 9.42999999999999 -0.18999999999999984 6.389999999999994
v 9.42999999999999 -0.1299999999999999 6.389999999999994
v 9.42999999999999 -0.1299999999999999 6.669999999999994
v 9.42999999999999 -0.18999999999999984 6.669999999999994

usemtl black
f 3169 3170 3171
f 3169 3171 3172
f 3173 3174 3175
f 3173 3175 3176
f 3169 3173 3176
f 3169 3176 3170
f 3172 3171 3175
f 3172 3175 3174
f 3169 3172 3174
f 3169 3174 3173
f 3170 3176 3175
f 3170 3175 3171

v 9.419999400000025 -0.2200002000000006 6.479999400000017
v 9.414671000000025 -0.24678780000000067 6.479999400000017
v 9.409748600000025 -0.24474940000000064 6.453211800000017
v 9.414671000000025 -0.2200002000000006 6.453211800000017
v 9.414671000000025 -0.2200002000000006 6.506788400000017
v 9.409748600000025 -0.24474940000000064 6.506788400000017
v 9.395730400000025 -0.23894220000000063 6.430502400000017
v 9.399497800000026 -0.2200002000000006 6.430502400000017
v 9.399497800000026 -0.2200002000000006 6.5294978000000174
v 9.395730400000025 -0.23894220000000063 6.5294978000000174
v 9.374748600000025 -0.23025100000000062 6.415327800000017
v 9.376788400000025 -0.2200002000000006 6.415327800000017
v 9.376788400000025 -0.2200002000000006 6.544671000000018
v 9.374748600000025 -0.23025100000000062 6.544671000000018
v 9.349999400000025 -0.2200002000000006 6.409999400000017
v 9.349999400000025 -0.2200002000000006 6.549999400000018
v 9.399497800000026 -0.2694972000000007 6.479999400000017
v 9.395730400000025 -0.26572980000000074 6.453211800000017
v 9.395730400000025 -0.26572980000000074 6.506788400000017
v 9.384999400000025 -0.2550002000000007 6.430502400000017
v 9.384999400000025 -0.2550002000000007 6.5294978000000174
v 9.368941400000026 -0.23894220000000063 6.415327800000017
v 9.368941400000026 -0.23894220000000063 6.544671000000018
v 9.376788400000025 -0.28467180000000075 6.479999400000017
v 9.374748600000025 -0.27974940000000076 6.453211800000017
v 9.374748600000025 -0.27974940000000076 6.506788400000017
v 9.368941400000026 -0.26572980000000074 6.430502400000017
v 9.368941400000026 -0.26572980000000074 6.5294978000000174
v 9.360251600000025 -0.24474940000000064 6.415327800000017
v 9.360251600000025 -0.24474940000000064 6.544671000000018
v 9.349999400000025 -0.29000020000000076 6.479999400000017
v 9.349999400000025 -0.28467180000000075 6.453211800000017
v 9.349999400000025 -0.28467180000000075 6.506788400000017
v 9.349999400000025 -0.2694972000000007 6.430502400000017
v 9.349999400000025 -0.2694972000000007 6.5294978000000174
v 9.349999400000025 -0.24678780000000067 6.415327800000017
v 9.349999400000025 -0.24678780000000067 6.544671000000018
v 9.323211800000024 -0.28467180000000075 6.479999400000017
v 9.325251600000025 -0.27974940000000076 6.453211800000017
v 9.325251600000025 -0.27974940000000076 6.506788400000017
v 9.331058800000026 -0.26572980000000074 6.430502400000017
v 9.331058800000026 -0.26572980000000074 6.5294978000000174
v 9.339748600000025 -0.24474940000000064 6.415327800000017
v 9.339748600000025 -0.24474940000000064 6.544671000000018
v 9.300502400000024 -0.2694972000000007 6.479999400000017
v 9.304269800000025 -0.26572980000000074 6.453211800000017
v 9.304269800000025 -0.26572980000000074 6.506788400000017
v 9.314999400000024 -0.2550002000000007 6.430502400000017
v 9.314999400000024 -0.2550002000000007 6.5294978000000174
v 9.331058800000026 -0.23894220000000063 6.415327800000017
v 9.331058800000026 -0.23894220000000063 6.544671000000018
v 9.285327800000024 -0.24678780000000067 6.479999400000017
v 9.290251600000024 -0.24474940000000064 6.453211800000017
v 9.290251600000024 -0.24474940000000064 6.506788400000017
v 9.304269800000025 -0.23894220000000063 6.430502400000017
v 9.304269800000025 -0.23894220000000063 6.5294978000000174
v 9.325251600000025 -0.23025100000000062 6.415327800000017
v 9.325251600000025 -0.23025100000000062 6.544671000000018
v 9.279999400000024 -0.2200002000000006 6.479999400000017
v 9.285327800000024 -0.2200002000000006 6.453211800000017
v 9.285327800000024 -0.2200002000000006 6.506788400000017
v 9.300502400000024 -0.2200002000000006 6.430502400000017
v 9.300502400000024 -0.2200002000000006 6.5294978000000174
v 9.323211800000024 -0.2200002000000006 6.415327800000017
v 9.323211800000024 -0.2200002000000006 6.544671000000018
v 9.285327800000024 -0.1932126000000005 6.479999400000017
v 9.290251600000024 -0.19525100000000054 6.453211800000017
v 9.290251600000024 -0.19525100000000054 6.506788400000017
v 9.304269800000025 -0.20105820000000055 6.430502400000017
v 9.304269800000025 -0.20105820000000055 6.5294978000000174
v 9.325251600000025 -0.20974940000000056 6.415327800000017
v 9.325251600000025 -0.20974940000000056 6.544671000000018
v 9.300502400000024 -0.17050320000000047 6.479999400000017
v 9.304269800000025 -0.17427060000000047 6.453211800000017
v 9.304269800000025 -0.17427060000000047 6.506788400000017
v 9.314999400000024 -0.1850002000000005 6.430502400000017
v 9.314999400000024 -0.1850002000000005 6.5294978000000174
v 9.331058800000026 -0.20105820000000055 6.415327800000017
v 9.331058800000026 -0.20105820000000055 6.544671000000018
v 9.323211800000024 -0.15532860000000043 6.479999400000017
v 9.325251600000025 -0.16025100000000042 6.453211800000017
v 9.325251600000025 -0.16025100000000042 6.506788400000017
v 9.331058800000026 -0.17427060000000047 6.430502400000017
v 9.331058800000026 -0.17427060000000047 6.5294978000000174
v 9.339748600000025 -0.19525100000000054 6.415327800000017
v 9.339748600000025 -0.19525100000000054 6.544671000000018
v 9.349999400000025 -0.1500002000000004 6.479999400000017
v 9.349999400000025 -0.15532860000000043 6.453211800000017
v 9.349999400000025 -0.15532860000000043 6.506788400000017
v 9.349999400000025 -0.17050320000000047 6.430502400000017
v 9.349999400000025 -0.17050320000000047 6.5294978000000174
v 9.349999400000025 -0.1932126000000005 6.415327800000017
v 9.349999400000025 -0.1932126000000005 6.544671000000018
v 9.376788400000025 -0.15532860000000043 6.479999400000017
v 9.374748600000025 -0.16025100000000042 6.453211800000017
v 9.374748600000025 -0.16025100000000042 6.506788400000017
v 9.368941400000026 -0.17427060000000047 6.430502400000017
v 9.368941400000026 -0.17427060000000047 6.5294978000000174
v 9.360251600000025 -0.19525100000000054 6.415327800000017
v 9.360251600000025 -0.19525100000000054 6.544671000000018
v 9.399497800000026 -0.17050320000000047 6.479999400000017
v 9.395730400000025 -0.17427060000000047 6.453211800000017
v 9.395730400000025 -0.17427060000000047 6.506788400000017
v 9.384999400000025 -0.1850002000000005 6.430502400000017
v 9.384999400000025 -0.1850002000000005 6.5294978000000174
v 9.368941400000026 -0.20105820000000055 6.415327800000017
v 9.368941400000026 -0.20105820000000055 6.544671000000018
v 9.414671000000025 -0.1932126000000005 6.479999400000017
v 9.409748600000025 -0.19525100000000054 6.453211800000017
v 9.409748600000025 -0.19525100000000054 6.506788400000017
v 9.395730400000025 -0.20105820000000055 6.430502400000017
v 9.395730400000025 -0.20105820000000055 6.5294978000000174
v 9.374748600000025 -0.20974940000000056 6.415327800000017
v 9.374748600000025 -0.20974940000000056 6.544671000000018

usemtl sandybrown
f 3177 3178 3179
f 3177 3179 3180
f 3181 3182 3178
f 3181 3178 3177
f 3180 3179 3183
f 3180 3183 3184
f 3185 3186 3182
f 3185 3182 3181
f 3184 3183 3187
f 3184 3187 3188
f 3189 3190 3186
f 3189 3186 3185
f 3188 3187 3191
f 3192 3190 3189
f 3178 3193 3194
f 3178 3194 3179
f 3182 3195 3193
f 3182 3193 3178
f 3179 3194 3196
f 3179 3196 3183
f 3186 3197 3195
f 3186 3195 3182
f 3183 3196 3198
f 3183 3198 3187
f 3190 3199 3197
f 3190 3197 3186
f 3187 3198 3191
f 3192 3199 3190
f 3193 3200 3201
f 3193 3201 3194
f 3195 3202 3200
f 3195 3200 3193
f 3194 3201 3203
f 3194 3203 3196
f 3197 3204 3202
f 3197 3202 3195
f 3196 3203 3205
f 3196 3205 3198
f 3199 3206 3204
f 3199 3204 3197
f 3198 3205 3191
f 3192 3206 3199
f 3200 3207 3208
f 3200 3208 3201
f 3202 3209 3207
f 3202 3207 3200
f 3201 3208 3210
f 3201 3210 3203
f 3204 3211 3209
f 3204 3209 3202
f 3203 3210 3212
f 3203 3212 3205
f 3206 3213 3211
f 3206 3211 3204
f 3205 3212 3191
f 3192 3213 3206
f 3207 3214 3215
f 3207 3215 3208
f 3209 3216 3214
f 3209 3214 3207
f 3208 3215 3217
f 3208 3217 3210
f 3211 3218 3216
f 3211 3216 3209
f 3210 3217 3219
f 3210 3219 3212
f 3213 3220 3218
f 3213 3218 3211
f 3212 3219 3191
f 3192 3220 3213
f 3214 3221 3222
f 3214 3222 3215
f 3216 3223 3221
f 3216 3221 3214
f 3215 3222 3224
f 3215 3224 3217
f 3218 3225 3223
f 3218 3223 3216
f 3217 3224 3226
f 3217 3226 3219
f 3220 3227 3225
f 3220 3225 3218
f 3219 3226 3191
f 3192 3227 3220
f 3221 3228 3229
f 3221 3229 3222
f 3223 3230 3228
f 3223 3228 3221
f 3222 3229 3231
f 3222 3231 3224
f 3225 3232 3230
f 3225 3230 3223
f 3224 3231 3233
f 3224 3233 3226
f 3227 3234 3232
f 3227 3232 3225
f 3226 3233 3191
f 3192 3234 3227
f 3228 3235 3236
f 3228 3236 3229
f 3230 3237 3235
f 3230 3235 3228
f 3229 3236 3238
f 3229 3238 3231
f 3232 3239 3237
f 3232 3237 3230
f 3231 3238 3240
f 3231 3240 3233
f 3234 3241 3239
f 3234 3239 3232
f 3233 3240 3191
f 3192 3241 3234
f 3235 3242 3243
f 3235 3243 3236
f 3237 3244 3242
f 3237 3242 3235
f 3236 3243 3245
f 3236 3245 3238
f 3239 3246 3244
f 3239 3244 3237
f 3238 3245 3247
f 3238 3247 3240
f 3241 3248 3246
f 3241 3246 3239
f 3240 3247 3191
f 3192 3248 3241
f 3242 3249 3250
f 3242 3250 3243
f 3244 3251 3249
f 3244 3249 3242
f 3243 3250 3252
f 3243 3252 3245
f 3246 3253 3251
f 3246 3251 3244
f 3245 3252 3254
f 3245 3254 3247
f 3248 3255 3253
f 3248 3253 3246
f 3247 3254 3191
f 3192 3255 3248
f 3249 3256 3257
f 3249 3257 3250
f 3251 3258 3256
f 3251 3256 3249
f 3250 3257 3259
f 3250 3259 3252
f 3253 3260 3258
f 3253 3258 3251
f 3252 3259 3261
f 3252 3261 3254
f 3255 3262 3260
f 3255 3260 3253
f 3254 3261 3191
f 3192 3262 3255
f 3256 3263 3264
f 3256 3264 3257
f 3258 3265 3263
f 3258 3263 3256
f 3257 3264 3266
f 3257 3266 3259
f 3260 3267 3265
f 3260 3265 3258
f 3259 3266 3268
f 3259 3268 3261
f 3262 3269 3267
f 3262 3267 3260
f 3261 3268 3191
f 3192 3269 3262
f 3263 3270 3271
f 3263 3271 3264
f 3265 3272 3270
f 3265 3270 3263
f 3264 3271 3273
f 3264 3273 3266
f 3267 3274 3272
f 3267 3272 3265
f 3266 3273 3275
f 3266 3275 3268
f 3269 3276 3274
f 3269 3274 3267
f 3268 3275 3191
f 3192 3276 3269
f 3270 3277 3278
f 3270 3278 3271
f 3272 3279 3277
f 3272 3277 3270
f 3271 3278 3280
f 3271 3280 3273
f 3274 3281 3279
f 3274 3279 3272
f 3273 3280 3282
f 3273 3282 3275
f 3276 3283 3281
f 3276 3281 3274
f 3275 3282 3191
f 3192 3283 3276
f 3277 3284 3285
f 3277 3285 3278
f 3279 3286 3284
f 3279 3284 3277
f 3278 3285 3287
f 3278 3287 3280
f 3281 3288 3286
f 3281 3286 3279
f 3280 3287 3289
f 3280 3289 3282
f 3283 3290 3288
f 3283 3288 3281
f 3282 3289 3191
f 3192 3290 3283
f 3284 3177 3180
f 3284 3180 3285
f 3286 3181 3177
f 3286 3177 3284
f 3285 3180 3184
f 3285 3184 3287
f 3288 3185 3181
f 3288 3181 3286
f 3287 3184 3188
f 3287 3188 3289
f 3290 3189 3185
f 3290 3185 3288
f 3289 3188 3191
f 3192 3189 3290

v 12.469999999999988 -0.18999999999999984 6.389999999999994
v 12.469999999999988 -0.18999999999999984 6.669999999999994
v 12.469999999999988 -0.1299999999999999 6.669999999999994
v 12.469999999999988 -0.1299999999999999 6.389999999999994
v 12.629999999999988 -0.18999999999999984 6.389999999999994
v 12.629999999999988 -0.1299999999999999 6.389999999999994
v 12.629999999999988 -0.1299999999999999 6.669999999999994
v 12.629999999999988 -0.18999999999999984 6.669999999999994

usemtl black
f 3291 3292 3293
f 3291 3293 3294
f 3295 3296 3297
f 3295 3297 3298
f 3291 3295 3298
f 3291 3298 3292
f 3294 3293 3297
f 3294 3297 3296
f 3291 3294 3296
f 3291 3296 3295
f 3292 3298 3297
f 3292 3297 3293

v 12.620000400000034 -0.2200002000000006 6.479999400000017
v 12.614672000000034 -0.24678780000000067 6.479999400000017
v 12.609748200000034 -0.24474940000000064 6.453211800000017
v 12.614672000000034 -0.2200002000000006 6.453211800000017
v 12.614672000000034 -0.2200002000000006 6.506788400000017
v 12.609748200000034 -0.24474940000000064 6.506788400000017
v 12.595730000000033 -0.23894220000000063 6.430502400000017
v 12.599497400000034 -0.2200002000000006 6.430502400000017
v 12.599497400000034 -0.2200002000000006 6.5294978000000174
v 12.595730000000033 -0.23894220000000063 6.5294978000000174
v 12.574748200000034 -0.23025100000000062 6.415327800000017
v 12.576788000000034 -0.2200002000000006 6.415327800000017
v 12.576788000000034 -0.2200002000000006 6.544671000000018
v 12.574748200000034 -0.23025100000000062 6.544671000000018
v 12.550000400000034 -0.2200002000000006 6.409999400000017
v 12.550000400000034 -0.2200002000000006 6.549999400000018
v 12.599497400000034 -0.2694972000000007 6.479999400000017
v 12.595730000000033 -0.26572980000000074 6.453211800000017
v 12.595730000000033 -0.26572980000000074 6.506788400000017
v 12.585000400000034 -0.2550002000000007 6.430502400000017
v 12.585000400000034 -0.2550002000000007 6.5294978000000174
v 12.568942400000033 -0.23894220000000063 6.415327800000017
v 12.568942400000033 -0.23894220000000063 6.544671000000018
v 12.576788000000034 -0.28467180000000075 6.479999400000017
v 12.574748200000034 -0.27974940000000076 6.453211800000017
v 12.574748200000034 -0.27974940000000076 6.506788400000017
v 12.568942400000033 -0.26572980000000074 6.430502400000017
v 12.568942400000033 -0.26572980000000074 6.5294978000000174
v 12.560251200000033 -0.24474940000000064 6.415327800000017
v 12.560251200000033 -0.24474940000000064 6.544671000000018
v 12.550000400000034 -0.29000020000000076 6.479999400000017
v 12.550000400000034 -0.28467180000000075 6.453211800000017
v 12.550000400000034 -0.28467180000000075 6.506788400000017
v 12.550000400000034 -0.2694972000000007 6.430502400000017
v 12.550000400000034 -0.2694972000000007 6.5294978000000174
v 12.550000400000034 -0.24678780000000067 6.415327800000017
v 12.550000400000034 -0.24678780000000067 6.544671000000018
v 12.523212800000033 -0.28467180000000075 6.479999400000017
v 12.525251200000033 -0.27974940000000076 6.453211800000017
v 12.525251200000033 -0.27974940000000076 6.506788400000017
v 12.531058400000033 -0.26572980000000074 6.430502400000017
v 12.531058400000033 -0.26572980000000074 6.5294978000000174
v 12.539748200000034 -0.24474940000000064 6.415327800000017
v 12.539748200000034 -0.24474940000000064 6.544671000000018
v 12.500502000000033 -0.2694972000000007 6.479999400000017
v 12.504270800000034 -0.26572980000000074 6.453211800000017
v 12.504270800000034 -0.26572980000000074 6.506788400000017
v 12.515000400000034 -0.2550002000000007 6.430502400000017
v 12.515000400000034 -0.2550002000000007 6.5294978000000174
v 12.531058400000033 -0.23894220000000063 6.415327800000017
v 12.531058400000033 -0.23894220000000063 6.544671000000018
v 12.485328800000033 -0.24678780000000067 6.479999400000017
v 12.490251200000033 -0.24474940000000064 6.453211800000017
v 12.490251200000033 -0.24474940000000064 6.506788400000017
v 12.504270800000034 -0.23894220000000063 6.430502400000017
v 12.504270800000034 -0.23894220000000063 6.5294978000000174
v 12.525251200000033 -0.23025100000000062 6.415327800000017
v 12.525251200000033 -0.23025100000000062 6.544671000000018
v 12.480000400000034 -0.2200002000000006 6.479999400000017
v 12.485328800000033 -0.2200002000000006 6.453211800000017
v 12.485328800000033 -0.2200002000000006 6.506788400000017
v 12.500502000000033 -0.2200002000000006 6.430502400000017
v 12.500502000000033 -0.2200002000000006 6.5294978000000174
v 12.523212800000033 -0.2200002000000006 6.415327800000017
v 12.523212800000033 -0.2200002000000006 6.544671000000018
v 12.485328800000033 -0.1932126000000005 6.479999400000017
v 12.490251200000033 -0.19525100000000054 6.453211800000017
v 12.490251200000033 -0.19525100000000054 6.506788400000017
v 12.504270800000034 -0.20105820000000055 6.430502400000017
v 12.504270800000034 -0.20105820000000055 6.5294978000000174
v 12.525251200000033 -0.20974940000000056 6.415327800000017
v 12.525251200000033 -0.20974940000000056 6.544671000000018
v 12.500502000000033 -0.17050320000000047 6.479999400000017
v 12.504270800000034 -0.17427060000000047 6.453211800000017
v 12.504270800000034 -0.17427060000000047 6.506788400000017
v 12.515000400000034 -0.1850002000000005 6.430502400000017
v 12.515000400000034 -0.1850002000000005 6.5294978000000174
v 12.531058400000033 -0.20105820000000055 6.415327800000017
v 12.531058400000033 -0.20105820000000055 6.544671000000018
v 12.523212800000033 -0.15532860000000043 6.479999400000017
v 12.525251200000033 -0.16025100000000042 6.453211800000017
v 12.525251200000033 -0.16025100000000042 6.506788400000017
v 12.531058400000033 -0.17427060000000047 6.430502400000017
v 12.531058400000033 -0.17427060000000047 6.5294978000000174
v 12.539748200000034 -0.19525100000000054 6.415327800000017
v 12.539748200000034 -0.19525100000000054 6.544671000000018
v 12.550000400000034 -0.1500002000000004 6.479999400000017
v 12.550000400000034 -0.15532860000000043 6.453211800000017
v 12.550000400000034 -0.15532860000000043 6.506788400000017
v 12.550000400000034 -0.17050320000000047 6.430502400000017
v 12.550000400000034 -0.17050320000000047 6.5294978000000174
v 12.550000400000034 -0.1932126000000005 6.415327800000017
v 12.550000400000034 -0.1932126000000005 6.544671000000018
v 12.576788000000034 -0.15532860000000043 6.479999400000017
v 12.574748200000034 -0.16025100000000042 6.453211800000017
v 12.574748200000034 -0.16025100000000042 6.506788400000017
v 12.568942400000033 -0.17427060000000047 6.430502400000017
v 12.568942400000033 -0.17427060000000047 6.5294978000000174
v 12.560251200000033 -0.19525100000000054 6.415327800000017
v 12.560251200000033 -0.19525100000000054 6.544671000000018
v 12.599497400000034 -0.17050320000000047 6.479999400000017
v 12.595730000000033 -0.17427060000000047 6.453211800000017
v 12.595730000000033 -0.17427060000000047 6.506788400000017
v 12.585000400000034 -0.1850002000000005 6.430502400000017
v 12.585000400000034 -0.1850002000000005 6.5294978000000174
v 12.568942400000033 -0.20105820000000055 6.415327800000017
v 12.568942400000033 -0.20105820000000055 6.544671000000018
v 12.614672000000034 -0.1932126000000005 6.479999400000017
v 12.609748200000034 -0.19525100000000054 6.453211800000017
v 12.609748200000034 -0.19525100000000054 6.506788400000017
v 12.595730000000033 -0.20105820000000055 6.430502400000017
v 12.595730000000033 -0.20105820000000055 6.5294978000000174
v 12.574748200000034 -0.20974940000000056 6.415327800000017
v 12.574748200000034 -0.20974940000000056 6.544671000000018

usemtl sandybrown
f 3299 3300 3301
f 3299 3301 3302
f 3303 3304 3300
f 3303 3300 3299
f 3302 3301 3305
f 3302 3305 3306
f 3307 3308 3304
f 3307 3304 3303
f 3306 3305 3309
f 3306 3309 3310
f 3311 3312 3308
f 3311 3308 3307
f 3310 3309 3313
f 3314 3312 3311
f 3300 3315 3316
f 3300 3316 3301
f 3304 3317 3315
f 3304 3315 3300
f 3301 3316 3318
f 3301 3318 3305
f 3308 3319 3317
f 3308 3317 3304
f 3305 3318 3320
f 3305 3320 3309
f 3312 3321 3319
f 3312 3319 3308
f 3309 3320 3313
f 3314 3321 3312
f 3315 3322 3323
f 3315 3323 3316
f 3317 3324 3322
f 3317 3322 3315
f 3316 3323 3325
f 3316 3325 3318
f 3319 3326 3324
f 3319 3324 3317
f 3318 3325 3327
f 3318 3327 3320
f 3321 3328 3326
f 3321 3326 3319
f 3320 3327 3313
f 3314 3328 3321
f 3322 3329 3330
f 3322 3330 3323
f 3324 3331 3329
f 3324 3329 3322
f 3323 3330 3332
f 3323 3332 3325
f 3326 3333 3331
f 3326 3331 3324
f 3325 3332 3334
f 3325 3334 3327
f 3328 3335 3333
f 3328 3333 3326
f 3327 3334 3313
f 3314 3335 3328
f 3329 3336 3337
f 3329 3337 3330
f 3331 3338 3336
f 3331 3336 3329
f 3330 3337 3339
f 3330 3339 3332
f 3333 3340 3338
f 3333 3338 3331
f 3332 3339 3341
f 3332 3341 3334
f 3335 3342 3340
f 3335 3340 3333
f 3334 3341 3313
f 3314 3342 3335
f 3336 3343 3344
f 3336 3344 3337
f 3338 3345 3343
f 3338 3343 3336
f 3337 3344 3346
f 3337 3346 3339
f 3340 3347 3345
f 3340 3345 3338
f 3339 3346 3348
f 3339 3348 3341
f 3342 3349 3347
f 3342 3347 3340
f 3341 3348 3313
f 3314 3349 3342
f 3343 3350 3351
f 3343 3351 3344
f 3345 3352 3350
f 3345 3350 3343
f 3344 3351 3353
f 3344 3353 3346
f 3347 3354 3352
f 3347 3352 3345
f 3346 3353 3355
f 3346 3355 3348
f 3349 3356 3354
f 3349 3354 3347
f 3348 3355 3313
f 3314 3356 3349
f 3350 3357 3358
f 3350 3358 3351
f 3352 3359 3357
f 3352 3357 3350
f 3351 3358 3360
f 3351 3360 3353
f 3354 3361 3359
f 3354 3359 3352
f 3353 3360 3362
f 3353 3362 3355
f 3356 3363 3361
f 3356 3361 3354
f 3355 3362 3313
f 3314 3363 3356
f 3357 3364 3365
f 3357 3365 3358
f 3359 3366 3364
f 3359 3364 3357
f 3358 3365 3367
f 3358 3367 3360
f 3361 3368 3366
f 3361 3366 3359
f 3360 3367 3369
f 3360 3369 3362
f 3363 3370 3368
f 3363 3368 3361
f 3362 3369 3313
f 3314 3370 3363
f 3364 3371 3372
f 3364 3372 3365
f 3366 3373 3371
f 3366 3371 3364
f 3365 3372 3374
f 3365 3374 3367
f 3368 3375 3373
f 3368 3373 3366
f 3367 3374 3376
f 3367 3376 3369
f 3370 3377 3375
f 3370 3375 3368
f 3369 3376 3313
f 3314 3377 3370
f 3371 3378 3379
f 3371 3379 3372
f 3373 3380 3378
f 3373 3378 3371
f 3372 3379 3381
f 3372 3381 3374
f 3375 3382 3380
f 3375 3380 3373
f 3374 3381 3383
f 3374 3383 3376
f 3377 3384 3382
f 3377 3382 3375
f 3376 3383 3313
f 3314 3384 3377
f 3378 3385 3386
f 3378 3386 3379
f 3380 3387 3385
f 3380 3385 3378
f 3379 3386 3388
f 3379 3388 3381
f 3382 3389 3387
f 3382 3387 3380
f 3381 3388 3390
f 3381 3390 3383
f 3384 3391 3389
f 3384 3389 3382
f 3383 3390 3313
f 3314 3391 3384
f 3385 3392 3393
f 3385 3393 3386
f 3387 3394 3392
f 3387 3392 3385
f 3386 3393 3395
f 3386 3395 3388
f 3389 3396 3394
f 3389 3394 3387
f 3388 3395 3397
f 3388 3397 3390
f 3391 3398 3396
f 3391 3396 3389
f 3390 3397 3313
f 3314 3398 3391
f 3392 3399 3400
f 3392 3400 3393
f 3394 3401 3399
f 3394 3399 3392
f 3393 3400 3402
f 3393 3402 3395
f 3396 3403 3401
f 3396 3401 3394
f 3395 3402 3404
f 3395 3404 3397
f 3398 3405 3403
f 3398 3403 3396
f 3397 3404 3313
f 3314 3405 3398
f 3399 3406 3407
f 3399 3407 3400
f 3401 3408 3406
f 3401 3406 3399
f 3400 3407 3409
f 3400 3409 3402
f 3403 3410 3408
f 3403 3408 3401
f 3402 3409 3411
f 3402 3411 3404
f 3405 3412 3410
f 3405 3410 3403
f 3404 3411 3313
f 3314 3412 3405
f 3406 3299 3302
f 3406 3302 3407
f 3408 3303 3299
f 3408 3299 3406
f 3407 3302 3306
f 3407 3306 3409
f 3410 3307 3303
f 3410 3303 3408
f 3409 3306 3310
f 3409 3310 3411
f 3412 3311 3307
f 3412 3307 3410
f 3411 3310 3313
f 3314 3311 3412

v 2.0199999999999965 12.509999999999978 3.6899999999999937
v 2.0199999999999965 12.509999999999978 3.9699999999999935
v 2.0199999999999965 12.569999999999979 3.9699999999999935
v 2.0199999999999965 12.569999999999979 3.6899999999999937
v 2.1799999999999966 12.509999999999978 3.6899999999999937
v 2.1799999999999966 12.569999999999979 3.6899999999999937
v 2.1799999999999966 12.569999999999979 3.9699999999999935
v 2.1799999999999966 12.509999999999978 3.9699999999999935

usemtl black
f 3413 3414 3415
f 3413 3415 3416
f 3417 3418 3419
f 3417 3419 3420
f 3413 3417 3420
f 3413 3420 3414
f 3416 3415 3419
f 3416 3419 3418
f 3413 3416 3418
f 3413 3418 3417
f 3414 3420 3419
f 3414 3419 3415

v 2.17 12.6 3.78
v 2.1646715999999997 12.5732124 3.78
v 2.1597492 12.5752508 3.7532124
v 2.1646715999999997 12.6 3.7532124
v 2.1646715999999997 12.6 3.8067876
v 2.1597492 12.5752508 3.8067876
v 2.1457295999999997 12.581057999999999 3.7305029999999997
v 2.1494969999999998 12.6 3.7305029999999997
v 2.1494969999999998 12.6 3.829497
v 2.1457295999999997 12.581057999999999 3.829497
v 2.1247492 12.5897492 3.7153283999999998
v 2.1267876 12.6 3.7153283999999998
v 2.1267876 12.6 3.8446716
v 2.1247492 12.5897492 3.8446716
v 2.1 12.6 3.71
v 2.1 12.6 3.8499999999999996
v 2.1494969999999998 12.550502999999999 3.78
v 2.1457295999999997 12.5542704 3.7532124
v 2.1457295999999997 12.5542704 3.8067876
v 2.135 12.565 3.7305029999999997
v 2.135 12.565 3.829497
v 2.118942 12.581057999999999 3.7153283999999998
v 2.118942 12.581057999999999 3.8446716
v 2.1267876 12.5353284 3.78
v 2.1247492 12.540250799999999 3.7532124
v 2.1247492 12.540250799999999 3.8067876
v 2.118942 12.5542704 3.7305029999999997
v 2.118942 12.5542704 3.829497
v 2.1102507999999998 12.5752508 3.7153283999999998
v 2.1102507999999998 12.5752508 3.8446716
v 2.1 12.53 3.78
v 2.1 12.5353284 3.7532124
v 2.1 12.5353284 3.8067876
v 2.1 12.550502999999999 3.7305029999999997
v 2.1 12.550502999999999 3.829497
v 2.1 12.5732124 3.7153283999999998
v 2.1 12.5732124 3.8446716
v 2.0732124 12.5353284 3.78
v 2.0752508 12.540250799999999 3.7532124
v 2.0752508 12.540250799999999 3.8067876
v 2.081058 12.5542704 3.7305029999999997
v 2.081058 12.5542704 3.829497
v 2.0897492 12.5752508 3.7153283999999998
v 2.0897492 12.5752508 3.8446716
v 2.050503 12.550502999999999 3.78
v 2.0542704 12.5542704 3.7532124
v 2.0542704 12.5542704 3.8067876
v 2.065 12.565 3.7305029999999997
v 2.065 12.565 3.829497
v 2.081058 12.581057999999999 3.7153283999999998
v 2.081058 12.581057999999999 3.8446716
v 2.0353284 12.5732124 3.78
v 2.0402508 12.5752508 3.7532124
v 2.0402508 12.5752508 3.8067876
v 2.0542704 12.581057999999999 3.7305029999999997
v 2.0542704 12.581057999999999 3.829497
v 2.0752508 12.5897492 3.7153283999999998
v 2.0752508 12.5897492 3.8446716
v 2.03 12.6 3.78
v 2.0353284 12.6 3.7532124
v 2.0353284 12.6 3.8067876
v 2.050503 12.6 3.7305029999999997
v 2.050503 12.6 3.829497
v 2.0732124 12.6 3.7153283999999998
v 2.0732124 12.6 3.8446716
v 2.0353284 12.6267876 3.78
v 2.0402508 12.6247492 3.7532124
v 2.0402508 12.6247492 3.8067876
v 2.0542704 12.618941999999999 3.7305029999999997
v 2.0542704 12.618941999999999 3.829497
v 2.0752508 12.6102508 3.7153283999999998
v 2.0752508 12.6102508 3.8446716
v 2.050503 12.649497 3.78
v 2.0542704 12.6457296 3.7532124
v 2.0542704 12.6457296 3.8067876
v 2.065 12.635 3.7305029999999997
v 2.065 12.635 3.829497
v 2.081058 12.618941999999999 3.7153283999999998
v 2.081058 12.618941999999999 3.8446716
v 2.0732124 12.6646716 3.78
v 2.0752508 12.6597492 3.7532124
v 2.0752508 12.6597492 3.8067876
v 2.081058 12.6457296 3.7305029999999997
v 2.081058 12.6457296 3.829497
v 2.0897492 12.6247492 3.7153283999999998
v 2.0897492 12.6247492 3.8446716
v 2.1 12.67 3.78
v 2.1 12.6646716 3.7532124
v 2.1 12.6646716 3.8067876
v 2.1 12.649497 3.7305029999999997
v 2.1 12.649497 3.829497
v 2.1 12.6267876 3.7153283999999998
v 2.1 12.6267876 3.8446716
v 2.1267876 12.6646716 3.78
v 2.1247492 12.6597492 3.7532124
v 2.1247492 12.6597492 3.8067876
v 2.118942 12.6457296 3.7305029999999997
v 2.118942 12.6457296 3.829497
v 2.1102507999999998 12.6247492 3.7153283999999998
v 2.1102507999999998 12.6247492 3.8446716
v 2.1494969999999998 12.649497 3.78
v 2.1457295999999997 12.6457296 3.7532124
v 2.1457295999999997 12.6457296 3.8067876
v 2.135 12.635 3.7305029999999997
v 2.135 12.635 3.829497
v 2.118942 12.618941999999999 3.7153283999999998
v 2.118942 12.618941999999999 3.8446716
v 2.1646715999999997 12.6267876 3.78
v 2.1597492 12.6247492 3.7532124
v 2.1597492 12.6247492 3.8067876
v 2.1457295999999997 12.618941999999999 3.7305029999999997
v 2.1457295999999997 12.618941999999999 3.829497
v 2.1247492 12.6102508 3.7153283999999998
v 2.1247492 12.6102508 3.8446716

usemtl sandybrown
f 3421 3422 3423
f 3421 3423 3424
f 3425 3426 3422
f 3425 3422 3421
f 3424 3423 3427
f 3424 3427 3428
f 3429 3430 3426
f 3429 3426 3425
f 3428 3427 3431
f 3428 3431 3432
f 3433 3434 3430
f 3433 3430 3429
f 3432 3431 3435
f 3436 3434 3433
f 3422 3437 3438
f 3422 3438 3423
f 3426 3439 3437
f 3426 3437 3422
f 3423 3438 3440
f 3423 3440 3427
f 3430 3441 3439
f 3430 3439 3426
f 3427 3440 3442
f 3427 3442 3431
f 3434 3443 3441
f 3434 3441 3430
f 3431 3442 3435
f 3436 3443 3434
f 3437 3444 3445
f 3437 3445 3438
f 3439 3446 3444
f 3439 3444 3437
f 3438 3445 3447
f 3438 3447 3440
f 3441 3448 3446
f 3441 3446 3439
f 3440 3447 3449
f 3440 3449 3442
f 3443 3450 3448
f 3443 3448 3441
f 3442 3449 3435
f 3436 3450 3443
f 3444 3451 3452
f 3444 3452 3445
f 3446 3453 3451
f 3446 3451 3444
f 3445 3452 3454
f 3445 3454 3447
f 3448 3455 3453
f 3448 3453 3446
f 3447 3454 3456
f 3447 3456 3449
f 3450 3457 3455
f 3450 3455 3448
f 3449 3456 3435
f 3436 3457 3450
f 3451 3458 3459
f 3451 3459 3452
f 3453 3460 3458
f 3453 3458 3451
f 3452 3459 3461
f 3452 3461 3454
f 3455 3462 3460
f 3455 3460 3453
f 3454 3461 3463
f 3454 3463 3456
f 3457 3464 3462
f 3457 3462 3455
f 3456 3463 3435
f 3436 3464 3457
f 3458 3465 3466
f 3458 3466 3459
f 3460 3467 3465
f 3460 3465 3458
f 3459 3466 3468
f 3459 3468 3461
f 3462 3469 3467
f 3462 3467 3460
f 3461 3468 3470
f 3461 3470 3463
f 3464 3471 3469
f 3464 3469 3462
f 3463 3470 3435
f 3436 3471 3464
f 3465 3472 3473
f 3465 3473 3466
f 3467 3474 3472
f 3467 3472 3465
f 3466 3473 3475
f 3466 3475 3468
f 3469 3476 3474
f 3469 3474 3467
f 3468 3475 3477
f 3468 3477 3470
f 3471 3478 3476
f 3471 3476 3469
f 3470 3477 3435
f 3436 3478 3471
f 3472 3479 3480
f 3472 3480 3473
f 3474 3481 3479
f 3474 3479 3472
f 3473 3480 3482
f 3473 3482 3475
f 3476 3483 3481
f 3476 3481 3474
f 3475 3482 3484
f 3475 3484 3477
f 3478 3485 3483
f 3478 3483 3476
f 3477 3484 3435
f 3436 3485 3478
f 3479 3486 3487
f 3479 3487 3480
f 3481 3488 3486
f 3481 3486 3479
f 3480 3487 3489
f 3480 3489 3482
f 3483 3490 3488
f 3483 3488 3481
f 3482 3489 3491
f 3482 3491 3484
f 3485 3492 3490
f 3485 3490 3483
f 3484 3491 3435
f 3436 3492 3485
f 3486 3493 3494
f 3486 3494 3487
f 3488 3495 3493
f 3488 3493 3486
f 3487 3494 3496
f 3487 3496 3489
f 3490 3497 3495
f 3490 3495 3488
f 3489 3496 3498
f 3489 3498 3491
f 3492 3499 3497
f 3492 3497 3490
f 3491 3498 3435
f 3436 3499 3492
f 3493 3500 3501
f 3493 3501 3494
f 3495 3502 3500
f 3495 3500 3493
f 3494 3501 3503
f 3494 3503 3496
f 3497 3504 3502
f 3497 3502 3495
f 3496 3503 3505
f 3496 3505 3498
f 3499 3506 3504
f 3499 3504 3497
f 3498 3505 3435
f 3436 3506 3499
f 3500 3507 3508
f 3500 3508 3501
f 3502 3509 3507
f 3502 3507 3500
f 3501 3508 3510
f 3501 3510 3503
f 3504 3511 3509
f 3504 3509 3502
f 3503 3510 3512
f 3503 3512 3505
f 3506 3513 3511
f 3506 3511 3504
f 3505 3512 3435
f 3436 3513 3506
f 3507 3514 3515
f 3507 3515 3508
f 3509 3516 3514
f 3509 3514 3507
f 3508 3515 3517
f 3508 3517 3510
f 3511 3518 3516
f 3511 3516 3509
f 3510 3517 3519
f 3510 3519 3512
f 3513 3520 3518
f 3513 3518 3511
f 3512 3519 3435
f 3436 3520 3513
f 3514 3521 3522
f 3514 3522 3515
f 3516 3523 3521
f 3516 3521 3514
f 3515 3522 3524
f 3515 3524 3517
f 3518 3525 3523
f 3518 3523 3516
f 3517 3524 3526
f 3517 3526 3519
f 3520 3527 3525
f 3520 3525 3518
f 3519 3526 3435
f 3436 3527 3520
f 3521 3528 3529
f 3521 3529 3522
f 3523 3530 3528
f 3523 3528 3521
f 3522 3529 3531
f 3522 3531 3524
f 3525 3532 3530
f 3525 3530 3523
f 3524 3531 3533
f 3524 3533 3526
f 3527 3534 3532
f 3527 3532 3525
f 3526 3533 3435
f 3436 3534 3527
f 3528 3421 3424
f 3528 3424 3529
f 3530 3425 3421
f 3530 3421 3528
f 3529 3424 3428
f 3529 3428 3531
f 3532 3429 3425
f 3532 3425 3530
f 3531 3428 3432
f 3531 3432 3533
f 3534 3433 3429
f 3534 3429 3532
f 3533 3432 3435
f 3436 3433 3534

v 5.719999999999991 12.509999999999978 3.6899999999999937
v 5.719999999999991 12.509999999999978 3.9699999999999935
v 5.719999999999991 12.569999999999979 3.9699999999999935
v 5.719999999999991 12.569999999999979 3.6899999999999937
v 5.87999999999999 12.509999999999978 3.6899999999999937
v 5.87999999999999 12.569999999999979 3.6899999999999937
v 5.87999999999999 12.569999999999979 3.9699999999999935
v 5.87999999999999 12.509999999999978 3.9699999999999935

usemtl black
f 3535 3536 3537
f 3535 3537 3538
f 3539 3540 3541
f 3539 3541 3542
f 3535 3539 3542
f 3535 3542 3536
f 3538 3537 3541
f 3538 3541 3540
f 3535 3538 3540
f 3535 3540 3539
f 3536 3542 3541
f 3536 3541 3537

v 5.869999800000012 12.600000000000026 3.780000000000008
v 5.864671400000012 12.573212400000026 3.780000000000008
v 5.859749000000012 12.575250800000026 3.7532124000000078
v 5.864671400000012 12.600000000000026 3.7532124000000078
v 5.864671400000012 12.600000000000026 3.806787600000008
v 5.859749000000012 12.575250800000026 3.806787600000008
v 5.845729400000012 12.581058000000025 3.7305030000000077
v 5.849496800000012 12.600000000000026 3.7305030000000077
v 5.849496800000012 12.600000000000026 3.829497000000008
v 5.845729400000012 12.581058000000025 3.829497000000008
v 5.824749000000012 12.589749200000027 3.7153284000000077
v 5.826787400000012 12.600000000000026 3.7153284000000077
v 5.826787400000012 12.600000000000026 3.844671600000008
v 5.824749000000012 12.589749200000027 3.844671600000008
v 5.799999800000012 12.600000000000026 3.7100000000000075
v 5.799999800000012 12.600000000000026 3.850000000000008
v 5.849496800000012 12.550503000000026 3.780000000000008
v 5.845729400000012 12.554270400000027 3.7532124000000078
v 5.845729400000012 12.554270400000027 3.806787600000008
v 5.834999800000012 12.565000000000026 3.7305030000000077
v 5.834999800000012 12.565000000000026 3.829497000000008
v 5.818941800000012 12.581058000000025 3.7153284000000077
v 5.818941800000012 12.581058000000025 3.844671600000008
v 5.826787400000012 12.535328400000026 3.780000000000008
v 5.824749000000012 12.540250800000026 3.7532124000000078
v 5.824749000000012 12.540250800000026 3.806787600000008
v 5.818941800000012 12.554270400000027 3.7305030000000077
v 5.818941800000012 12.554270400000027 3.829497000000008
v 5.810250600000012 12.575250800000026 3.7153284000000077
v 5.810250600000012 12.575250800000026 3.844671600000008
v 5.799999800000012 12.530000000000026 3.780000000000008
v 5.799999800000012 12.535328400000026 3.7532124000000078
v 5.799999800000012 12.535328400000026 3.806787600000008
v 5.799999800000012 12.550503000000026 3.7305030000000077
v 5.799999800000012 12.550503000000026 3.829497000000008
v 5.799999800000012 12.573212400000026 3.7153284000000077
v 5.799999800000012 12.573212400000026 3.844671600000008
v 5.773212200000012 12.535328400000026 3.780000000000008
v 5.775250600000012 12.540250800000026 3.7532124000000078
v 5.775250600000012 12.540250800000026 3.806787600000008
v 5.781057800000012 12.554270400000027 3.7305030000000077
v 5.781057800000012 12.554270400000027 3.829497000000008
v 5.789749000000012 12.575250800000026 3.7153284000000077
v 5.789749000000012 12.575250800000026 3.844671600000008
v 5.750502800000012 12.550503000000026 3.780000000000008
v 5.754270200000012 12.554270400000027 3.7532124000000078
v 5.754270200000012 12.554270400000027 3.806787600000008
v 5.7649998000000116 12.565000000000026 3.7305030000000077
v 5.7649998000000116 12.565000000000026 3.829497000000008
v 5.781057800000012 12.581058000000025 3.7153284000000077
v 5.781057800000012 12.581058000000025 3.844671600000008
v 5.735328200000012 12.573212400000026 3.780000000000008
v 5.740250600000012 12.575250800000026 3.7532124000000078
v 5.740250600000012 12.575250800000026 3.806787600000008
v 5.754270200000012 12.581058000000025 3.7305030000000077
v 5.754270200000012 12.581058000000025 3.829497000000008
v 5.775250600000012 12.589749200000027 3.7153284000000077
v 5.775250600000012 12.589749200000027 3.844671600000008
v 5.729999800000012 12.600000000000026 3.780000000000008
v 5.735328200000012 12.600000000000026 3.7532124000000078
v 5.735328200000012 12.600000000000026 3.806787600000008
v 5.750502800000012 12.600000000000026 3.7305030000000077
v 5.750502800000012 12.600000000000026 3.829497000000008
v 5.773212200000012 12.600000000000026 3.7153284000000077
v 5.773212200000012 12.600000000000026 3.844671600000008
v 5.735328200000012 12.626787600000027 3.780000000000008
v 5.740250600000012 12.624749200000027 3.7532124000000078
v 5.740250600000012 12.624749200000027 3.806787600000008
v 5.754270200000012 12.618942000000025 3.7305030000000077
v 5.754270200000012 12.618942000000025 3.829497000000008
v 5.775250600000012 12.610250800000026 3.7153284000000077
v 5.775250600000012 12.610250800000026 3.844671600000008
v 5.750502800000012 12.649497000000027 3.780000000000008
v 5.754270200000012 12.645729600000026 3.7532124000000078
v 5.754270200000012 12.645729600000026 3.806787600000008
v 5.7649998000000116 12.635000000000026 3.7305030000000077
v 5.7649998000000116 12.635000000000026 3.829497000000008
v 5.781057800000012 12.618942000000025 3.7153284000000077
v 5.781057800000012 12.618942000000025 3.844671600000008
v 5.773212200000012 12.664671600000027 3.780000000000008
v 5.775250600000012 12.659749200000027 3.7532124000000078
v 5.775250600000012 12.659749200000027 3.806787600000008
v 5.781057800000012 12.645729600000026 3.7305030000000077
v 5.781057800000012 12.645729600000026 3.829497000000008
v 5.789749000000012 12.624749200000027 3.7153284000000077
v 5.789749000000012 12.624749200000027 3.844671600000008
v 5.799999800000012 12.670000000000027 3.780000000000008
v 5.799999800000012 12.664671600000027 3.7532124000000078
v 5.799999800000012 12.664671600000027 3.806787600000008
v 5.799999800000012 12.649497000000027 3.7305030000000077
v 5.799999800000012 12.649497000000027 3.829497000000008
v 5.799999800000012 12.626787600000027 3.7153284000000077
v 5.799999800000012 12.626787600000027 3.844671600000008
v 5.826787400000012 12.664671600000027 3.780000000000008
v 5.824749000000012 12.659749200000027 3.7532124000000078
v 5.824749000000012 12.659749200000027 3.806787600000008
v 5.818941800000012 12.645729600000026 3.7305030000000077
v 5.818941800000012 12.645729600000026 3.829497000000008
v 5.810250600000012 12.624749200000027 3.7153284000000077
v 5.810250600000012 12.624749200000027 3.844671600000008
v 5.849496800000012 12.649497000000027 3.780000000000008
v 5.845729400000012 12.645729600000026 3.7532124000000078
v 5.845729400000012 12.645729600000026 3.806787600000008
v 5.834999800000012 12.635000000000026 3.7305030000000077
v 5.834999800000012 12.635000000000026 3.829497000000008
v 5.818941800000012 12.618942000000025 3.7153284000000077
v 5.818941800000012 12.618942000000025 3.844671600000008
v 5.864671400000012 12.626787600000027 3.780000000000008
v 5.859749000000012 12.624749200000027 3.7532124000000078
v 5.859749000000012 12.624749200000027 3.806787600000008
v 5.845729400000012 12.618942000000025 3.7305030000000077
v 5.845729400000012 12.618942000000025 3.829497000000008
v 5.824749000000012 12.610250800000026 3.7153284000000077
v 5.824749000000012 12.610250800000026 3.844671600000008

usemtl sandybrown
f 3543 3544 3545
f 3543 3545 3546
f 3547 3548 3544
f 3547 3544 3543
f 3546 3545 3549
f 3546 3549 3550
f 3551 3552 3548
f 3551 3548 3547
f 3550 3549 3553
f 3550 3553 3554
f 3555 3556 3552
f 3555 3552 3551
f 3554 3553 3557
f 3558 3556 3555
f 3544 3559 3560
f 3544 3560 3545
f 3548 3561 3559
f 3548 3559 3544
f 3545 3560 3562
f 3545 3562 3549
f 3552 3563 3561
f 3552 3561 3548
f 3549 3562 3564
f 3549 3564 3553
f 3556 3565 3563
f 3556 3563 3552
f 3553 3564 3557
f 3558 3565 3556
f 3559 3566 3567
f 3559 3567 3560
f 3561 3568 3566
f 3561 3566 3559
f 3560 3567 3569
f 3560 3569 3562
f 3563 3570 3568
f 3563 3568 3561
f 3562 3569 3571
f 3562 3571 3564
f 3565 3572 3570
f 3565 3570 3563
f 3564 3571 3557
f 3558 3572 3565
f 3566 3573 3574
f 3566 3574 3567
f 3568 3575 3573
f 3568 3573 3566
f 3567 3574 3576
f 3567 3576 3569
f 3570 3577 3575
f 3570 3575 3568
f 3569 3576 3578
f 3569 3578 3571
f 3572 3579 3577
f 3572 3577 3570
f 3571 3578 3557
f 3558 3579 3572
f 3573 3580 3581
f 3573 3581 3574
f 3575 3582 3580
f 3575 3580 3573
f 3574 3581 3583
f 3574 3583 3576
f 3577 3584 3582
f 3577 3582 3575
f 3576 3583 3585
f 3576 3585 3578
f 3579 3586 3584
f 3579 3584 3577
f 3578 3585 3557
f 3558 3586 3579
f 3580 3587 3588
f 3580 3588 3581
f 3582 3589 3587
f 3582 3587 3580
f 3581 3588 3590
f 3581 3590 3583
f 3584 3591 3589
f 3584 3589 3582
f 3583 3590 3592
f 3583 3592 3585
f 3586 3593 3591
f 3586 3591 3584
f 3585 3592 3557
f 3558 3593 3586
f 3587 3594 3595
f 3587 3595 3588
f 3589 3596 3594
f 3589 3594 3587
f 3588 3595 3597
f 3588 3597 3590
f 3591 3598 3596
f 3591 3596 3589
f 3590 3597 3599
f 3590 3599 3592
f 3593 3600 3598
f 3593 3598 3591
f 3592 3599 3557
f 3558 3600 3593
f 3594 3601 3602
f 3594 3602 3595
f 3596 3603 3601
f 3596 3601 3594
f 3595 3602 3604
f 3595 3604 3597
f 3598 3605 3603
f 3598 3603 3596
f 3597 3604 3606
f 3597 3606 3599
f 3600 3607 3605
f 3600 3605 3598
f 3599 3606 3557
f 3558 3607 3600
f 3601 3608 3609
f 3601 3609 3602
f 3603 3610 3608
f 3603 3608 3601
f 3602 3609 3611
f 3602 3611 3604
f 3605 3612 3610
f 3605 3610 3603
f 3604 3611 3613
f 3604 3613 3606
f 3607 3614 3612
f 3607 3612 3605
f 3606 3613 3557
f 3558 3614 3607
f 3608 3615 3616
f 3608 3616 3609
f 3610 3617 3615
f 3610 3615 3608
f 3609 3616 3618
f 3609 3618 3611
f 3612 3619 3617
f 3612 3617 3610
f 3611 3618 3620
f 3611 3620 3613
f 3614 3621 3619
f 3614 3619 3612
f 3613 3620 3557
f 3558 3621 3614
f 3615 3622 3623
f 3615 3623 3616
f 3617 3624 3622
f 3617 3622 3615
f 3616 3623 3625
f 3616 3625 3618
f 3619 3626 3624
f 3619 3624 3617
f 3618 3625 3627
f 3618 3627 3620
f 3621 3628 3626
f 3621 3626 3619
f 3620 3627 3557
f 3558 3628 3621
f 3622 3629 3630
f 3622 3630 3623
f 3624 3631 3629
f 3624 3629 3622
f 3623 3630 3632
f 3623 3632 3625
f 3626 3633 3631
f 3626 3631 3624
f 3625 3632 3634
f 3625 3634 3627
f 3628 3635 3633
f 3628 3633 3626
f 3627 3634 3557
f 3558 3635 3628
f 3629 3636 3637
f 3629 3637 3630
f 3631 3638 3636
f 3631 3636 3629
f 3630 3637 3639
f 3630 3639 3632
f 3633 3640 3638
f 3633 3638 3631
f 3632 3639 3641
f 3632 3641 3634
f 3635 3642 3640
f 3635 3640 3633
f 3634 3641 3557
f 3558 3642 3635
f 3636 3643 3644
f 3636 3644 3637
f 3638 3645 3643
f 3638 3643 3636
f 3637 3644 3646
f 3637 3646 3639
f 3640 3647 3645
f 3640 3645 3638
f 3639 3646 3648
f 3639 3648 3641
f 3642 3649 3647
f 3642 3647 3640
f 3641 3648 3557
f 3558 3649 3642
f 3643 3650 3651
f 3643 3651 3644
f 3645 3652 3650
f 3645 3650 3643
f 3644 3651 3653
f 3644 3653 3646
f 3647 3654 3652
f 3647 3652 3645
f 3646 3653 3655
f 3646 3655 3648
f 3649 3656 3654
f 3649 3654 3647
f 3648 3655 3557
f 3558 3656 3649
f 3650 3543 3546
f 3650 3546 3651
f 3652 3547 3543
f 3652 3543 3650
f 3651 3546 3550
f 3651 3550 3653
f 3654 3551 3547
f 3654 3547 3652
f 3653 3550 3554
f 3653 3554 3655
f 3656 3555 3551
f 3656 3551 3654
f 3655 3554 3557
f 3558 3555 3656

v 10.119999999999983 12.509999999999978 3.6899999999999937
v 10.119999999999983 12.509999999999978 3.9699999999999935
v 10.119999999999983 12.569999999999979 3.9699999999999935
v 10.119999999999983 12.569999999999979 3.6899999999999937
v 10.279999999999983 12.509999999999978 3.6899999999999937
v 10.279999999999983 12.569999999999979 3.6899999999999937
v 10.279999999999983 12.569999999999979 3.9699999999999935
v 10.279999999999983 12.509999999999978 3.9699999999999935

usemtl black
f 3657 3658 3659
f 3657 3659 3660
f 3661 3662 3663
f 3661 3663 3664
f 3657 3661 3664
f 3657 3664 3658
f 3660 3659 3663
f 3660 3663 3662
f 3657 3660 3662
f 3657 3662 3661
f 3658 3664 3663
f 3658 3663 3659

v 10.269999600000022 12.600000000000026 3.780000000000008
v 10.264671200000022 12.573212400000026 3.780000000000008
v 10.259748800000022 12.575250800000026 3.7532124000000078
v 10.264671200000022 12.600000000000026 3.7532124000000078
v 10.264671200000022 12.600000000000026 3.806787600000008
v 10.259748800000022 12.575250800000026 3.806787600000008
v 10.24572920000002 12.581058000000025 3.7305030000000077
v 10.24949800000002 12.600000000000026 3.7305030000000077
v 10.24949800000002 12.600000000000026 3.829497000000008
v 10.24572920000002 12.581058000000025 3.829497000000008
v 10.224748800000022 12.589749200000027 3.7153284000000077
v 10.226787200000022 12.600000000000026 3.7153284000000077
v 10.226787200000022 12.600000000000026 3.844671600000008
v 10.224748800000022 12.589749200000027 3.844671600000008
v 10.199999600000021 12.600000000000026 3.7100000000000075
v 10.199999600000021 12.600000000000026 3.850000000000008
v 10.24949800000002 12.550503000000026 3.780000000000008
v 10.24572920000002 12.554270400000027 3.7532124000000078
v 10.24572920000002 12.554270400000027 3.806787600000008
v 10.234999600000021 12.565000000000026 3.7305030000000077
v 10.234999600000021 12.565000000000026 3.829497000000008
v 10.21894160000002 12.581058000000025 3.7153284000000077
v 10.21894160000002 12.581058000000025 3.844671600000008
v 10.226787200000022 12.535328400000026 3.780000000000008
v 10.224748800000022 12.540250800000026 3.7532124000000078
v 10.224748800000022 12.540250800000026 3.806787600000008
v 10.21894160000002 12.554270400000027 3.7305030000000077
v 10.21894160000002 12.554270400000027 3.829497000000008
v 10.210251800000021 12.575250800000026 3.7153284000000077
v 10.210251800000021 12.575250800000026 3.844671600000008
v 10.199999600000021 12.530000000000026 3.780000000000008
v 10.199999600000021 12.535328400000026 3.7532124000000078
v 10.199999600000021 12.535328400000026 3.806787600000008
v 10.199999600000021 12.550503000000026 3.7305030000000077
v 10.199999600000021 12.550503000000026 3.829497000000008
v 10.199999600000021 12.573212400000026 3.7153284000000077
v 10.199999600000021 12.573212400000026 3.844671600000008
v 10.17321200000002 12.535328400000026 3.780000000000008
v 10.175251800000021 12.540250800000026 3.7532124000000078
v 10.175251800000021 12.540250800000026 3.806787600000008
v 10.18105760000002 12.554270400000027 3.7305030000000077
v 10.18105760000002 12.554270400000027 3.829497000000008
v 10.189748800000022 12.575250800000026 3.7153284000000077
v 10.189748800000022 12.575250800000026 3.844671600000008
v 10.15050260000002 12.550503000000026 3.780000000000008
v 10.154270000000022 12.554270400000027 3.7532124000000078
v 10.154270000000022 12.554270400000027 3.806787600000008
v 10.164999600000021 12.565000000000026 3.7305030000000077
v 10.164999600000021 12.565000000000026 3.829497000000008
v 10.18105760000002 12.581058000000025 3.7153284000000077
v 10.18105760000002 12.581058000000025 3.844671600000008
v 10.13532800000002 12.573212400000026 3.780000000000008
v 10.140251800000021 12.575250800000026 3.7532124000000078
v 10.140251800000021 12.575250800000026 3.806787600000008
v 10.154270000000022 12.581058000000025 3.7305030000000077
v 10.154270000000022 12.581058000000025 3.829497000000008
v 10.175251800000021 12.589749200000027 3.7153284000000077
v 10.175251800000021 12.589749200000027 3.844671600000008
v 10.129999600000021 12.600000000000026 3.780000000000008
v 10.13532800000002 12.600000000000026 3.7532124000000078
v 10.13532800000002 12.600000000000026 3.806787600000008
v 10.15050260000002 12.600000000000026 3.7305030000000077
v 10.15050260000002 12.600000000000026 3.829497000000008
v 10.17321200000002 12.600000000000026 3.7153284000000077
v 10.17321200000002 12.600000000000026 3.844671600000008
v 10.13532800000002 12.626787600000027 3.780000000000008
v 10.140251800000021 12.624749200000027 3.7532124000000078
v 10.140251800000021 12.624749200000027 3.806787600000008
v 10.154270000000022 12.618942000000025 3.7305030000000077
v 10.154270000000022 12.618942000000025 3.829497000000008
v 10.175251800000021 12.610250800000026 3.7153284000000077
v 10.175251800000021 12.610250800000026 3.844671600000008
v 10.15050260000002 12.649497000000027 3.780000000000008
v 10.154270000000022 12.645729600000026 3.7532124000000078
v 10.154270000000022 12.645729600000026 3.806787600000008
v 10.164999600000021 12.635000000000026 3.7305030000000077
v 10.164999600000021 12.635000000000026 3.829497000000008
v 10.18105760000002 12.618942000000025 3.7153284000000077
v 10.18105760000002 12.618942000000025 3.844671600000008
v 10.17321200000002 12.664671600000027 3.780000000000008
v 10.175251800000021 12.659749200000027 3.7532124000000078
v 10.175251800000021 12.659749200000027 3.806787600000008
v 10.18105760000002 12.645729600000026 3.7305030000000077
v 10.18105760000002 12.645729600000026 3.829497000000008
v 10.189748800000022 12.624749200000027 3.7153284000000077
v 10.189748800000022 12.624749200000027 3.844671600000008
v 10.199999600000021 12.670000000000027 3.780000000000008
v 10.199999600000021 12.664671600000027 3.7532124000000078
v 10.199999600000021 12.664671600000027 3.806787600000008
v 10.199999600000021 12.649497000000027 3.7305030000000077
v 10.199999600000021 12.649497000000027 3.829497000000008
v 10.199999600000021 12.626787600000027 3.7153284000000077
v 10.199999600000021 12.626787600000027 3.844671600000008
v 10.226787200000022 12.664671600000027 3.780000000000008
v 10.224748800000022 12.659749200000027 3.7532124000000078
v 10.224748800000022 12.659749200000027 3.806787600000008
v 10.21894160000002 12.645729600000026 3.7305030000000077
v 10.21894160000002 12.645729600000026 3.829497000000008
v 10.210251800000021 12.624749200000027 3.7153284000000077
v 10.210251800000021 12.624749200000027 3.844671600000008
v 10.24949800000002 12.649497000000027 3.780000000000008
v 10.24572920000002 12.645729600000026 3.7532124000000078
v 10.24572920000002 12.645729600000026 3.806787600000008
v 10.234999600000021 12.635000000000026 3.7305030000000077
v 10.234999600000021 12.635000000000026 3.829497000000008
v 10.21894160000002 12.618942000000025 3.7153284000000077
v 10.21894160000002 12.618942000000025 3.844671600000008
v 10.264671200000022 12.626787600000027 3.780000000000008
v 10.259748800000022 12.624749200000027 3.7532124000000078
v 10.259748800000022 12.624749200000027 3.806787600000008
v 10.24572920000002 12.618942000000025 3.7305030000000077
v 10.24572920000002 12.618942000000025 3.829497000000008
v 10.224748800000022 12.610250800000026 3.7153284000000077
v 10.224748800000022 12.610250800000026 3.844671600000008

usemtl sandybrown
f 3665 3666 3667
f 3665 3667 3668
f 3669 3670 3666
f 3669 3666 3665
f 3668 3667 3671
f 3668 3671 3672
f 3673 3674 3670
f 3673 3670 3669
f 3672 3671 3675
f 3672 3675 3676
f 3677 3678 3674
f 3677 3674 3673
f 3676 3675 3679
f 3680 3678 3677
f 3666 3681 3682
f 3666 3682 3667
f 3670 3683 3681
f 3670 3681 3666
f 3667 3682 3684
f 3667 3684 3671
f 3674 3685 3683
f 3674 3683 3670
f 3671 3684 3686
f 3671 3686 3675
f 3678 3687 3685
f 3678 3685 3674
f 3675 3686 3679
f 3680 3687 3678
f 3681 3688 3689
f 3681 3689 3682
f 3683 3690 3688
f 3683 3688 3681
f 3682 3689 3691
f 3682 3691 3684
f 3685 3692 3690
f 3685 3690 3683
f 3684 3691 3693
f 3684 3693 3686
f 3687 3694 3692
f 3687 3692 3685
f 3686 3693 3679
f 3680 3694 3687
f 3688 3695 3696
f 3688 3696 3689
f 3690 3697 3695
f 3690 3695 3688
f 3689 3696 3698
f 3689 3698 3691
f 3692 3699 3697
f 3692 3697 3690
f 3691 3698 3700
f 3691 3700 3693
f 3694 3701 3699
f 3694 3699 3692
f 3693 3700 3679
f 3680 3701 3694
f 3695 3702 3703
f 3695 3703 3696
f 3697 3704 3702
f 3697 3702 3695
f 3696 3703 3705
f 3696 3705 3698
f 3699 3706 3704
f 3699 3704 3697
f 3698 3705 3707
f 3698 3707 3700
f 3701 3708 3706
f 3701 3706 3699
f 3700 3707 3679
f 3680 3708 3701
f 3702 3709 3710
f 3702 3710 3703
f 3704 3711 3709
f 3704 3709 3702
f 3703 3710 3712
f 3703 3712 3705
f 3706 3713 3711
f 3706 3711 3704
f 3705 3712 3714
f 3705 3714 3707
f 3708 3715 3713
f 3708 3713 3706
f 3707 3714 3679
f 3680 3715 3708
f 3709 3716 3717
f 3709 3717 3710
f 3711 3718 3716
f 3711 3716 3709
f 3710 3717 3719
f 3710 3719 3712
f 3713 3720 3718
f 3713 3718 3711
f 3712 3719 3721
f 3712 3721 3714
f 3715 3722 3720
f 3715 3720 3713
f 3714 3721 3679
f 3680 3722 3715
f 3716 3723 3724
f 3716 3724 3717
f 3718 3725 3723
f 3718 3723 3716
f 3717 3724 3726
f 3717 3726 3719
f 3720 3727 3725
f 3720 3725 3718
f 3719 3726 3728
f 3719 3728 3721
f 3722 3729 3727
f 3722 3727 3720
f 3721 3728 3679
f 3680 3729 3722
f 3723 3730 3731
f 3723 3731 3724
f 3725 3732 3730
f 3725 3730 3723
f 3724 3731 3733
f 3724 3733 3726
f 3727 3734 3732
f 3727 3732 3725
f 3726 3733 3735
f 3726 3735 3728
f 3729 3736 3734
f 3729 3734 3727
f 3728 3735 3679
f 3680 3736 3729
f 3730 3737 3738
f 3730 3738 3731
f 3732 3739 3737
f 3732 3737 3730
f 3731 3738 3740
f 3731 3740 3733
f 3734 3741 3739
f 3734 3739 3732
f 3733 3740 3742
f 3733 3742 3735
f 3736 3743 3741
f 3736 3741 3734
f 3735 3742 3679
f 3680 3743 3736
f 3737 3744 3745
f 3737 3745 3738
f 3739 3746 3744
f 3739 3744 3737
f 3738 3745 3747
f 3738 3747 3740
f 3741 3748 3746
f 3741 3746 3739
f 3740 3747 3749
f 3740 3749 3742
f 3743 3750 3748
f 3743 3748 3741
f 3742 3749 3679
f 3680 3750 3743
f 3744 3751 3752
f 3744 3752 3745
f 3746 3753 3751
f 3746 3751 3744
f 3745 3752 3754
f 3745 3754 3747
f 3748 3755 3753
f 3748 3753 3746
f 3747 3754 3756
f 3747 3756 3749
f 3750 3757 3755
f 3750 3755 3748
f 3749 3756 3679
f 3680 3757 3750
f 3751 3758 3759
f 3751 3759 3752
f 3753 3760 3758
f 3753 3758 3751
f 3752 3759 3761
f 3752 3761 3754
f 3755 3762 3760
f 3755 3760 3753
f 3754 3761 3763
f 3754 3763 3756
f 3757 3764 3762
f 3757 3762 3755
f 3756 3763 3679
f 3680 3764 3757
f 3758 3765 3766
f 3758 3766 3759
f 3760 3767 3765
f 3760 3765 3758
f 3759 3766 3768
f 3759 3768 3761
f 3762 3769 3767
f 3762 3767 3760
f 3761 3768 3770
f 3761 3770 3763
f 3764 3771 3769
f 3764 3769 3762
f 3763 3770 3679
f 3680 3771 3764
f 3765 3772 3773
f 3765 3773 3766
f 3767 3774 3772
f 3767 3772 3765
f 3766 3773 3775
f 3766 3775 3768
f 3769 3776 3774
f 3769 3774 3767
f 3768 3775 3777
f 3768 3777 3770
f 3771 3778 3776
f 3771 3776 3769
f 3770 3777 3679
f 3680 3778 3771
f 3772 3665 3668
f 3772 3668 3773
f 3774 3669 3665
f 3774 3665 3772
f 3773 3668 3672
f 3773 3672 3775
f 3776 3673 3669
f 3776 3669 3774
f 3775 3672 3676
f 3775 3676 3777
f 3778 3677 3673
f 3778 3673 3776
f 3777 3676 3679
f 3680 3677 3778

v 13.619999999999978 12.509999999999978 3.6899999999999937
v 13.619999999999978 12.509999999999978 3.9699999999999935
v 13.619999999999978 12.569999999999979 3.9699999999999935
v 13.619999999999978 12.569999999999979 3.6899999999999937
v 13.779999999999978 12.509999999999978 3.6899999999999937
v 13.779999999999978 12.569999999999979 3.6899999999999937
v 13.779999999999978 12.569999999999979 3.9699999999999935
v 13.779999999999978 12.509999999999978 3.9699999999999935

usemtl black
f 3779 3780 3781
f 3779 3781 3782
f 3783 3784 3785
f 3783 3785 3786
f 3779 3783 3786
f 3779 3786 3780
f 3782 3781 3785
f 3782 3785 3784
f 3779 3782 3784
f 3779 3784 3783
f 3780 3786 3785
f 3780 3785 3781

v 13.769999600000029 12.600000000000026 3.780000000000008
v 13.764671200000029 12.573212400000026 3.780000000000008
v 13.759748800000029 12.575250800000026 3.7532124000000078
v 13.764671200000029 12.600000000000026 3.7532124000000078
v 13.764671200000029 12.600000000000026 3.806787600000008
v 13.759748800000029 12.575250800000026 3.806787600000008
v 13.745729200000028 12.581058000000025 3.7305030000000077
v 13.74949800000003 12.600000000000026 3.7305030000000077
v 13.74949800000003 12.600000000000026 3.829497000000008
v 13.745729200000028 12.581058000000025 3.829497000000008
v 13.724748800000029 12.589749200000027 3.7153284000000077
v 13.726787200000029 12.600000000000026 3.7153284000000077
v 13.726787200000029 12.600000000000026 3.844671600000008
v 13.724748800000029 12.589749200000027 3.844671600000008
v 13.699999600000028 12.600000000000026 3.7100000000000075
v 13.699999600000028 12.600000000000026 3.850000000000008
v 13.74949800000003 12.550503000000026 3.780000000000008
v 13.745729200000028 12.554270400000027 3.7532124000000078
v 13.745729200000028 12.554270400000027 3.806787600000008
v 13.734999600000029 12.565000000000026 3.7305030000000077
v 13.734999600000029 12.565000000000026 3.829497000000008
v 13.71894160000003 12.581058000000025 3.7153284000000077
v 13.71894160000003 12.581058000000025 3.844671600000008
v 13.726787200000029 12.535328400000026 3.780000000000008
v 13.724748800000029 12.540250800000026 3.7532124000000078
v 13.724748800000029 12.540250800000026 3.806787600000008
v 13.71894160000003 12.554270400000027 3.7305030000000077
v 13.71894160000003 12.554270400000027 3.829497000000008
v 13.710251800000028 12.575250800000026 3.7153284000000077
v 13.710251800000028 12.575250800000026 3.844671600000008
v 13.699999600000028 12.530000000000026 3.780000000000008
v 13.699999600000028 12.535328400000026 3.7532124000000078
v 13.699999600000028 12.535328400000026 3.806787600000008
v 13.699999600000028 12.550503000000026 3.7305030000000077
v 13.699999600000028 12.550503000000026 3.829497000000008
v 13.699999600000028 12.573212400000026 3.7153284000000077
v 13.699999600000028 12.573212400000026 3.844671600000008
v 13.673212000000028 12.535328400000026 3.780000000000008
v 13.675251800000028 12.540250800000026 3.7532124000000078
v 13.675251800000028 12.540250800000026 3.806787600000008
v 13.68105760000003 12.554270400000027 3.7305030000000077
v 13.68105760000003 12.554270400000027 3.829497000000008
v 13.689748800000029 12.575250800000026 3.7153284000000077
v 13.689748800000029 12.575250800000026 3.844671600000008
v 13.650502600000028 12.550503000000026 3.780000000000008
v 13.654270000000029 12.554270400000027 3.7532124000000078
v 13.654270000000029 12.554270400000027 3.806787600000008
v 13.664999600000028 12.565000000000026 3.7305030000000077
v 13.664999600000028 12.565000000000026 3.829497000000008
v 13.68105760000003 12.581058000000025 3.7153284000000077
v 13.68105760000003 12.581058000000025 3.844671600000008
v 13.635328000000028 12.573212400000026 3.780000000000008
v 13.640251800000028 12.575250800000026 3.7532124000000078
v 13.640251800000028 12.575250800000026 3.806787600000008
v 13.654270000000029 12.581058000000025 3.7305030000000077
v 13.654270000000029 12.581058000000025 3.829497000000008
v 13.675251800000028 12.589749200000027 3.7153284000000077
v 13.675251800000028 12.589749200000027 3.844671600000008
v 13.629999600000028 12.600000000000026 3.780000000000008
v 13.635328000000028 12.600000000000026 3.7532124000000078
v 13.635328000000028 12.600000000000026 3.806787600000008
v 13.650502600000028 12.600000000000026 3.7305030000000077
v 13.650502600000028 12.600000000000026 3.829497000000008
v 13.673212000000028 12.600000000000026 3.7153284000000077
v 13.673212000000028 12.600000000000026 3.844671600000008
v 13.635328000000028 12.626787600000027 3.780000000000008
v 13.640251800000028 12.624749200000027 3.7532124000000078
v 13.640251800000028 12.624749200000027 3.806787600000008
v 13.654270000000029 12.618942000000025 3.7305030000000077
v 13.654270000000029 12.618942000000025 3.829497000000008
v 13.675251800000028 12.610250800000026 3.7153284000000077
v 13.675251800000028 12.610250800000026 3.844671600000008
v 13.650502600000028 12.649497000000027 3.780000000000008
v 13.654270000000029 12.645729600000026 3.7532124000000078
v 13.654270000000029 12.645729600000026 3.806787600000008
v 13.664999600000028 12.635000000000026 3.7305030000000077
v 13.664999600000028 12.635000000000026 3.829497000000008
v 13.68105760000003 12.618942000000025 3.7153284000000077
v 13.68105760000003 12.618942000000025 3.844671600000008
v 13.673212000000028 12.664671600000027 3.780000000000008
v 13.675251800000028 12.659749200000027 3.7532124000000078
v 13.675251800000028 12.659749200000027 3.806787600000008
v 13.68105760000003 12.645729600000026 3.7305030000000077
v 13.68105760000003 12.645729600000026 3.829497000000008
v 13.689748800000029 12.624749200000027 3.7153284000000077
v 13.689748800000029 12.624749200000027 3.844671600000008
v 13.699999600000028 12.670000000000027 3.780000000000008
v 13.699999600000028 12.664671600000027 3.7532124000000078
v 13.699999600000028 12.664671600000027 3.806787600000008
v 13.699999600000028 12.649497000000027 3.7305030000000077
v 13.699999600000028 12.649497000000027 3.829497000000008
v 13.699999600000028 12.626787600000027 3.7153284000000077
v 13.699999600000028 12.626787600000027 3.844671600000008
v 13.726787200000029 12.664671600000027 3.780000000000008
v 13.724748800000029 12.659749200000027 3.7532124000000078
v 13.724748800000029 12.659749200000027 3.806787600000008
v 13.71894160000003 12.645729600000026 3.7305030000000077
v 13.71894160000003 12.645729600000026 3.829497000000008
v 13.710251800000028 12.624749200000027 3.7153284000000077
v 13.710251800000028 12.624749200000027 3.844671600000008
v 13.74949800000003 12.649497000000027 3.780000000000008
v 13.745729200000028 12.645729600000026 3.7532124000000078
v 13.745729200000028 12.645729600000026 3.806787600000008
v 13.734999600000029 12.635000000000026 3.7305030000000077
v 13.734999600000029 12.635000000000026 3.829497000000008
v 13.71894160000003 12.618942000000025 3.7153284000000077
v 13.71894160000003 12.618942000000025 3.844671600000008
v 13.764671200000029 12.626787600000027 3.780000000000008
v 13.759748800000029 12.624749200000027 3.7532124000000078
v 13.759748800000029 12.624749200000027 3.806787600000008
v 13.745729200000028 12.618942000000025 3.7305030000000077
v 13.745729200000028 12.618942000000025 3.829497000000008
v 13.724748800000029 12.610250800000026 3.7153284000000077
v 13.724748800000029 12.610250800000026 3.844671600000008

usemtl sandybrown
f 3787 3788 3789
f 3787 3789 3790
f 3791 3792 3788
f 3791 3788 3787
f 3790 3789 3793
f 3790 3793 3794
f 3795 3796 3792
f 3795 3792 3791
f 3794 3793 3797
f 3794 3797 3798
f 3799 3800 3796
f 3799 3796 3795
f 3798 3797 3801
f 3802 3800 3799
f 3788 3803 3804
f 3788 3804 3789
f 3792 3805 3803
f 3792 3803 3788
f 3789 3804 3806
f 3789 3806 3793
f 3796 3807 3805
f 3796 3805 3792
f 3793 3806 3808
f 3793 3808 3797
f 3800 3809 3807
f 3800 3807 3796
f 3797 3808 3801
f 3802 3809 3800
f 3803 3810 3811
f 3803 3811 3804
f 3805 3812 3810
f 3805 3810 3803
f 3804 3811 3813
f 3804 3813 3806
f 3807 3814 3812
f 3807 3812 3805
f 3806 3813 3815
f 3806 3815 3808
f 3809 3816 3814
f 3809 3814 3807
f 3808 3815 3801
f 3802 3816 3809
f 3810 3817 3818
f 3810 3818 3811
f 3812 3819 3817
f 3812 3817 3810
f 3811 3818 3820
f 3811 3820 3813
f 3814 3821 3819
f 3814 3819 3812
f 3813 3820 3822
f 3813 3822 3815
f 3816 3823 3821
f 3816 3821 3814
f 3815 3822 3801
f 3802 3823 3816
f 3817 3824 3825
f 3817 3825 3818
f 3819 3826 3824
f 3819 3824 3817
f 3818 3825 3827
f 3818 3827 3820
f 3821 3828 3826
f 3821 3826 3819
f 3820 3827 3829
f 3820 3829 3822
f 3823 3830 3828
f 3823 3828 3821
f 3822 3829 3801
f 3802 3830 3823
f 3824 3831 3832
f 3824 3832 3825
f 3826 3833 3831
f 3826 3831 3824
f 3825 3832 3834
f 3825 3834 3827
f 3828 3835 3833
f 3828 3833 3826
f 3827 3834 3836
f 3827 3836 3829
f 3830 3837 3835
f 3830 3835 3828
f 3829 3836 3801
f 3802 3837 3830
f 3831 3838 3839
f 3831 3839 3832
f 3833 3840 3838
f 3833 3838 3831
f 3832 3839 3841
f 3832 3841 3834
f 3835 3842 3840
f 3835 3840 3833
f 3834 3841 3843
f 3834 3843 3836
f 3837 3844 3842
f 3837 3842 3835
f 3836 3843 3801
f 3802 3844 3837
f 3838 3845 3846
f 3838 3846 3839
f 3840 3847 3845
f 3840 3845 3838
f 3839 3846 3848
f 3839 3848 3841
f 3842 3849 3847
f 3842 3847 3840
f 3841 3848 3850
f 3841 3850 3843
f 3844 3851 3849
f 3844 3849 3842
f 3843 3850 3801
f 3802 3851 3844
f 3845 3852 3853
f 3845 3853 3846
f 3847 3854 3852
f 3847 3852 3845
f 3846 3853 3855
f 3846 3855 3848
f 3849 3856 3854
f 3849 3854 3847
f 3848 3855 3857
f 3848 3857 3850
f 3851 3858 3856
f 3851 3856 3849
f 3850 3857 3801
f 3802 3858 3851
f 3852 3859 3860
f 3852 3860 3853
f 3854 3861 3859
f 3854 3859 3852
f 3853 3860 3862
f 3853 3862 3855
f 3856 3863 3861
f 3856 3861 3854
f 3855 3862 3864
f 3855 3864 3857
f 3858 3865 3863
f 3858 3863 3856
f 3857 3864 3801
f 3802 3865 3858
f 3859 3866 3867
f 3859 3867 3860
f 3861 3868 3866
f 3861 3866 3859
f 3860 3867 3869
f 3860 3869 3862
f 3863 3870 3868
f 3863 3868 3861
f 3862 3869 3871
f 3862 3871 3864
f 3865 3872 3870
f 3865 3870 3863
f 3864 3871 3801
f 3802 3872 3865
f 3866 3873 3874
f 3866 3874 3867
f 3868 3875 3873
f 3868 3873 3866
f 3867 3874 3876
f 3867 3876 3869
f 3870 3877 3875
f 3870 3875 3868
f 3869 3876 3878
f 3869 3878 3871
f 3872 3879 3877
f 3872 3877 3870
f 3871 3878 3801
f 3802 3879 3872
f 3873 3880 3881
f 3873 3881 3874
f 3875 3882 3880
f 3875 3880 3873
f 3874 3881 3883
f 3874 3883 3876
f 3877 3884 3882
f 3877 3882 3875
f 3876 3883 3885
f 3876 3885 3878
f 3879 3886 3884
f 3879 3884 3877
f 3878 3885 3801
f 3802 3886 3879
f 3880 3887 3888
f 3880 3888 3881
f 3882 3889 3887
f 3882 3887 3880
f 3881 3888 3890
f 3881 3890 3883
f 3884 3891 3889
f 3884 3889 3882
f 3883 3890 3892
f 3883 3892 3885
f 3886 3893 3891
f 3886 3891 3884
f 3885 3892 3801
f 3802 3893 3886
f 3887 3894 3895
f 3887 3895 3888
f 3889 3896 3894
f 3889 3894 3887
f 3888 3895 3897
f 3888 3897 3890
f 3891 3898 3896
f 3891 3896 3889
f 3890 3897 3899
f 3890 3899 3892
f 3893 3900 3898
f 3893 3898 3891
f 3892 3899 3801
f 3802 3900 3893
f 3894 3787 3790
f 3894 3790 3895
f 3896 3791 3787
f 3896 3787 3894
f 3895 3790 3794
f 3895 3794 3897
f 3898 3795 3791
f 3898 3791 3896
f 3897 3794 3798
f 3897 3798 3899
f 3900 3799 3795
f 3900 3795 3898
f 3899 3798 3801
f 3802 3799 3900

v -2.4000272 -2.4000272 4.1600014666666665
v -2.4000272 -2.4000272 4.3800267999999996
v -2.4000272 0 4.3800267999999996
v -2.4000272 0 4.1600014666666665
v 17.8199964 -2.4000272 4.1600014666666665
v 17.8199964 0 4.1600014666666665
v 17.8199964 0 4.3800267999999996
v 17.8199964 -2.4000272 4.3800267999999996

usemtl dimgray
f 3901 3902 3903
f 3901 3903 3904
f 3905 3906 3907
f 3905 3907 3908
f 3901 3905 3908
f 3901 3908 3902
f 3904 3903 3907
f 3904 3907 3906
f 3901 3904 3906
f 3901 3906 3905
f 3902 3908 3907
f 3902 3907 3903

v -2.4000272 12.3799652 -0.1400092
v -2.4000272 12.3799652 0.08001613333333334
v -2.4000272 14.7799924 0.08001613333333334
v -2.4000272 14.7799924 -0.1400092
v 17.8199964 12.3799652 -0.1400092
v 17.8199964 14.7799924 -0.1400092
v 17.8199964 14.7799924 0.08001613333333334
v 17.8199964 12.3799652 0.08001613333333334

f 3909 3910 3911
f 3909 3911 3912
f 3913 3914 3915
f 3913 3915 3916
f 3909 3913 3916
f 3909 3916 3910
f 3912 3911 3915
f 3912 3915 3914
f 3909 3912 3914
f 3909 3914 3913
f 3910 3916 3915
f 3910 3915 3911

v -4.3999648 -2.049996666666667 1.6699657333333335
v -1.2000296000000001 -2.049996666666667 1.6699657333333335
v -1.2000296000000001 14.580021866666668 0.09996653333333334
v -4.3999648 14.580021866666668 0.09996653333333334
v -4.3999648 -2.049996666666667 1.5099905333333334
v -4.3999648 14.580021866666668 -0.060008666666666675
v -1.2000296000000001 14.580021866666668 -0.060008666666666675
v -1.2000296000000001 -2.049996666666667 1.5099905333333334

f 3917 3918 3919
f 3917 3919 3920
f 3921 3922 3923
f 3921 3923 3924
f 3917 3921 3924
f 3917 3924 3918
f 3918 3924 3923
f 3918 3923 3919
f 3919 3923 3922
f 3919 3922 3920
f 3920 3922 3921
f 3920 3921 3917

v -1.4299948000000007 10.905002000000005 -0.0800006666666667
v -1.4299948000000007 10.905002000000005 0.0800006666666667
v -1.4299948000000007 12.455003066666672 0.0800006666666667
v -1.4299948000000007 12.455003066666672 -0.0800006666666667
v 0.020002800000000008 10.905002000000005 -0.0800006666666667
v 0.020002800000000008 12.455003066666672 -0.0800006666666667
v 0.020002800000000008 12.455003066666672 0.0800006666666667
v 0.020002800000000008 10.905002000000005 0.0800006666666667

f 3925 3926 3927
f 3925 3927 3928
f 3929 3930 3931
f 3929 3931 3932
f 3925 3929 3932
f 3925 3932 3926
f 3928 3927 3931
f 3928 3931 3930
f 3925 3928 3930
f 3925 3930 3929
f 3926 3932 3931
f 3926 3931 3927
